ts,kind,action,strike,expiry,contracts,price_per_share,spot,iv,delta,slippage,commission,pnl,leaps_id,short_id,reason,cash_after
2021-01-04 00:00:00,SMH_SPREAD,SELL_TO_OPEN,103.0,2021-01-18,2,0.782174,106.1761703491211,0.24841,0.25,0.0,2.6,0.0,,,SMH_ENTRY,24997.4
2021-01-05 00:00:00,SMH_SPREAD,CLOSE,103.0,2021-01-18,2,0.288997,108.03424072265625,0.228689,,0.0,2.6,93.435359,,,SMH_PROFIT_TAKE,25090.83535914974
2021-01-05 00:00:00,SMH_SPREAD,SELL_TO_OPEN,105.0,2021-01-19,2,0.684043,108.03424072265625,0.223877,0.25,0.0,2.6,0.0,,,SMH_ENTRY,25088.23535914974
2021-01-07 00:00:00,SMH_SPREAD,CLOSE,105.0,2021-01-19,2,0.318517,112.1481704711914,0.302899,,0.0,2.6,67.905138,,,SMH_PROFIT_TAKE,25156.14049709904
2021-01-07 00:00:00,SMH_SPREAD,SELL_TO_OPEN,108.0,2021-01-21,2,0.932708,112.1481704711914,0.293866,0.25,0.0,2.6,0.0,,,SMH_ENTRY,25153.540497099042
2021-01-11 00:00:00,SMH_SPREAD,CLOSE,108.0,2021-01-21,2,0.266242,113.4192123413086,0.254084,,0.0,2.6,128.093185,,,SMH_PROFIT_TAKE,25281.633682544852
2021-01-11 00:00:00,SMH_SPREAD,SELL_TO_OPEN,110.0,2021-01-25,2,0.832734,113.4192123413086,0.248999,0.25,0.0,2.6,0.0,,,SMH_ENTRY,25279.033682544854
2021-01-14 00:00:00,SMH_SPREAD,CLOSE,110.0,2021-01-25,2,0.283062,116.1505126953125,0.264151,,0.0,2.6,104.734224,,,SMH_PROFIT_TAKE,25383.767906154633
2021-01-14 00:00:00,SMH_SPREAD,SELL_TO_OPEN,112.5,2021-01-28,2,0.876446,116.1505126953125,0.257736,0.25,0.0,2.6,0.0,,,SMH_ENTRY,25381.167906154635
2021-01-21 00:00:00,SMH_SPREAD,CLOSE,112.5,2021-01-28,2,0.22809,119.12438201904297,0.319555,,0.0,2.6,124.471247,,,SMH_PROFIT_TAKE,25505.639153074826
2021-01-21 00:00:00,SMH_SPREAD,SELL_TO_OPEN,114.5,2021-02-04,2,1.076907,119.12438201904297,0.31352,0.25,0.0,2.6,0.0,,,SMH_ENTRY,25503.039153074827
2021-01-27 00:00:00,SMH_SPREAD,CLOSE,114.5,2021-02-04,2,5.681668,109.6836929321289,0.406881,,0.0,2.6,-926.152234,,,SMH_GAP_SLIP,24576.886918598553
2021-02-25 15:00:00-05:00,LEAPS,BUY_TO_OPEN,239.46733148193363,2022-08-19 01:00:00-04:00,1,91.87301207763983,312.74,0.3495689926147462,0.7999918345179335,0.0,1.0,0.0,L0001,,ENTRY_BULL_MODERATE,15388.58571083457
2021-02-25 15:00:00-05:00,SHORT_CALL,SELL_TO_OPEN,337.2343717346191,2021-03-29 01:00:00-04:00,1,3.8254932598532037,312.74,0.3235679931640626,0.23,0.0,1.0,0.0,L0001,S0002,PMCC_OPEN_BULL_MODERATE,15770.135036819891
2021-03-01 00:00:00,SMH_SPREAD,SELL_TO_OPEN,112.5,2021-03-15,2,2.066857,120.40998077392578,0.564426,0.25,0.0,2.6,0.0,,,SMH_ENTRY,15767.53503681989
2021-03-02 15:00:00-05:00,SHORT_CALL,BUY_TO_CLOSE,337.2343717346191,2021-03-29 01:00:00-04:00,1,2.974024210580339,318.37,0.269920004272461,0.22751480422011844,0.0,1.0,84.14690492728647,L0001,S0002,PMCC_PROFIT_EARLY,15469.132615761857
2021-03-02 15:00:00-05:00,SHORT_CALL,SELL_TO_OPEN,338.8272739715576,2021-04-03 01:00:00-04:00,1,3.2732060697708363,318.37,0.269920004272461,0.23,0.0,1.0,0.0,L0001,S0003,PMCC_OPEN_BULL_MODERATE,15795.45322273894
2021-03-03 15:00:00-05:00,SHORT_CALL,BUY_TO_CLOSE,338.8272739715576,2021-04-03 01:00:00-04:00,1,2.12309790720947,309.17,0.29870400085449217,0.1566369971136674,0.0,1.0,114.01081625613665,L0001,S0003,PMCC_PROFIT_EARLY,15582.143432017994
2021-03-03 15:00:00-05:00,LEAPS,BUY_TO_OPEN,240.10681134033203,2022-08-25 01:00:00-04:00,1,85.75057801936791,309.17,0.32270700092315674,0.8000065847733706,0.0,1.0,0.0,L0004,,ENTRY_BULL_MODERATE,1006.0856300812029
2021-03-03 15:00:00-05:00,SHORT_CALL,SELL_TO_OPEN,331.3518483085632,2021-04-04 01:00:00-04:00,1,3.5034541567504647,309.17,0.29870400085449217,0.23,0.0,1.0,0.0,L0001,S0005,PMCC_OPEN_BULL_MODERATE,7355.43104575625
2021-03-03 15:00:00-05:00,SHORT_CALL,SELL_TO_OPEN,331.3518483085632,2021-04-04 01:00:00-04:00,1,3.5034541567504647,309.17,0.29870400085449217,0.23,0.0,1.0,0.0,L0004,S0006,PMCC_OPEN_BULL_MODERATE,7704.776461431296
2021-03-04 00:00:00,SMH_SPREAD,CLOSE,112.5,2021-03-15,2,7.057889,107.54425048828125,0.55518,,0.0,2.6,-1003.406251,,,SMH_GAP_SLIP,6701.370210564044
2021-03-04 15:00:00-05:00,SHORT_CALL,BUY_TO_CLOSE,331.3518483085632,2021-04-04 01:00:00-04:00,1,2.8612166402051784,304.09,0.31998399658203125,0.1911112478401279,0.0,1.0,63.2237516545286,L0001,S0005,PMCC_PROFIT_EARLY,6414.248546543527
2021-03-04 15:00:00-05:00,SHORT_CALL,BUY_TO_CLOSE,331.3518483085632,2021-04-04 01:00:00-04:00,1,2.8612166402051784,304.09,0.31998399658203125,0.1911112478401279,0.0,1.0,63.2237516545286,L0004,S0006,PMCC_PROFIT_EARLY,6127.126882523009
2021-03-04 15:00:00-05:00,SHORT_CALL,SELL_TO_OPEN,327.61468098831165,2021-04-05 01:00:00-04:00,1,3.6804625238987114,304.09,0.31998399658203125,0.23,0.0,1.0,0.0,L0001,S0007,PMCC_OPEN_BULL_MODERATE,6494.17313491288
2021-03-04 15:00:00-05:00,SHORT_CALL,SELL_TO_OPEN,327.61468098831165,2021-04-05 01:00:00-04:00,1,3.6804625238987114,304.09,0.31998399658203125,0.23,0.0,1.0,0.0,L0004,S0008,PMCC_OPEN_BULL_MODERATE,6861.219387302752
2021-03-05 10:00:00-05:00,SHORT_CALL,BUY_TO_CLOSE,327.61468098831165,2021-04-05 01:00:00-04:00,1,1.8861134864265878,300.89,0.27619199829101565,0.15466167046042556,0.0,1.0,178.43490374721236,L0001,S0007,PMCC_PROFIT_EARLY,6671.608038660093
2021-03-05 10:00:00-05:00,SHORT_CALL,BUY_TO_CLOSE,327.61468098831165,2021-04-05 01:00:00-04:00,1,1.8861134864265878,300.89,0.27619199829101565,0.15466167046042556,0.0,1.0,178.43490374721236,L0004,S0008,PMCC_PROFIT_EARLY,6481.996690017435
2021-03-05 15:00:00-05:00,SHORT_CALL,SELL_TO_OPEN,329.1186020812987,2021-04-06 01:00:00-04:00,1,3.2457276800036112,308.78,0.27619199829101565,0.23,0.0,1.0,0.0,L0001,S0009,PMCC_OPEN_BULL_MODERATE,6805.569458017796
2021-03-05 15:00:00-05:00,SHORT_CALL,SELL_TO_OPEN,329.1186020812987,2021-04-06 01:00:00-04:00,1,3.2457276800036112,308.78,0.27619199829101565,0.23,0.0,1.0,0.0,L0004,S0010,PMCC_OPEN_BULL_MODERATE,7129.142226018157
2021-03-08 15:00:00-05:00,SHORT_CALL,BUY_TO_CLOSE,329.1186020812987,2021-04-06 01:00:00-04:00,1,1.552179868258257,299.92,0.28526399230957034,0.13246013104414966,0.0,1.0,168.35478117453542,L0001,S0009,PMCC_PROFIT_EARLY,6972.924239192332
2021-03-08 15:00:00-05:00,SHORT_CALL,BUY_TO_CLOSE,329.1186020812987,2021-04-06 01:00:00-04:00,1,1.552179868258257,299.92,0.28526399230957034,0.13246013104414966,0.0,1.0,168.35478117453542,L0004,S0010,PMCC_PROFIT_EARLY,6816.706252366506
2021-03-08 15:00:00-05:00,SHORT_CALL,SELL_TO_OPEN,320.3848171386718,2021-04-09 01:00:00-04:00,1,3.251734925035649,299.92,0.28526399230957034,0.23,0.0,1.0,0.0,L0001,S0011,PMCC_OPEN_BULL_MODERATE,7140.879744870072
2021-03-08 15:00:00-05:00,SHORT_CALL,SELL_TO_OPEN,320.3848171386718,2021-04-09 01:00:00-04:00,1,3.251734925035649,299.92,0.28526399230957034,0.23,0.0,1.0,0.0,L0004,S0012,PMCC_OPEN_BULL_MODERATE,7465.053237373637
2021-03-11 10:00:00-05:00,SHORT_CALL,BUY_TO_CLOSE,320.3848171386718,2021-04-09 01:00:00-04:00,1,7.458209008822649,317.55,0.24539199829101566,0.46271998779192414,0.0,1.0,-421.64740837870005,L0001,S0011,PMCC_STRIKE_GAP,6718.232336491372
2021-03-11 10:00:00-05:00,SHORT_CALL,BUY_TO_CLOSE,320.3848171386718,2021-04-09 01:00:00-04:00,1,7.458209008822649,317.55,0.24539199829101566,0.46271998779192414,0.0,1.0,-421.64740837870005,L0004,S0012,PMCC_STRIKE_GAP,5971.411435609107
2021-03-29 15:00:00-04:00,SHORT_CALL,SELL_TO_OPEN,333.09442749023424,2021-04-30 00:00:00-04:00,1,2.809435479815903,315.84,0.23228799743652345,0.23,0.0,1.0,0.0,L0001,S0013,PMCC_OPEN_BULL_MODERATE,6251.354983590697
2021-03-29 15:00:00-04:00,SHORT_CALL,SELL_TO_OPEN,333.09442749023424,2021-04-30 00:00:00-04:00,1,2.809435479815903,315.84,0.23228799743652345,0.23,0.0,1.0,0.0,L0004,S0014,PMCC_OPEN_BULL_MODERATE,6531.298531572287
2021-03-30 10:00:00-04:00,SHORT_CALL,BUY_TO_CLOSE,333.09442749023424,2021-04-30 00:00:00-04:00,1,1.9145439745777821,313.56,0.21963200683593748,0.18088006828103131,0.0,1.0,88.4891505238121,L0001,S0013,PMCC_PROFIT_EARLY,6338.844134114509
2021-03-30 10:00:00-04:00,SHORT_CALL,BUY_TO_CLOSE,333.09442749023424,2021-04-30 00:00:00-04:00,1,1.9145439745777821,313.56,0.21963200683593748,0.18088006828103131,0.0,1.0,88.4891505238121,L0004,S0014,PMCC_PROFIT_EARLY,6146.389736656731
2021-03-31 15:00:00-04:00,SHORT_CALL,SELL_TO_OPEN,335.2578813514709,2021-05-02 00:00:00-04:00,1,2.6601602644203552,319.03,0.21727999572753914,0.23,0.0,1.0,0.0,L0001,S0015,PMCC_OPEN_BULL_MODERATE,6411.405763098766
2021-03-31 15:00:00-04:00,SHORT_CALL,SELL_TO_OPEN,335.2578813514709,2021-05-02 00:00:00-04:00,1,2.6601602644203552,319.03,0.21727999572753914,0.23,0.0,1.0,0.0,L0004,S0016,PMCC_OPEN_BULL_MODERATE,6676.421789540802
2021-04-05 15:00:00-04:00,SHORT_CALL,BUY_TO_CLOSE,335.2578813514709,2021-05-02 00:00:00-04:00,1,5.353712826327467,331.08,0.20059199829101562,0.4198136704828563,0.0,1.0,-270.35525619071115,L0001,S0015,PMCC_STRIKE_GAP,6140.0505069080555
2021-04-05 15:00:00-04:00,SHORT_CALL,BUY_TO_CLOSE,335.2578813514709,2021-05-02 00:00:00-04:00,1,5.353712826327467,331.08,0.20059199829101562,0.4198136704828563,0.0,1.0,-270.35525619071115,L0004,S0016,PMCC_STRIKE_GAP,5603.679224275309
2021-04-05 00:00:00,SMH_SPREAD,SELL_TO_OPEN,115.0,2021-04-19,1,2.611511,124.75191497802734,0.684177,0.25,0.0,1.3,0.0,,,SMH_ENTRY,5602.379224275309
2021-04-06 15:00:00-04:00,SHORT_CALL,SELL_TO_OPEN,346.4257536849975,2021-05-08 00:00:00-04:00,1,2.5814968276679338,330.78,0.2029440093994141,0.23,0.0,1.0,0.0,L0001,S0017,PMCC_OPEN_BULL_MODERATE,5859.528907042102
2021-04-06 15:00:00-04:00,SHORT_CALL,SELL_TO_OPEN,346.4257536849975,2021-05-08 00:00:00-04:00,1,2.5814968276679338,330.78,0.2029440093994141,0.23,0.0,1.0,0.0,L0004,S0018,PMCC_OPEN_BULL_MODERATE,6116.678589808896
2021-04-08 00:00:00,SMH_SPREAD,CLOSE,115.0,2021-04-19,1,1.111172,124.52389526367188,0.523085,,0.0,1.3,147.433851,,,SMH_PROFIT_TAKE,6264.112440750307
2021-04-08 00:00:00,SMH_SPREAD,SELL_TO_OPEN,117.0,2021-04-22,2,1.917045,124.52389526367188,0.51178,0.25,0.0,2.6,0.0,,,SMH_ENTRY,6261.512440750306
2021-04-16 00:00:00,SMH_SPREAD,CLOSE,117.0,2021-04-22,2,0.68863,122.45240020751953,0.41773,,0.0,2.6,240.483095,,,SMH_PROFIT_TAKE,6501.995535623598
2021-04-16 00:00:00,SMH_SPREAD,SELL_TO_OPEN,116.5,2021-04-30,2,1.591219,122.45240020751953,0.420128,0.25,0.0,2.6,0.0,,,SMH_ENTRY,6499.395535623597
2021-04-19 10:00:00-04:00,SHORT_CALL,BUY_TO_CLOSE,346.4257536849975,2021-05-08 00:00:00-04:00,1,3.1798998741112996,339.43,0.19364801025390627,0.33015738608791956,0.0,1.0,-60.840304644336584,L0001,S0017,PMCC_GAMMA_MGMT,6180.405548212468
2021-04-19 10:00:00-04:00,SHORT_CALL,BUY_TO_CLOSE,346.4257536849975,2021-05-08 00:00:00-04:00,1,3.1798998741112996,339.43,0.19364801025390627,0.33015738608791956,0.0,1.0,-60.840304644336584,L0004,S0018,PMCC_GAMMA_MGMT,5861.415560801338
2021-04-26 00:00:00,SMH_SPREAD,CLOSE,116.5,2021-04-30,2,0.210827,122.96177673339844,0.391731,,0.0,2.6,270.878215,,,SMH_PROFIT_TAKE,6132.293775551596
2021-04-26 00:00:00,SMH_SPREAD,SELL_TO_OPEN,117.5,2021-05-10,2,1.488611,122.96177673339844,0.387301,0.25,0.0,2.6,0.0,,,SMH_ENTRY,6129.6937755515955
2021-05-04 00:00:00,SMH_SPREAD,CLOSE,117.5,2021-05-10,2,3.267866,115.07351684570312,0.313227,,0.0,2.6,-361.05096,,,SMH_LOSS_LIMIT,5768.64281517199
2021-05-04 00:00:00,SMH_SPREAD,SELL_TO_OPEN,110.5,2021-05-18,1,1.142342,115.07351684570312,0.331901,0.25,0.0,1.3,0.0,,,SMH_ENTRY,5767.34281517199
2021-05-07 00:00:00,SMH_SPREAD,CLOSE,110.5,2021-05-18,1,0.451278,118.17837524414062,0.349706,,0.0,1.3,66.506387,,,SMH_PROFIT_TAKE,5833.849202397169
2021-05-07 00:00:00,SMH_SPREAD,SELL_TO_OPEN,113.5,2021-05-21,1,1.219936,118.17837524414062,0.337573,0.25,0.0,1.3,0.0,,,SMH_ENTRY,5832.549202397169
2021-05-10 00:00:00,SMH_SPREAD,CLOSE,113.5,2021-05-21,1,3.097599,112.93892669677734,0.367635,,0.0,1.3,-190.366341,,,SMH_GAP_SLIP,5642.182861532598
2021-05-11 15:00:00-04:00,LEAPS,SKIP_INSUFFICIENT_CASH,250.64843626403808,,0,83.19209193170019,325.31,0.2930928020477295,0.850006203264243,0.0,0.0,0.0,,,,5642.182861532598
2021-05-13 15:00:00-04:00,SHORT_CALL,SELL_TO_OPEN,338.96973426818846,2021-06-14 00:00:00-04:00,1,3.1560176910289925,319.35,0.259055990600586,0.23,0.0,1.0,0.0,L0001,S0019,PMCC_OPEN_BULL_MODERATE,5956.784630635497
2021-05-13 15:00:00-04:00,SHORT_CALL,SELL_TO_OPEN,338.96973426818846,2021-06-14 00:00:00-04:00,1,3.1560176910289925,319.35,0.259055990600586,0.23,0.0,1.0,0.0,L0004,S0020,PMCC_OPEN_BULL_MODERATE,6271.386399738396
2021-05-17 10:00:00-04:00,SHORT_CALL,BUY_TO_CLOSE,338.96973426818846,2021-06-14 00:00:00-04:00,1,2.743838745002094,324.13,0.2208639923095703,0.2416044695836923,0.0,1.0,40.21789460268985,L0001,S0019,PMCC_PROFIT_EARLY,5996.0025252381865
2021-05-17 10:00:00-04:00,SHORT_CALL,BUY_TO_CLOSE,338.96973426818846,2021-06-14 00:00:00-04:00,1,2.743838745002094,324.13,0.2208639923095703,0.2416044695836923,0.0,1.0,40.21789460268985,L0004,S0020,PMCC_PROFIT_EARLY,5720.618650737977
2021-05-17 15:00:00-04:00,LEAPS,SKIP_INSUFFICIENT_CASH,260.6242916259765,,0,77.55225283580046,324.44,0.2646423907852173,0.7999921112543208,0.0,0.0,0.0,,,,5720.618650737977
2021-05-17 15:00:00-04:00,SHORT_CALL,SELL_TO_OPEN,341.2316858673096,2021-06-18 00:00:00-04:00,1,2.7484758164086998,324.44,0.2208639923095703,0.23,0.0,1.0,0.0,L0001,S0021,PMCC_OPEN_BULL_MODERATE,5994.466232378847
2021-05-17 15:00:00-04:00,SHORT_CALL,SELL_TO_OPEN,341.2316858673096,2021-06-18 00:00:00-04:00,1,2.7484758164086998,324.44,0.2208639923095703,0.23,0.0,1.0,0.0,L0004,S0022,PMCC_OPEN_BULL_MODERATE,6268.313814019717
2021-05-19 10:00:00-04:00,SHORT_CALL,BUY_TO_CLOSE,341.2316858673096,2021-06-18 00:00:00-04:00,1,2.2273924016400457,319.33,0.24841600341796877,0.1851843043391454,0.0,1.0,51.108341476865405,L0001,S0021,PMCC_PROFIT_EARLY,6044.5745738557125
2021-05-19 10:00:00-04:00,SHORT_CALL,BUY_TO_CLOSE,341.2316858673096,2021-06-18 00:00:00-04:00,1,2.2273924016400457,319.33,0.24841600341796877,0.1851843043391454,0.0,1.0,51.108341476865405,L0004,S0022,PMCC_PROFIT_EARLY,5820.835333691708
2021-05-19 15:00:00-04:00,SHORT_CALL,SELL_TO_OPEN,341.56203646087647,2021-06-20 00:00:00-04:00,1,3.062117942704859,322.62,0.24841600341796877,0.23,0.0,1.0,0.0,L0001,S0023,PMCC_OPEN_BULL_MODERATE,6126.047127962194
2021-05-19 15:00:00-04:00,SHORT_CALL,SELL_TO_OPEN,341.56203646087647,2021-06-20 00:00:00-04:00,1,3.062117942704859,322.62,0.24841600341796877,0.23,0.0,1.0,0.0,L0004,S0024,PMCC_OPEN_BULL_MODERATE,6431.258922232681
2021-05-24 00:00:00,SMH_SPREAD,SELL_TO_OPEN,112.0,2021-06-07,2,1.60082,118.08133697509766,0.442045,0.25,0.0,2.6,0.0,,,SMH_ENTRY,6428.65892223268
2021-05-28 00:00:00,SMH_SPREAD,CLOSE,112.0,2021-06-07,2,0.56719,120.8902587890625,0.426811,,0.0,2.6,201.525969,,,SMH_PROFIT_TAKE,6630.184891494197
2021-05-28 00:00:00,SMH_SPREAD,SELL_TO_OPEN,115.0,2021-06-11,2,1.509613,120.8902587890625,0.412502,0.25,0.0,2.6,0.0,,,SMH_ENTRY,6627.584891494196
2021-06-01 10:00:00-04:00,SHORT_CALL,BUY_TO_CLOSE,341.56203646087647,2021-06-20 00:00:00-04:00,1,2.5087859530914898,331.99,0.20047999572753908,0.2747717908981734,0.0,1.0,54.333198961336905,L0001,S0023,PMCC_PROFIT_EARLY,6375.706296185047
2021-06-01 10:00:00-04:00,SHORT_CALL,BUY_TO_CLOSE,341.56203646087647,2021-06-20 00:00:00-04:00,1,2.5087859530914898,331.99,0.20047999572753908,0.2747717908981734,0.0,1.0,54.333198961336905,L0004,S0024,PMCC_PROFIT_EARLY,6123.827700875898
2021-06-01 15:00:00-04:00,SHORT_CALL,SELL_TO_OPEN,348.36881271743766,2021-07-03 00:00:00-04:00,1,2.566720171575284,332.83,0.20047999572753908,0.23,0.0,1.0,0.0,L0001,S0025,PMCC_OPEN_BULL_MODERATE,6379.499718033426
2021-06-01 15:00:00-04:00,SHORT_CALL,SELL_TO_OPEN,348.36881271743766,2021-07-03 00:00:00-04:00,1,2.566720171575284,332.83,0.20047999572753908,0.23,0.0,1.0,0.0,L0004,S0026,PMCC_OPEN_BULL_MODERATE,6635.171735190954
2021-06-03 15:00:00-04:00,SHORT_CALL,BUY_TO_CLOSE,348.36881271743766,2021-07-03 00:00:00-04:00,1,1.8252366328004825,329.87,0.20204801025390626,0.180679260425266,0.0,1.0,73.14835387748013,L0001,S0025,PMCC_PROFIT_EARLY,6451.648071910906
2021-06-03 15:00:00-04:00,SHORT_CALL,BUY_TO_CLOSE,348.36881271743766,2021-07-03 00:00:00-04:00,1,1.8252366328004825,329.87,0.20204801025390626,0.180679260425266,0.0,1.0,73.14835387748013,L0004,S0026,PMCC_PROFIT_EARLY,6268.124408630858
2021-06-03 15:00:00-04:00,SHORT_CALL,SELL_TO_OPEN,342.1907975158691,2021-07-05 00:00:00-04:00,1,3.3197995740207062,329.87,0.20204801025390626,0.28,0.0,1.0,0.0,L0001,S0027,PMCC_OPEN_BULL_STRONG,6599.104366032929
2021-06-03 15:00:00-04:00,SHORT_CALL,SELL_TO_OPEN,342.1907975158691,2021-07-05 00:00:00-04:00,1,3.3197995740207062,329.87,0.20204801025390626,0.28,0.0,1.0,0.0,L0004,S0028,PMCC_OPEN_BULL_STRONG,6930.0843234349995
2021-06-04 00:00:00,SMH_SPREAD,CLOSE,115.0,2021-06-11,2,0.573919,122.001220703125,0.428117,,0.0,2.6,181.938821,,,SMH_PROFIT_TAKE,7112.0231445092595
2021-06-04 00:00:00,SMH_SPREAD,SELL_TO_OPEN,116.0,2021-06-18,2,1.589588,122.001220703125,0.42327,0.25,0.0,2.6,0.0,,,SMH_ENTRY,7109.423144509259
2021-06-09 10:00:00-04:00,SHORT_CALL,BUY_TO_CLOSE,342.1907975158691,2021-07-05 00:00:00-04:00,1,5.19116333396525,337.61,0.2003679931640625,0.4109855188347747,0.0,1.0,-188.13637599445434,L0001,S0027,PMCC_STRIKE_GAP,6589.306811112734
2021-06-09 10:00:00-04:00,SHORT_CALL,BUY_TO_CLOSE,342.1907975158691,2021-07-05 00:00:00-04:00,1,5.19116333396525,337.61,0.2003679931640625,0.4109855188347747,0.0,1.0,-188.13637599445434,L0004,S0028,PMCC_STRIKE_GAP,6069.190477716209
2021-06-09 15:00:00-04:00,SHORT_CALL,SELL_TO_OPEN,349.31088217163085,2021-07-11 00:00:00-04:00,1,3.362637330537126,336.84,0.2003679931640625,0.28,0.0,1.0,0.0,L0001,S0029,PMCC_OPEN_BULL_STRONG,6404.454210769922
2021-06-09 15:00:00-04:00,SHORT_CALL,SELL_TO_OPEN,349.31088217163085,2021-07-11 00:00:00-04:00,1,3.362637330537126,336.84,0.2003679931640625,0.28,0.0,1.0,0.0,L0004,S0030,PMCC_OPEN_BULL_STRONG,6739.717943823634
2021-06-10 00:00:00,SMH_SPREAD,CLOSE,116.0,2021-06-18,2,0.296876,121.57429504394531,0.278167,,0.0,2.6,253.342283,,,SMH_PROFIT_TAKE,6993.060226926547
2021-06-10 00:00:00,SMH_SPREAD,SELL_TO_OPEN,117.5,2021-06-24,2,0.974899,121.57429504394531,0.274263,0.25,0.0,2.6,0.0,,,SMH_ENTRY,6990.460226926547
2021-06-14 00:00:00,SMH_SPREAD,CLOSE,117.5,2021-06-24,2,0.246779,123.65067291259766,0.249886,,0.0,2.6,140.424037,,,SMH_PROFIT_TAKE,7130.884263807684
2021-06-14 15:00:00-04:00,SHORT_CALL,BUY_TO_CLOSE,349.31088217163085,2021-07-11 00:00:00-04:00,1,4.765701820661718,344.49,0.18356799316406253,0.4000693323792674,0.0,1.0,-141.3064490124592,L0001,S0029,PMCC_STRIKE_GAP,6653.314081741512
2021-06-14 15:00:00-04:00,SHORT_CALL,BUY_TO_CLOSE,349.31088217163085,2021-07-11 00:00:00-04:00,1,4.765701820661718,344.49,0.18356799316406253,0.4000693323792674,0.0,1.0,-141.3064490124592,L0004,S0030,PMCC_STRIKE_GAP,6175.743899675341
2021-06-14 15:00:00-04:00,SHORT_CALL,SELL_TO_OPEN,356.1079168395996,2021-07-16 00:00:00-04:00,1,3.1585102252508364,344.49,0.18356799316406253,0.28,0.0,1.0,0.0,L0001,S0031,PMCC_OPEN_BULL_STRONG,6490.594922200425
2021-06-14 15:00:00-04:00,SHORT_CALL,SELL_TO_OPEN,356.1079168395996,2021-07-16 00:00:00-04:00,1,3.1585102252508364,344.49,0.18356799316406253,0.28,0.0,1.0,0.0,L0004,S0032,PMCC_OPEN_BULL_STRONG,6805.4459447255085
2021-06-14 00:00:00,SMH_SPREAD,SELL_TO_OPEN,120.0,2021-06-28,2,0.891071,123.65067291259766,0.244165,0.25,0.0,2.6,0.0,,,SMH_ENTRY,6802.845944725508
2021-06-18 00:00:00,SMH_SPREAD,CLOSE,120.0,2021-06-28,2,1.964934,119.79385375976562,0.243588,,0.0,2.6,-219.972559,,,SMH_LOSS_LIMIT,6582.873386125331
2021-06-18 00:00:00,SMH_SPREAD,SELL_TO_OPEN,116.0,2021-07-02,2,0.860578,119.79385375976562,0.252845,0.25,0.0,2.6,0.0,,,SMH_ENTRY,6580.273386125331
2021-06-22 00:00:00,SMH_SPREAD,CLOSE,116.0,2021-07-02,2,0.322438,120.89511108398438,0.235179,,0.0,2.6,102.427964,,,SMH_PROFIT_TAKE,6682.701349650994
2021-06-22 00:00:00,SMH_SPREAD,SELL_TO_OPEN,117.5,2021-07-06,2,0.824632,120.89511108398438,0.23184,0.25,0.0,2.6,0.0,,,SMH_ENTRY,6680.101349650994
2021-06-24 00:00:00,SMH_SPREAD,CLOSE,117.5,2021-07-06,2,0.34234,123.4905776977539,0.247124,,0.0,2.6,91.2583,,,SMH_PROFIT_TAKE,6771.3596494524845
2021-06-24 00:00:00,SMH_SPREAD,SELL_TO_OPEN,120.0,2021-07-08,2,0.910286,123.4905776977539,0.24145,0.25,0.0,2.6,0.0,,,SMH_ENTRY,6768.759649452484
2021-06-25 10:00:00-04:00,SHORT_CALL,BUY_TO_CLOSE,356.1079168395996,2021-07-16 00:00:00-04:00,1,3.2067716036044374,349.57,0.17494399871826175,0.3372380410798652,0.0,1.0,-5.8261378353601,L0001,S0031,PMCC_GAMMA_MGMT,6447.08248909204
2021-06-25 10:00:00-04:00,SHORT_CALL,BUY_TO_CLOSE,356.1079168395996,2021-07-16 00:00:00-04:00,1,3.2067716036044374,349.57,0.17494399871826175,0.3372380410798652,0.0,1.0,-5.8261378353601,L0004,S0032,PMCC_GAMMA_MGMT,6125.4053287315965
2021-06-28 00:00:00,SMH_SPREAD,CLOSE,120.0,2021-07-08,2,0.351501,125.98900604248047,0.266586,,0.0,2.6,106.557142,,,SMH_PROFIT_TAKE,6231.962470647149
2021-06-28 00:00:00,SMH_SPREAD,SELL_TO_OPEN,122.0,2021-07-12,2,0.974482,125.98900604248047,0.261782,0.25,0.0,2.6,0.0,,,SMH_ENTRY,6229.362470647148
2021-07-06 00:00:00,SMH_SPREAD,CLOSE,122.0,2021-07-12,2,0.274769,125.99871826171875,0.23913,,0.0,2.6,134.742695,,,SMH_PROFIT_TAKE,6364.105165705164
2021-07-06 00:00:00,SMH_SPREAD,SELL_TO_OPEN,122.5,2021-07-20,2,0.918626,125.99871826171875,0.238033,0.25,0.0,2.6,0.0,,,SMH_ENTRY,6361.505165705164
2021-07-08 00:00:00,SMH_SPREAD,CLOSE,122.5,2021-07-20,2,2.05234,122.58822631835938,0.24551,,0.0,2.6,-231.94277,,,SMH_LOSS_LIMIT,6129.562395435968
2021-07-08 00:00:00,SMH_SPREAD,SELL_TO_OPEN,119.0,2021-07-22,2,0.966447,122.58822631835938,0.253914,0.25,0.0,2.6,0.0,,,SMH_ENTRY,6126.962395435968
2021-07-12 00:00:00,SMH_SPREAD,CLOSE,119.0,2021-07-22,2,0.229118,126.31403350830078,0.272964,,0.0,2.6,142.265762,,,SMH_PROFIT_TAKE,6269.228157731163
2021-07-12 00:00:00,SMH_SPREAD,SELL_TO_OPEN,122.5,2021-07-26,2,1.048213,126.31403350830078,0.264477,0.25,0.0,2.6,0.0,,,SMH_ENTRY,6266.628157731163
2021-07-15 00:00:00,SMH_SPREAD,CLOSE,122.5,2021-07-26,2,2.344545,122.3165512084961,0.27463,,0.0,2.6,-264.466509,,,SMH_LOSS_LIMIT,6002.16164859725
2021-07-15 00:00:00,SMH_SPREAD,SELL_TO_OPEN,118.0,2021-07-29,2,1.014227,122.3165512084961,0.28626,0.25,0.0,2.6,0.0,,,SMH_ENTRY,5999.56164859725
2021-07-21 00:00:00,SMH_SPREAD,CLOSE,118.0,2021-07-29,2,0.311076,124.67914581298828,0.313147,,0.0,2.6,135.430199,,,SMH_PROFIT_TAKE,6134.991847961976
2021-07-21 00:00:00,SMH_SPREAD,SELL_TO_OPEN,120.0,2021-08-04,2,1.123166,124.67914581298828,0.307484,0.25,0.0,2.6,0.0,,,SMH_ENTRY,6132.391847961976
2021-07-28 00:00:00,SMH_SPREAD,CLOSE,120.0,2021-08-04,2,0.473678,124.6742935180664,0.299625,,0.0,2.6,124.697558,,,SMH_PROFIT_TAKE,6257.0894064374415
2021-07-28 00:00:00,SMH_SPREAD,SELL_TO_OPEN,120.0,2021-08-11,2,1.064366,124.6742935180664,0.299625,0.25,0.0,2.6,0.0,,,SMH_ENTRY,6254.489406437441
2021-07-30 00:00:00,SMH_SPREAD,CLOSE,120.0,2021-08-11,2,0.470201,127.65787506103516,0.313223,,0.0,2.6,113.632897,,,SMH_PROFIT_TAKE,6368.1223036444335
2021-07-30 00:00:00,SMH_SPREAD,SELL_TO_OPEN,123.0,2021-08-13,2,1.16563,127.65787506103516,0.304983,0.25,0.0,2.6,0.0,,,SMH_ENTRY,6365.522303644433
2021-08-03 00:00:00,SMH_SPREAD,CLOSE,123.0,2021-08-13,2,0.496778,129.72454833984375,0.313108,,0.0,2.6,128.570448,,,SMH_PROFIT_TAKE,6494.092752135212
2021-08-03 00:00:00,SMH_SPREAD,SELL_TO_OPEN,125.0,2021-08-17,2,1.208414,129.72454833984375,0.307654,0.25,0.0,2.6,0.0,,,SMH_ENTRY,6491.492752135212
2021-08-09 00:00:00,SMH_SPREAD,CLOSE,125.0,2021-08-17,2,0.49602,129.89918518066406,0.282368,,0.0,2.6,137.278801,,,SMH_PROFIT_TAKE,6628.771553191562
2021-08-09 15:00:00-04:00,SHORT_CALL,SELL_TO_OPEN,381.4113341903686,2021-09-10 00:00:00-04:00,1,3.4464276654820196,368.7,0.18726399230957033,0.28,0.0,1.0,0.0,L0001,S0033,PMCC_OPEN_BULL_STRONG,6972.414319739764
2021-08-09 15:00:00-04:00,SHORT_CALL,SELL_TO_OPEN,381.4113341903686,2021-09-10 00:00:00-04:00,1,3.4464276654820196,368.7,0.18726399230957033,0.28,0.0,1.0,0.0,L0004,S0034,PMCC_OPEN_BULL_STRONG,7316.057086287967
2021-08-09 00:00:00,SMH_SPREAD,SELL_TO_OPEN,125.5,2021-08-23,2,1.084575,129.89918518066406,0.28112,0.25,0.0,2.6,0.0,,,SMH_ENTRY,7313.457086287966
2021-08-11 10:00:00-04:00,SHORT_CALL,BUY_TO_CLOSE,381.4113341903686,2021-09-10 00:00:00-04:00,1,2.346468881744798,365.95,0.1811040008544922,0.22054870078261718,0.0,1.0,108.99587837372218,L0001,S0033,PMCC_PROFIT_EARLY,7077.810198113487
2021-08-11 10:00:00-04:00,SHORT_CALL,BUY_TO_CLOSE,381.4113341903686,2021-09-10 00:00:00-04:00,1,2.346468881744798,365.95,0.1811040008544922,0.22054870078261718,0.0,1.0,108.99587837372218,L0004,S0034,PMCC_PROFIT_EARLY,6842.163309939007
2021-08-11 15:00:00-04:00,SHORT_CALL,SELL_TO_OPEN,378.41512748718253,2021-09-12 00:00:00-04:00,1,3.314006106108181,366.23,0.1811040008544922,0.28,0.0,1.0,0.0,L0001,S0035,PMCC_OPEN_BULL_STRONG,7172.5639205498255
2021-08-11 15:00:00-04:00,SHORT_CALL,SELL_TO_OPEN,378.41512748718253,2021-09-12 00:00:00-04:00,1,3.314006106108181,366.23,0.1811040008544922,0.28,0.0,1.0,0.0,L0004,S0036,PMCC_OPEN_BULL_STRONG,7502.964531160644
2021-08-16 10:00:00-04:00,SHORT_CALL,BUY_TO_CLOSE,378.41512748718253,2021-09-12 00:00:00-04:00,1,2.251201416575384,364.1,0.18054400939941406,0.22365431019345577,0.0,1.0,105.2804689532797,L0001,S0035,PMCC_PROFIT_EARLY,7276.844389503105
2021-08-16 10:00:00-04:00,SHORT_CALL,BUY_TO_CLOSE,378.41512748718253,2021-09-12 00:00:00-04:00,1,2.251201416575384,364.1,0.18054400939941406,0.22365431019345577,0.0,1.0,105.2804689532797,L0004,S0036,PMCC_PROFIT_EARLY,7050.724247845566
2021-08-16 15:00:00-04:00,SHORT_CALL,SELL_TO_OPEN,381.21068221664433,2021-09-17 00:00:00-04:00,1,3.328684348637637,368.97,0.18054400939941406,0.28,0.0,1.0,0.0,L0001,S0037,PMCC_OPEN_BULL_STRONG,7382.59268270933
2021-08-16 15:00:00-04:00,SHORT_CALL,SELL_TO_OPEN,381.21068221664433,2021-09-17 00:00:00-04:00,1,3.328684348637637,368.97,0.18054400939941406,0.28,0.0,1.0,0.0,L0004,S0038,PMCC_OPEN_BULL_STRONG,7714.461117573093
2021-08-18 00:00:00,SMH_SPREAD,CLOSE,125.5,2021-08-23,2,3.010124,122.7677230834961,0.216247,,0.0,2.6,-390.309857,,,SMH_LOSS_LIMIT,7324.151260085052
2021-08-18 00:00:00,SMH_SPREAD,SELL_TO_OPEN,119.5,2021-09-01,2,0.818482,122.7677230834961,0.223154,0.25,0.0,2.6,0.0,,,SMH_ENTRY,7321.551260085052
2021-08-23 00:00:00,SMH_SPREAD,CLOSE,119.5,2021-09-01,2,0.115651,127.95380401611328,0.271807,,0.0,2.6,135.366087,,,SMH_PROFIT_TAKE,7456.91734715601
2021-08-23 00:00:00,SMH_SPREAD,SELL_TO_OPEN,124.0,2021-09-06,2,1.010756,127.95380401611328,0.261179,0.25,0.0,2.6,0.0,,,SMH_ENTRY,7454.317347156009
2021-08-25 00:00:00,SMH_SPREAD,CLOSE,124.0,2021-09-06,2,0.443108,129.43345642089844,0.239584,,0.0,2.6,108.329672,,,SMH_PROFIT_TAKE,7562.6470195226475
2021-08-25 00:00:00,SMH_SPREAD,SELL_TO_OPEN,126.0,2021-09-08,2,0.965533,129.43345642089844,0.235355,0.25,0.0,2.6,0.0,,,SMH_ENTRY,7560.047019522647
2021-08-27 00:00:00,SMH_SPREAD,CLOSE,126.0,2021-09-08,2,0.382976,131.9755401611328,0.2389,,0.0,2.6,111.311408,,,SMH_PROFIT_TAKE,7671.358427621635
2021-08-27 10:00:00-04:00,SHORT_CALL,BUY_TO_CLOSE,381.21068221664433,2021-09-17 00:00:00-04:00,1,4.1503766169131495,375.42,0.18356799316406253,0.37256858002946647,0.0,1.0,-83.16922682755126,L0001,S0037,PMCC_GAMMA_MGMT,7255.320765930321
2021-08-27 10:00:00-04:00,SHORT_CALL,BUY_TO_CLOSE,381.21068221664433,2021-09-17 00:00:00-04:00,1,4.1503766169131495,375.42,0.18356799316406253,0.37256858002946647,0.0,1.0,-83.16922682755126,L0004,S0038,PMCC_GAMMA_MGMT,6839.283104239006
2021-08-27 15:00:00-04:00,SHORT_CALL,SELL_TO_OPEN,388.78309488677985,2021-09-28 00:00:00-04:00,1,3.448259369010998,376.09,0.18356799316406253,0.28,0.0,1.0,0.0,L0001,S0039,PMCC_OPEN_BULL_STRONG,7183.109041140106
2021-08-27 15:00:00-04:00,SHORT_CALL,SELL_TO_OPEN,388.78309488677985,2021-09-28 00:00:00-04:00,1,3.448259369010998,376.09,0.18356799316406253,0.28,0.0,1.0,0.0,L0004,S0040,PMCC_OPEN_BULL_STRONG,7526.934978041205
2021-08-27 00:00:00,SMH_SPREAD,SELL_TO_OPEN,128.5,2021-09-10,2,0.978003,131.9755401611328,0.233749,0.25,0.0,2.6,0.0,,,SMH_ENTRY,7524.3349780412045
2021-09-03 00:00:00,SMH_SPREAD,CLOSE,128.5,2021-09-10,2,0.343914,132.58197021484375,0.23036,,0.0,2.6,121.617706,,,SMH_PROFIT_TAKE,7645.952684151455
2021-09-03 00:00:00,SMH_SPREAD,SELL_TO_OPEN,129.0,2021-09-17,2,0.921162,132.58197021484375,0.229355,0.25,0.0,2.6,0.0,,,SMH_ENTRY,7643.352684151455
2021-09-07 10:00:00-04:00,SHORT_CALL,BUY_TO_CLOSE,388.78309488677985,2021-09-28 00:00:00-04:00,1,4.63065225232819,382.12,0.20316799316406256,0.37071848164405263,0.0,1.0,-119.2392883317192,L0001,S0039,PMCC_GAMMA_MGMT,7179.287458918636
2021-09-07 10:00:00-04:00,SHORT_CALL,BUY_TO_CLOSE,388.78309488677985,2021-09-28 00:00:00-04:00,1,4.63065225232819,382.12,0.20316799316406256,0.37071848164405263,0.0,1.0,-119.2392883317192,L0004,S0040,PMCC_GAMMA_MGMT,6715.222233685817
2021-09-13 00:00:00,SMH_SPREAD,CLOSE,129.0,2021-09-17,2,0.127489,133.08164978027344,0.224487,,0.0,2.6,153.534594,,,SMH_PROFIT_TAKE,6868.756828054431
2021-09-13 15:00:00-04:00,SHORT_CALL,SELL_TO_OPEN,391.5377122268676,2021-10-15 00:00:00-04:00,1,4.057739724107094,376.36,0.21694400939941408,0.28,0.0,1.0,0.0,L0001,S0041,PMCC_OPEN_BULL_STRONG,7273.530800465141
2021-09-13 15:00:00-04:00,SHORT_CALL,SELL_TO_OPEN,391.5377122268676,2021-10-15 00:00:00-04:00,1,4.057739724107094,376.36,0.21694400939941408,0.28,0.0,1.0,0.0,L0004,S0042,PMCC_OPEN_BULL_STRONG,7678.30477287585
2021-09-13 00:00:00,SMH_SPREAD,SELL_TO_OPEN,129.5,2021-09-27,2,0.879841,133.08164978027344,0.223511,0.25,0.0,2.6,0.0,,,SMH_ENTRY,7675.70477287585
2021-09-15 10:00:00-04:00,SHORT_CALL,BUY_TO_CLOSE,391.5377122268676,2021-10-15 00:00:00-04:00,1,2.933456431504041,374.76,0.20361600341796876,0.23558580015005626,0.0,1.0,111.4283292603053,L0001,S0041,PMCC_PROFIT_EARLY,7381.359129725446
2021-09-15 10:00:00-04:00,SHORT_CALL,BUY_TO_CLOSE,391.5377122268676,2021-10-15 00:00:00-04:00,1,2.933456431504041,374.76,0.20361600341796876,0.23558580015005626,0.0,1.0,111.4283292603053,L0004,S0042,PMCC_PROFIT_EARLY,7087.013486575042
2021-09-15 15:00:00-04:00,SHORT_CALL,SELL_TO_OPEN,392.2429882049561,2021-10-17 00:00:00-04:00,1,3.832651966430319,378.0,0.20361600341796876,0.28,0.0,1.0,0.0,L0001,S0043,PMCC_OPEN_BULL_STRONG,7469.278683218075
2021-09-15 15:00:00-04:00,SHORT_CALL,SELL_TO_OPEN,392.2429882049561,2021-10-17 00:00:00-04:00,1,3.832651966430319,378.0,0.20361600341796876,0.28,0.0,1.0,0.0,L0004,S0044,PMCC_OPEN_BULL_STRONG,7851.543879861107
2021-09-16 00:00:00,SMH_SPREAD,CLOSE,129.5,2021-09-27,2,0.28951,133.82875061035156,0.180449,,0.0,2.6,112.866332,,,SMH_PROFIT_TAKE,7964.410211490156
2021-09-16 00:00:00,SMH_SPREAD,SELL_TO_OPEN,131.0,2021-09-30,2,0.709398,133.82875061035156,0.178112,0.25,0.0,2.6,0.0,,,SMH_ENTRY,7961.810211490156
2021-09-17 00:00:00,SMH_SPREAD,CLOSE,131.0,2021-09-30,2,1.648368,131.47100830078125,0.198479,,0.0,2.6,-192.993972,,,SMH_LOSS_LIMIT,7768.816239446391
2021-09-17 00:00:00,SMH_SPREAD,SELL_TO_OPEN,128.5,2021-10-01,2,0.851769,131.47100830078125,0.202988,0.25,0.0,2.6,0.0,,,SMH_ENTRY,7766.21623944639
2021-09-20 00:00:00,SMH_SPREAD,CLOSE,128.5,2021-10-01,2,2.097762,128.26913452148438,0.231783,,0.0,2.6,-254.398456,,,SMH_LOSS_LIMIT,7511.817783628495
2021-09-20 10:00:00-04:00,SHORT_CALL,BUY_TO_CLOSE,392.2429882049561,2021-10-17 00:00:00-04:00,1,2.9747844678850157,365.53,0.28795198974609376,0.19455910916908808,0.0,1.0,84.78674985453034,L0001,S0043,PMCC_PROFIT_EARLY,7213.339336839993
2021-09-20 10:00:00-04:00,SHORT_CALL,BUY_TO_CLOSE,392.2429882049561,2021-10-17 00:00:00-04:00,1,2.9747844678850157,365.53,0.28795198974609376,0.19455910916908808,0.0,1.0,84.78674985453034,L0004,S0044,PMCC_PROFIT_EARLY,6914.860890051491
2021-09-20 15:00:00-04:00,LEAPS,SKIP_INSUFFICIENT_CASH,278.2076282958984,,0,97.92688153099095,365.82,0.3110909889221192,0.8499905738415219,0.0,0.0,0.0,,,,6914.860890051491
2021-09-20 00:00:00,SMH_SPREAD,SELL_TO_OPEN,124.5,2021-10-04,2,0.895704,128.26913452148438,0.239957,0.25,0.0,2.6,0.0,,,SMH_ENTRY,6912.260890051491
2021-09-22 00:00:00,SMH_SPREAD,CLOSE,124.5,2021-10-04,2,0.248363,130.8597412109375,0.22188,,0.0,2.6,124.268113,,,SMH_PROFIT_TAKE,7036.529003071834
2021-09-22 15:00:00-04:00,SHORT_CALL,SELL_TO_OPEN,389.879732913971,2021-10-24 00:00:00-04:00,1,3.307211385511934,369.55,0.2337440093994141,0.23,0.0,1.0,0.0,L0001,S0045,PMCC_OPEN_BULL_MODERATE,7366.250141623028
2021-09-22 15:00:00-04:00,SHORT_CALL,SELL_TO_OPEN,389.879732913971,2021-10-24 00:00:00-04:00,1,3.307211385511934,369.55,0.2337440093994141,0.23,0.0,1.0,0.0,L0004,S0046,PMCC_OPEN_BULL_MODERATE,7695.971280174222
2021-09-22 00:00:00,SMH_SPREAD,SELL_TO_OPEN,127.5,2021-10-06,2,0.847591,130.8597412109375,0.216113,0.25,0.0,2.6,0.0,,,SMH_ENTRY,7693.371280174221
2021-09-24 10:00:00-04:00,SHORT_CALL,BUY_TO_CLOSE,389.879732913971,2021-10-24 00:00:00-04:00,1,2.288453486527132,370.96,0.1988,0.19935302582164882,0.0,1.0,100.8757898984802,L0001,S0045,PMCC_PROFIT_EARLY,7463.525931521508
2021-09-24 10:00:00-04:00,SHORT_CALL,BUY_TO_CLOSE,389.879732913971,2021-10-24 00:00:00-04:00,1,2.288453486527132,370.96,0.1988,0.19935302582164882,0.0,1.0,100.8757898984802,L0004,S0046,PMCC_PROFIT_EARLY,7233.680582868795
2021-09-24 15:00:00-04:00,SHORT_CALL,SELL_TO_OPEN,390.6092443199158,2021-10-26 00:00:00-04:00,1,2.8556993015774026,373.33,0.1988,0.23,0.0,1.0,0.0,L0001,S0047,PMCC_OPEN_BULL_MODERATE,7518.250513026535
2021-09-24 15:00:00-04:00,SHORT_CALL,SELL_TO_OPEN,390.6092443199158,2021-10-26 00:00:00-04:00,1,2.8556993015774026,373.33,0.1988,0.23,0.0,1.0,0.0,L0004,S0048,PMCC_OPEN_BULL_MODERATE,7802.820443184276
2021-09-27 00:00:00,SMH_SPREAD,CLOSE,127.5,2021-10-06,2,0.325838,131.67478942871094,0.204765,,0.0,2.6,99.150787,,,SMH_PROFIT_TAKE,7901.971230638418
2021-09-27 10:00:00-04:00,SHORT_CALL,BUY_TO_CLOSE,390.6092443199158,2021-10-26 00:00:00-04:00,1,2.1976395226629393,369.99,0.21011200256347662,0.18787744320080024,0.0,1.0,64.80597789144633,L0001,S0047,PMCC_PROFIT_EARLY,7681.207278372124
2021-09-27 10:00:00-04:00,SHORT_CALL,BUY_TO_CLOSE,390.6092443199158,2021-10-26 00:00:00-04:00,1,2.1976395226629393,369.99,0.21011200256347662,0.18787744320080024,0.0,1.0,64.80597789144633,L0004,S0048,PMCC_PROFIT_EARLY,7460.44332610583
2021-09-27 15:00:00-04:00,LEAPS,SKIP_INSUFFICIENT_CASH,300.06698760986325,,0,85.17498074264608,370.36,0.25175920307159433,0.8000026213414585,0.0,0.0,0.0,,,,7460.44332610583
2021-09-27 15:00:00-04:00,SHORT_CALL,SELL_TO_OPEN,388.5414683532715,2021-10-29 00:00:00-04:00,1,2.9892091433286367,370.36,0.21011200256347662,0.23,0.0,1.0,0.0,L0001,S0049,PMCC_OPEN_BULL_MODERATE,7758.364240438694
2021-09-27 15:00:00-04:00,SHORT_CALL,SELL_TO_OPEN,388.5414683532715,2021-10-29 00:00:00-04:00,1,2.9892091433286367,370.36,0.21011200256347662,0.23,0.0,1.0,0.0,L0004,S0050,PMCC_OPEN_BULL_MODERATE,8056.285154771557
2021-09-27 00:00:00,SMH_SPREAD,SELL_TO_OPEN,128.5,2021-10-11,2,0.799242,131.67478942871094,0.202967,0.25,0.0,2.6,0.0,,,SMH_ENTRY,8053.685154771557
2021-09-28 00:00:00,SMH_SPREAD,CLOSE,128.5,2021-10-11,2,3.630601,126.37225341796875,0.265021,,0.0,2.6,-571.471797,,,SMH_GAP_SLIP,7482.213357342212
2021-09-28 10:00:00-04:00,SHORT_CALL,BUY_TO_CLOSE,388.5414683532715,2021-10-29 00:00:00-04:00,1,2.599767388406221,361.49,0.2604,0.18070995143116975,0.0,1.0,37.944175492241584,L0001,S0049,PMCC_PROFIT_EARLY,7221.23661850159
2021-09-28 10:00:00-04:00,SHORT_CALL,BUY_TO_CLOSE,388.5414683532715,2021-10-29 00:00:00-04:00,1,2.599767388406221,361.49,0.2604,0.18070995143116975,0.0,1.0,37.944175492241584,L0004,S0050,PMCC_PROFIT_EARLY,6960.259879660968
2021-09-28 15:00:00-04:00,LEAPS,SKIP_INSUFFICIENT_CASH,281.1086526489258,,0,97.37336195246974,359.85,0.31201500000000004,0.7999992707281048,0.0,0.0,0.0,,,,6960.259879660968
2021-09-28 15:00:00-04:00,SHORT_CALL,SELL_TO_OPEN,382.0892801856995,2021-10-30 00:00:00-04:00,1,3.574039976258888,359.85,0.2604,0.23,0.0,1.0,0.0,L0001,S0051,PMCC_OPEN_BULL_MODERATE,7316.663877286857
2021-09-28 15:00:00-04:00,SHORT_CALL,SELL_TO_OPEN,382.0892801856995,2021-10-30 00:00:00-04:00,1,3.574039976258888,359.85,0.2604,0.23,0.0,1.0,0.0,L0004,S0052,PMCC_OPEN_BULL_MODERATE,7673.067874912746
2021-09-28 00:00:00,SMH_SPREAD,SELL_TO_OPEN,122.0,2021-10-12,2,0.991443,126.37225341796875,0.276025,0.25,0.0,2.6,0.0,,,SMH_ENTRY,7670.467874912746
2021-09-29 15:00:00-04:00,SHORT_CALL,BUY_TO_CLOSE,382.0892801856995,2021-10-30 00:00:00-04:00,1,3.0926598103843475,359.35,0.2526719940185547,0.21299078812605793,0.0,1.0,47.13801658745405,L0001,S0051,PMCC_PROFIT_EARLY,7360.201893874311
2021-09-29 15:00:00-04:00,SHORT_CALL,BUY_TO_CLOSE,382.0892801856995,2021-10-30 00:00:00-04:00,1,3.0926598103843475,359.35,0.2526719940185547,0.21299078812605793,0.0,1.0,47.13801658745405,L0004,S0052,PMCC_PROFIT_EARLY,7049.9359128358765
2021-09-29 15:00:00-04:00,SHORT_CALL,SELL_TO_OPEN,380.8466541099548,2021-10-31 00:00:00-04:00,1,3.467138065333671,359.35,0.2526719940185547,0.23,0.0,1.0,0.0,L0001,S0053,PMCC_OPEN_BULL_MODERATE,7395.649719369244
2021-09-29 15:00:00-04:00,SHORT_CALL,SELL_TO_OPEN,380.8466541099548,2021-10-31 00:00:00-04:00,1,3.467138065333671,359.35,0.2526719940185547,0.23,0.0,1.0,0.0,L0004,S0054,PMCC_OPEN_BULL_MODERATE,7741.363525902611
2021-10-01 10:00:00-04:00,SHORT_CALL,BUY_TO_CLOSE,380.8466541099548,2021-10-31 00:00:00-04:00,1,2.1655229792590305,356.41,0.23632000427246097,0.1724333988254821,0.0,1.0,129.16150860746407,L0001,S0053,PMCC_PROFIT_EARLY,7523.811227976708
2021-10-01 10:00:00-04:00,SHORT_CALL,BUY_TO_CLOSE,380.8466541099548,2021-10-31 00:00:00-04:00,1,2.1655229792590305,356.41,0.23632000427246097,0.1724333988254821,0.0,1.0,129.16150860746407,L0004,S0054,PMCC_PROFIT_EARLY,7306.258930050805
2021-10-01 15:00:00-04:00,SHORT_CALL,SELL_TO_OPEN,380.303940486908,2021-11-02 00:00:00-04:00,1,3.2582431853725637,360.25,0.23632000427246097,0.23,0.0,1.0,0.0,L0001,S0055,PMCC_OPEN_BULL_MODERATE,7631.083248588062
2021-10-01 15:00:00-04:00,SHORT_CALL,SELL_TO_OPEN,380.303940486908,2021-11-02 00:00:00-04:00,1,3.2582431853725637,360.25,0.23632000427246097,0.23,0.0,1.0,0.0,L0004,S0056,PMCC_OPEN_BULL_MODERATE,7955.907567125319
2021-10-04 00:00:00,SMH_SPREAD,CLOSE,122.0,2021-10-12,2,2.405695,121.19103240966797,0.283566,,0.0,2.6,-288.050391,,,SMH_LOSS_LIMIT,7667.85717571089
2021-10-04 10:00:00-04:00,SHORT_CALL,BUY_TO_CLOSE,380.303940486908,2021-11-02 00:00:00-04:00,1,1.954231394878164,352.08,0.25715198974609377,0.15213872415316854,0.0,1.0,129.40117904943997,L0001,S0055,PMCC_PROFIT_EARLY,7471.434036223074
2021-10-04 10:00:00-04:00,SHORT_CALL,BUY_TO_CLOSE,380.303940486908,2021-11-02 00:00:00-04:00,1,1.954231394878164,352.08,0.25715198974609377,0.15213872415316854,0.0,1.0,129.40117904943997,L0004,S0056,PMCC_PROFIT_EARLY,7275.010896735258
2021-10-04 15:00:00-04:00,SHORT_CALL,SELL_TO_OPEN,374.2028816223144,2021-11-05 00:00:00-04:00,1,3.4609753752560266,352.7,0.25715198974609377,0.23,0.0,1.0,0.0,L0001,S0057,PMCC_OPEN_BULL_MODERATE,7620.108434260861
2021-10-04 15:00:00-04:00,SHORT_CALL,SELL_TO_OPEN,374.2028816223144,2021-11-05 00:00:00-04:00,1,3.4609753752560266,352.7,0.25715198974609377,0.23,0.0,1.0,0.0,L0004,S0058,PMCC_OPEN_BULL_MODERATE,7965.205971786464
2021-10-04 00:00:00,SMH_SPREAD,SELL_TO_OPEN,117.0,2021-10-18,2,1.09592,121.19103240966797,0.295333,0.25,0.0,2.6,0.0,,,SMH_ENTRY,7962.605971786464
2021-10-06 15:00:00-04:00,LEAPS,SKIP_INSUFFICIENT_CASH,286.01492285156246,,0,90.20160548693346,359.67,0.28182,0.7999919998438848,0.0,0.0,0.0,,,,1962.6059717864637
2021-10-07 00:00:00,SMH_SPREAD,CLOSE,117.0,2021-10-18,2,0.396,124.8004379272461,0.321641,,0.0,2.6,134.783951,,,SMH_PROFIT_TAKE,8097.38992243719
2021-10-07 00:00:00,SMH_SPREAD,SELL_TO_OPEN,120.0,2021-10-21,2,1.135916,124.8004379272461,0.31301,0.25,0.0,2.6,0.0,,,SMH_ENTRY,8094.7899224371895
2021-10-11 15:00:00-04:00,SHORT_CALL,BUY_TO_CLOSE,374.2028816223144,2021-11-05 00:00:00-04:00,1,2.883791905657361,358.39,0.22400000000000003,0.2398692052671058,0.0,1.0,56.71834695986655,L0001,S0057,PMCC_PROFIT_EARLY,7805.410731871453
2021-10-11 15:00:00-04:00,SHORT_CALL,BUY_TO_CLOSE,374.2028816223144,2021-11-05 00:00:00-04:00,1,2.883791905657361,358.39,0.22400000000000003,0.2398692052671058,0.0,1.0,56.71834695986655,L0004,S0058,PMCC_PROFIT_EARLY,7516.031541305717
2021-10-11 15:00:00-04:00,SHORT_CALL,SELL_TO_OPEN,377.23205238342285,2021-11-11 23:00:00-05:00,1,3.077839039627264,358.39,0.22400000000000003,0.23,0.0,1.0,0.0,L0001,S0059,PMCC_OPEN_BULL_MODERATE,7822.815445268443
2021-10-11 15:00:00-04:00,SHORT_CALL,SELL_TO_OPEN,377.23205238342285,2021-11-11 23:00:00-05:00,1,3.077839039627264,358.39,0.22400000000000003,0.23,0.0,1.0,0.0,L0004,S0060,PMCC_OPEN_BULL_MODERATE,8129.599349231169
2021-10-12 10:00:00-04:00,SHORT_CALL,BUY_TO_CLOSE,377.23205238342285,2021-11-11 23:00:00-05:00,1,2.5919330116337562,356.9,0.22232000427246096,0.20547692872025847,0.0,1.0,47.59060279935079,L0001,S0059,PMCC_PROFIT_EARLY,7869.406048067794
2021-10-12 10:00:00-04:00,SHORT_CALL,BUY_TO_CLOSE,377.23205238342285,2021-11-11 23:00:00-05:00,1,2.5919330116337562,356.9,0.22232000427246096,0.20547692872025847,0.0,1.0,47.59060279935079,L0004,S0060,PMCC_PROFIT_EARLY,7609.212746904418
2021-10-12 15:00:00-04:00,SHORT_CALL,SELL_TO_OPEN,375.7769943237305,2021-11-12 23:00:00-05:00,1,3.0447796016614035,357.15,0.22232000427246096,0.23,0.0,1.0,0.0,L0001,S0061,PMCC_OPEN_BULL_MODERATE,7912.690707070558
2021-10-12 15:00:00-04:00,SHORT_CALL,SELL_TO_OPEN,375.7769943237305,2021-11-12 23:00:00-05:00,1,3.0447796016614035,357.15,0.22232000427246096,0.23,0.0,1.0,0.0,L0004,S0062,PMCC_OPEN_BULL_MODERATE,8216.1686672367
2021-10-14 00:00:00,SMH_SPREAD,CLOSE,120.0,2021-10-21,2,0.460843,126.3285903930664,0.358268,,0.0,2.6,129.814678,,,SMH_PROFIT_TAKE,8345.983345636185
2021-10-14 00:00:00,SMH_SPREAD,SELL_TO_OPEN,121.0,2021-10-28,2,1.34666,126.3285903930664,0.354311,0.25,0.0,2.6,0.0,,,SMH_ENTRY,8343.383345636184
2021-10-18 00:00:00,SMH_SPREAD,CLOSE,121.0,2021-10-28,2,0.508963,128.3904266357422,0.340371,,0.0,2.6,162.339265,,,SMH_PROFIT_TAKE,8505.722610139208
2021-10-18 15:00:00-04:00,SHORT_CALL,BUY_TO_CLOSE,375.7769943237305,2021-11-12 23:00:00-05:00,1,5.825756437707355,372.65,0.1826719940185547,0.4418069342023666,0.0,1.0,-279.09768360459515,L0001,S0061,PMCC_STRIKE_GAP,7922.146966368473
2021-10-18 15:00:00-04:00,SHORT_CALL,BUY_TO_CLOSE,375.7769943237305,2021-11-12 23:00:00-05:00,1,5.825756437707355,372.65,0.1826719940185547,0.4418069342023666,0.0,1.0,-279.09768360459515,L0004,S0062,PMCC_STRIKE_GAP,7338.571322597738
2021-10-18 15:00:00-04:00,SHORT_CALL,SELL_TO_OPEN,388.4263278961181,2021-11-18 23:00:00-05:00,1,2.6251700103447746,372.65,0.1826719940185547,0.23,0.0,1.0,0.0,L0001,S0063,PMCC_OPEN_BULL_MODERATE,7600.088323632215
2021-10-18 15:00:00-04:00,SHORT_CALL,SELL_TO_OPEN,388.4263278961181,2021-11-18 23:00:00-05:00,1,2.6251700103447746,372.65,0.1826719940185547,0.23,0.0,1.0,0.0,L0004,S0064,PMCC_OPEN_BULL_MODERATE,7861.6053246666925
2021-10-18 00:00:00,SMH_SPREAD,SELL_TO_OPEN,123.5,2021-11-01,2,1.327048,128.3904266357422,0.331219,0.25,0.0,2.6,0.0,,,SMH_ENTRY,7859.005324666692
2021-10-21 00:00:00,SMH_SPREAD,CLOSE,123.5,2021-11-01,2,0.567314,130.76271057128906,0.326611,,0.0,2.6,146.746689,,,SMH_PROFIT_TAKE,8005.75201324701
2021-10-21 00:00:00,SMH_SPREAD,SELL_TO_OPEN,126.0,2021-11-04,2,1.316045,130.76271057128906,0.319586,0.25,0.0,2.6,0.0,,,SMH_ENTRY,8003.15201324701
2021-10-26 00:00:00,SMH_SPREAD,CLOSE,126.0,2021-11-04,2,0.448986,131.00527954101562,0.258775,,0.0,2.6,168.211706,,,SMH_PROFIT_TAKE,8171.363719050631
2021-10-26 00:00:00,SMH_SPREAD,SELL_TO_OPEN,127.0,2021-11-09,2,1.008135,131.00527954101562,0.256508,0.25,0.0,2.6,0.0,,,SMH_ENTRY,8168.76371905063
2021-10-28 15:00:00-04:00,SHORT_CALL,BUY_TO_CLOSE,388.4263278961181,2021-11-18 23:00:00-05:00,1,5.09753020657854,384.2,0.1851360076904297,0.4139735720121526,0.0,1.0,-248.23601962337654,L0001,S0063,PMCC_STRIKE_GAP,7658.010698392776
2021-10-28 15:00:00-04:00,SHORT_CALL,BUY_TO_CLOSE,388.4263278961181,2021-11-18 23:00:00-05:00,1,5.09753020657854,384.2,0.1851360076904297,0.4139735720121526,0.0,1.0,-248.23601962337654,L0004,S0064,PMCC_STRIKE_GAP,7147.257677734922
2021-10-29 00:00:00,SMH_SPREAD,CLOSE,127.0,2021-11-09,2,0.497082,132.75177001953125,0.263054,,0.0,2.6,97.010618,,,SMH_PROFIT_TAKE,7244.268295950521
2021-10-29 00:00:00,SMH_SPREAD,SELL_TO_OPEN,128.5,2021-11-12,2,0.996761,132.75177001953125,0.259664,0.25,0.0,2.6,0.0,,,SMH_ENTRY,7241.668295950521
2021-11-01 00:00:00,SMH_SPREAD,CLOSE,128.5,2021-11-12,2,0.300703,134.27505493164062,0.222042,,0.0,2.6,134.011671,,,SMH_PROFIT_TAKE,7375.679967376592
2021-11-01 00:00:00,SMH_SPREAD,SELL_TO_OPEN,131.0,2021-11-15,2,0.926483,134.27505493164062,0.217325,0.25,0.0,2.6,0.0,,,SMH_ENTRY,7373.079967376591
2021-11-03 00:00:00,SMH_SPREAD,CLOSE,131.0,2021-11-15,2,0.321002,137.09854125976562,0.220978,,0.0,2.6,115.896103,,,SMH_PROFIT_TAKE,7488.976070489148
2021-11-03 00:00:00,SMH_SPREAD,SELL_TO_OPEN,133.5,2021-11-17,2,0.869743,137.09854125976562,0.216387,0.25,0.0,2.6,0.0,,,SMH_ENTRY,7486.376070489147
2021-11-04 00:00:00,SMH_SPREAD,CLOSE,133.5,2021-11-17,2,0.347388,142.77459716796875,0.283136,,0.0,2.6,99.270993,,,SMH_PROFIT_TAKE,7585.64706345693
2021-11-04 00:00:00,SMH_SPREAD,SELL_TO_OPEN,138.0,2021-11-18,2,1.138239,142.77459716796875,0.273202,0.25,0.0,2.6,0.0,,,SMH_ENTRY,7583.047063456929
2021-11-08 00:00:00,SMH_SPREAD,CLOSE,138.0,2021-11-18,2,0.231233,146.4810028076172,0.26358,,0.0,2.6,176.201169,,,SMH_PROFIT_TAKE,7759.248232090982
2021-11-08 00:00:00,SMH_SPREAD,SELL_TO_OPEN,142.0,2021-11-22,2,1.117393,146.4810028076172,0.255504,0.25,0.0,2.6,0.0,,,SMH_ENTRY,7756.648232090982
2021-11-10 00:00:00,SMH_SPREAD,CLOSE,142.0,2021-11-22,2,2.922615,142.04690551757812,0.295941,,0.0,2.6,-366.244404,,,SMH_LOSS_LIMIT,7390.403828569436
2021-11-10 00:00:00,SMH_SPREAD,SELL_TO_OPEN,137.0,2021-11-24,2,1.364675,142.04690551757812,0.308436,0.25,0.0,2.6,0.0,,,SMH_ENTRY,7387.803828569436
2021-11-12 00:00:00,SMH_SPREAD,CLOSE,137.0,2021-11-24,2,0.441467,146.07351684570312,0.302585,,0.0,2.6,179.441606,,,SMH_PROFIT_TAKE,7567.245434796062
2021-11-12 00:00:00,SMH_SPREAD,SELL_TO_OPEN,141.0,2021-11-26,2,1.296689,146.07351684570312,0.293331,0.25,0.0,2.6,0.0,,,SMH_ENTRY,7564.645434796062
2021-11-16 00:00:00,SMH_SPREAD,CLOSE,141.0,2021-11-26,2,0.636761,147.77146911621094,0.300203,,0.0,2.6,126.78576,,,SMH_PROFIT_TAKE,7691.431194669288
2021-11-16 00:00:00,SMH_SPREAD,SELL_TO_OPEN,142.5,2021-11-30,2,1.305826,147.77146911621094,0.296737,0.25,0.0,2.6,0.0,,,SMH_ENTRY,7688.8311946692875
2021-11-19 00:00:00,SMH_SPREAD,CLOSE,142.5,2021-11-30,2,0.471111,151.45849609375,0.307254,,0.0,2.6,161.743017,,,SMH_PROFIT_TAKE,7850.574211546516
2021-11-19 00:00:00,SMH_SPREAD,SELL_TO_OPEN,146.0,2021-12-03,2,1.347657,151.45849609375,0.299298,0.25,0.0,2.6,0.0,,,SMH_ENTRY,7847.974211546516
2021-11-26 00:00:00,SMH_SPREAD,CLOSE,146.0,2021-12-03,2,3.045934,145.24879455566406,0.337539,,0.0,2.6,-344.855378,,,SMH_LOSS_LIMIT,7503.118833929543
2021-11-26 00:00:00,SMH_SPREAD,SELL_TO_OPEN,139.0,2021-12-10,2,1.560399,145.24879455566406,0.359322,0.25,0.0,2.6,0.0,,,SMH_ENTRY,7500.518833929543
2021-11-29 00:00:00,SMH_SPREAD,CLOSE,139.0,2021-12-10,2,0.625362,151.08009338378906,0.416525,,0.0,2.6,181.807379,,,SMH_PROFIT_TAKE,7682.3262125822175
2021-11-29 00:00:00,SMH_SPREAD,SELL_TO_OPEN,144.0,2021-12-13,2,1.827934,151.08009338378906,0.398062,0.25,0.0,2.6,0.0,,,SMH_ENTRY,7679.726212582217
2021-11-30 15:00:00-05:00,SHORT_CALL,SELL_TO_OPEN,422.50993917846677,2022-01-01 00:00:00-05:00,1,4.544448300240433,393.66,0.30452800598144536,0.23,0.0,1.0,0.0,L0001,S0065,PMCC_OPEN_BULL_MODERATE,8133.17104260626
2021-11-30 15:00:00-05:00,SHORT_CALL,SELL_TO_OPEN,422.50993917846677,2022-01-01 00:00:00-05:00,1,4.544448300240433,393.66,0.30452800598144536,0.23,0.0,1.0,0.0,L0004,S0066,PMCC_OPEN_BULL_MODERATE,8586.615872630304
2021-12-02 10:00:00-05:00,SHORT_CALL,BUY_TO_CLOSE,422.50993917846677,2022-01-01 00:00:00-05:00,1,3.240149418260856,387.5,0.3130400085449219,0.17916946201644118,0.0,1.0,129.42988819795767,L0001,S0065,PMCC_PROFIT_EARLY,8261.600930804218
2021-12-02 10:00:00-05:00,SHORT_CALL,BUY_TO_CLOSE,422.50993917846677,2022-01-01 00:00:00-05:00,1,3.240149418260856,387.5,0.3130400085449219,0.17916946201644118,0.0,1.0,129.42988819795767,L0004,S0066,PMCC_PROFIT_EARLY,7936.585988978132
2021-12-02 15:00:00-05:00,SHORT_CALL,SELL_TO_OPEN,419.3835900726318,2022-01-03 00:00:00-05:00,1,4.621234991863872,389.93,0.3130400085449219,0.23,0.0,1.0,0.0,L0001,S0067,PMCC_OPEN_BULL_MODERATE,8397.709488164519
2021-12-02 15:00:00-05:00,SHORT_CALL,SELL_TO_OPEN,419.3835900726318,2022-01-03 00:00:00-05:00,1,4.621234991863872,389.93,0.3130400085449219,0.23,0.0,1.0,0.0,L0004,S0068,PMCC_OPEN_BULL_MODERATE,8858.832987350906
2021-12-03 10:00:00-05:00,SHORT_CALL,BUY_TO_CLOSE,419.3835900726318,2022-01-03 00:00:00-05:00,1,3.8934270204228767,382.55,0.34350400085449223,0.19273509247858794,0.0,1.0,71.78079714409955,L0001,S0067,PMCC_PROFIT_EARLY,8468.490285308619
2021-12-03 10:00:00-05:00,SHORT_CALL,BUY_TO_CLOSE,419.3835900726318,2022-01-03 00:00:00-05:00,1,3.8934270204228767,382.55,0.34350400085449223,0.19273509247858794,0.0,1.0,71.78079714409955,L0004,S0068,PMCC_PROFIT_EARLY,8078.147583266331
2021-12-03 15:00:00-05:00,SHORT_CALL,SELL_TO_OPEN,428.03672885131823,2022-01-04 00:00:00-05:00,1,2.8958336819902897,383.21,0.34350400085449223,0.15,0.0,1.0,0.0,L0001,S0069,PMCC_OPEN_BEAR,8366.73095146536
2021-12-03 15:00:00-05:00,SHORT_CALL,SELL_TO_OPEN,428.03672885131823,2022-01-04 00:00:00-05:00,1,2.8958336819902897,383.21,0.34350400085449223,0.15,0.0,1.0,0.0,L0004,S0070,PMCC_OPEN_BEAR,8655.31431966439
2021-12-06 10:00:00-05:00,SHORT_CALL,BUY_TO_CLOSE,428.03672885131823,2022-01-04 00:00:00-05:00,1,1.6587577550684713,383.58,0.3044160034179688,0.10847106168484233,0.0,1.0,122.70759269218186,L0001,S0069,PMCC_PROFIT_EARLY,8488.438544157543
2021-12-06 10:00:00-05:00,SHORT_CALL,BUY_TO_CLOSE,428.03672885131823,2022-01-04 00:00:00-05:00,1,1.6587577550684713,383.58,0.3044160034179688,0.10847106168484233,0.0,1.0,122.70759269218186,L0004,S0070,PMCC_PROFIT_EARLY,8321.562768650696
2021-12-06 15:00:00-05:00,SHORT_CALL,SELL_TO_OPEN,425.88089760589605,2022-01-07 00:00:00-05:00,1,2.600086286338467,386.31,0.3044160034179688,0.15,0.0,1.0,0.0,L0001,S0071,PMCC_OPEN_BEAR,8580.571397284542
2021-12-06 15:00:00-05:00,SHORT_CALL,SELL_TO_OPEN,425.88089760589605,2022-01-07 00:00:00-05:00,1,2.600086286338467,386.31,0.3044160034179688,0.15,0.0,1.0,0.0,L0004,S0072,PMCC_OPEN_BEAR,8839.580025918389
2021-12-07 00:00:00,SMH_SPREAD,CLOSE,144.0,2021-12-13,2,0.64763,152.59854125976562,0.440548,,0.0,2.6,230.860687,,,SMH_PROFIT_TAKE,9070.440713291531
2021-12-07 10:00:00-05:00,SHORT_CALL,BUY_TO_CLOSE,425.88089760589605,2022-01-07 00:00:00-05:00,1,2.4814791987831057,396.71,0.24516799316406254,0.16937048991102344,0.0,1.0,10.860708755536109,L0004,S0072,LEAPS_EXIT,8821.29279341322
2021-12-07 10:00:00-05:00,LEAPS,SELL_TO_CLOSE,240.10681134033203,2022-08-25 01:00:00-04:00,1,157.3108381334361,396.71,0.29376379180908213,0.9841114698685957,0.0,1.0,7155.026011406819,L0004,,ADAPTIVE_PROFIT_LOCK(83%),24551.37660675683
2021-12-07 00:00:00,SMH_SPREAD,SELL_TO_OPEN,145.0,2021-12-21,4,2.088186,152.59854125976562,0.436555,0.25,0.0,5.2,0.0,,,SMH_ENTRY,24546.176606756828
2021-12-08 10:00:00-05:00,SHORT_CALL,BUY_TO_CLOSE,425.88089760589605,2022-01-07 00:00:00-05:00,1,1.802866930235112,396.96,0.2228799957275391,0.14279316444871765,0.0,1.0,78.72193561033549,L0001,S0071,PMCC_PROFIT_EARLY,24364.889913733317
2021-12-08 15:00:00-05:00,SHORT_CALL,SELL_TO_OPEN,428.86480454254155,2022-01-09 00:00:00-05:00,1,1.9900679819595837,399.62,0.2228799957275391,0.15,0.0,1.0,0.0,L0001,S0073,PMCC_OPEN_BEAR,24562.896711929276
2021-12-09 15:00:00-05:00,SHORT_CALL,BUY_TO_CLOSE,428.86480454254155,2022-01-09 00:00:00-05:00,1,1.5819510897354547,393.74,0.2416959991455078,0.11954031854109382,0.0,1.0,39.811689222412895,L0001,S0073,PMCC_PROFIT_EARLY,24403.70160295573
2021-12-09 15:00:00-05:00,SHORT_CALL,SELL_TO_OPEN,425.16166681671143,2022-01-10 00:00:00-05:00,1,2.1211696945333145,393.74,0.2416959991455078,0.15,0.0,1.0,0.0,L0001,S0074,PMCC_OPEN_BEAR,24614.81857240906
2021-12-10 10:00:00-05:00,SHORT_CALL,BUY_TO_CLOSE,425.16166681671143,2022-01-10 00:00:00-05:00,1,1.4032038114402,395.14,0.20932800598144533,0.12116260082776098,0.0,1.0,70.79658830931146,L0001,S0074,PMCC_PROFIT_EARLY,24473.49819126504
2021-12-10 15:00:00-05:00,SHORT_CALL,SELL_TO_OPEN,417.5328150711059,2022-01-11 00:00:00-05:00,1,3.201145735171849,398.06,0.20932800598144533,0.23,0.0,1.0,0.0,L0001,S0075,PMCC_OPEN_BULL_MODERATE,24792.612764782225
2021-12-13 10:00:00-05:00,SHORT_CALL,BUY_TO_CLOSE,417.5328150711059,2022-01-11 00:00:00-05:00,1,2.8202804025377333,395.16,0.2274719940185547,0.20430857726406543,0.0,1.0,37.08653326341158,L0001,S0075,PMCC_PROFIT_EARLY,24509.584724528453
2021-12-13 15:00:00-05:00,SHORT_CALL,SELL_TO_OPEN,413.2040357666016,2022-01-14 00:00:00-05:00,1,3.419248553221621,392.24,0.2274719940185547,0.23,0.0,1.0,0.0,L0001,S0076,PMCC_OPEN_BULL_MODERATE,24850.509579850615
2021-12-14 10:00:00-05:00,SHORT_CALL,BUY_TO_CLOSE,413.2040357666016,2022-01-14 00:00:00-05:00,1,2.510096073611109,385.5,0.24516799316406254,0.1748872510389518,0.0,1.0,89.9152479610512,L0001,S0076,PMCC_PROFIT_EARLY,24598.499972489506
2021-12-14 15:00:00-05:00,SHORT_CALL,SELL_TO_OPEN,410.8465200805664,2022-01-15 00:00:00-05:00,1,3.6393206517326178,388.35,0.24516799316406254,0.23,0.0,1.0,0.0,L0001,S0077,PMCC_OPEN_BULL_MODERATE,24961.43203766277
2021-12-15 10:00:00-05:00,SHORT_CALL,BUY_TO_CLOSE,410.8465200805664,2022-01-15 00:00:00-05:00,1,2.215180274629887,386.51,0.21604801025390627,0.17419405680569033,0.0,1.0,141.41403771027308,L0001,S0077,PMCC_PROFIT_EARLY,24738.91401019978
2021-12-15 15:00:00-05:00,SHORT_CALL,SELL_TO_OPEN,417.1365096473694,2022-01-16 00:00:00-05:00,1,3.2924024396953087,397.05,0.21604801025390627,0.23,0.0,1.0,0.0,L0001,S0078,PMCC_OPEN_BULL_MODERATE,25067.154254169312
2021-12-16 10:00:00-05:00,SHORT_CALL,BUY_TO_CLOSE,417.1365096473694,2022-01-16 00:00:00-05:00,1,2.8308429589712887,393.19,0.23038399658203126,0.19862785374910974,0.0,1.0,45.155948072402,L0001,S0078,PMCC_PROFIT_EARLY,24783.069958272183
2021-12-16 15:00:00-05:00,SHORT_CALL,SELL_TO_OPEN,407.82786879348754,2022-01-17 00:00:00-05:00,1,3.414165984651575,386.87,0.23038399658203126,0.23,0.0,1.0,0.0,L0001,S0079,PMCC_OPEN_BULL_MODERATE,25123.48655673734
2021-12-20 10:00:00-05:00,SHORT_CALL,BUY_TO_CLOSE,407.82786879348754,2022-01-17 00:00:00-05:00,1,2.1381514478591086,378.73,0.25614400939941406,0.15684832046013314,0.0,1.0,126.60145367924665,L0001,S0079,PMCC_PROFIT_EARLY,24908.671411951433
2021-12-20 15:00:00-05:00,SHORT_CALL,SELL_TO_OPEN,403.7716659545898,2022-01-21 00:00:00-05:00,1,3.7214725555052013,380.66,0.25614400939941406,0.23,0.0,1.0,0.0,L0001,S0080,PMCC_OPEN_BULL_MODERATE,25279.818667501953
2021-12-21 00:00:00,SMH_SPREAD,CLOSE,145.0,2021-12-21,4,0.0,147.31427001953125,0.508144,,0.0,5.2,824.874373,,,SMH_EXPIRY,26104.693040218346
2021-12-21 10:00:00-05:00,SHORT_CALL,BUY_TO_CLOSE,403.7716659545898,2022-01-21 00:00:00-05:00,1,3.152358767100111,381.81,0.23531200256347662,0.21756772977507577,0.0,1.0,55.91137884050903,L0001,S0080,PMCC_PROFIT_EARLY,25788.457163508334
2021-12-21 15:00:00-05:00,SHORT_CALL,SELL_TO_OPEN,410.7894899902343,2022-01-22 00:00:00-05:00,1,3.5058061826422744,389.21,0.23531200256347662,0.23,0.0,1.0,0.0,L0001,S0081,PMCC_OPEN_BULL_MODERATE,26138.03778177256
2021-12-21 00:00:00,SMH_SPREAD,SELL_TO_OPEN,138.0,2022-01-04,4,2.435209,147.31427001953125,0.543529,0.25,0.0,5.2,0.0,,,SMH_ENTRY,26132.83778177256
2021-12-22 10:00:00-05:00,SHORT_CALL,BUY_TO_CLOSE,410.7894899902343,2022-01-22 00:00:00-05:00,1,3.1258484864717246,392.13,0.20865599060058598,0.23172558719151304,0.0,1.0,36.995769617054975,L0001,S0081,PMCC_PROFIT_EARLY,25819.252933125386
2021-12-22 15:00:00-05:00,SHORT_CALL,SELL_TO_OPEN,413.12912988281244,2022-01-23 00:00:00-05:00,1,3.15814513067518,393.92,0.20865599060058598,0.23,0.0,1.0,0.0,L0001,S0082,PMCC_OPEN_BULL_MODERATE,26134.067446192905
2021-12-27 00:00:00,SMH_SPREAD,CLOSE,138.0,2022-01-04,4,0.509107,154.39613342285156,0.568795,,0.0,5.2,760.040714,,,SMH_PROFIT_TAKE,26894.108159819574
2021-12-27 00:00:00,SMH_SPREAD,SELL_TO_OPEN,145.0,2022-01-10,4,2.575579,154.39613342285156,0.535428,0.25,0.0,5.2,0.0,,,SMH_ENTRY,26888.908159819573
2021-12-31 10:00:00-05:00,SHORT_CALL,BUY_TO_CLOSE,413.12912988281244,2022-01-23 00:00:00-05:00,1,2.768344079766294,399.19,0.19286399230957033,0.2468899333947822,0.0,1.0,37.98010509088863,L0001,S0082,PMCC_PROFIT_EARLY,26611.073751842945
2021-12-31 15:00:00-05:00,SHORT_CALL,SELL_TO_OPEN,415.38183297729495,2022-02-01 00:00:00-05:00,1,2.9526519120132235,397.56,0.19286399230957033,0.23,0.0,1.0,0.0,L0001,S0083,PMCC_OPEN_BULL_MODERATE,26905.338943044266
2022-01-03 00:00:00,SMH_SPREAD,CLOSE,145.0,2022-01-10,4,1.087335,153.92791748046875,0.499787,,0.0,5.2,584.897805,,,SMH_PROFIT_TAKE,27490.236747968593
2022-01-03 00:00:00,SMH_SPREAD,SELL_TO_OPEN,145.0,2022-01-17,4,2.355065,153.92791748046875,0.499787,0.25,0.0,5.2,0.0,,,SMH_ENTRY,27485.036747968592
2022-01-04 10:00:00-05:00,SHORT_CALL,BUY_TO_CLOSE,415.38183297729495,2022-02-01 00:00:00-05:00,1,1.981990127257049,395.37,0.18939199829101566,0.180387054687413,0.0,1.0,96.06617847561745,L0001,S0083,PMCC_PROFIT_EARLY,27285.837735242887
2022-01-04 15:00:00-05:00,SHORT_CALL,SELL_TO_OPEN,413.9427654991149,2022-02-05 00:00:00-05:00,1,2.8930225415113995,396.49,0.18939199829101566,0.23,0.0,1.0,0.0,L0001,S0084,PMCC_OPEN_BULL_MODERATE,27574.139989394025
2022-01-05 15:00:00-05:00,SHORT_CALL,BUY_TO_CLOSE,413.9427654991149,2022-02-05 00:00:00-05:00,1,1.5663370261032625,384.15,0.2209759948730469,0.12996624404263718,0.0,1.0,131.6685515408137,L0001,S0084,PMCC_PROFIT_EARLY,27416.5062867837
2022-01-05 15:00:00-05:00,SHORT_CALL,SELL_TO_OPEN,404.07071794509886,2022-02-06 00:00:00-05:00,1,3.2559947499872663,384.15,0.2209759948730469,0.23,0.0,1.0,0.0,L0001,S0085,PMCC_OPEN_BULL_MODERATE,27741.105761782426
2022-01-07 10:00:00-05:00,SHORT_CALL,BUY_TO_CLOSE,404.07071794509886,2022-02-06 00:00:00-05:00,1,1.7523383173284657,379.07,0.21011200256347662,0.15174642021417684,0.0,1.0,149.36564326588007,L0001,S0085,PMCC_PROFIT_EARLY,27564.87193004958
2022-01-07 15:00:00-05:00,SHORT_CALL,SELL_TO_OPEN,398.4865916671752,2022-02-08 00:00:00-05:00,1,3.0658344910680597,379.82,0.21011200256347662,0.23,0.0,1.0,0.0,L0001,S0086,PMCC_OPEN_BULL_MODERATE,27870.455379156385
2022-01-10 10:00:00-05:00,SHORT_CALL,BUY_TO_CLOSE,398.4865916671752,2022-02-08 00:00:00-05:00,1,1.3407544389901247,370.4,0.21727999572753914,0.12269605251224885,0.0,1.0,171.5080052077935,L0001,S0086,PMCC_PROFIT_EARLY,27735.379935257373
2022-01-10 15:00:00-05:00,SHORT_CALL,SELL_TO_OPEN,399.7136267852783,2022-02-11 00:00:00-05:00,1,3.171348552285224,380.34,0.21727999572753914,0.23,0.0,1.0,0.0,L0001,S0087,PMCC_OPEN_BULL_MODERATE,28051.514790485897
2022-01-11 10:00:00-05:00,SHORT_CALL,BUY_TO_CLOSE,399.7136267852783,2022-02-11 00:00:00-05:00,1,2.494000577352125,379.38,0.20619199829101564,0.20125622989579411,0.0,1.0,66.73479749330988,L0001,S0087,PMCC_PROFIT_EARLY,27801.114732750684
2022-01-11 15:00:00-05:00,SHORT_CALL,SELL_TO_OPEN,404.5010559844971,2022-02-12 00:00:00-05:00,1,3.0582880633163683,385.9,0.20619199829101564,0.23,0.0,1.0,0.0,L0001,S0088,PMCC_OPEN_BULL_MODERATE,28105.94353908232
2022-01-13 15:00:00-05:00,SHORT_CALL,BUY_TO_CLOSE,404.5010559844971,2022-02-12 00:00:00-05:00,1,1.9259170299095203,377.68,0.2274719940185547,0.15433108951530994,0.0,1.0,112.2371033406848,L0001,S0088,PMCC_PROFIT_EARLY,27912.35183609137
2022-01-13 15:00:00-05:00,SHORT_CALL,SELL_TO_OPEN,397.8896201477051,2022-02-14 00:00:00-05:00,1,3.2922413900929683,377.68,0.2274719940185547,0.23,0.0,1.0,0.0,L0001,S0089,PMCC_OPEN_BULL_MODERATE,28240.575975100666
2022-01-14 00:00:00,SMH_SPREAD,CLOSE,145.0,2022-01-17,4,0.4854,149.6895294189453,0.381824,,0.0,5.2,737.466053,,,SMH_PROFIT_TAKE,28978.042028541735
2022-01-14 10:00:00-05:00,SHORT_CALL,BUY_TO_CLOSE,397.8896201477051,2022-02-14 00:00:00-05:00,1,2.7614685953631977,377.67,0.21492800598144532,0.21193516701150117,0.0,1.0,52.07727947297707,L0001,S0089,PMCC_PROFIT_EARLY,28700.895169005416
2022-01-14 15:00:00-05:00,SHORT_CALL,SELL_TO_OPEN,399.20566168212895,2022-02-15 00:00:00-05:00,1,3.1358083204698204,380.06,0.21492800598144532,0.23,0.0,1.0,0.0,L0001,S0090,PMCC_OPEN_BULL_MODERATE,29013.476001052397
2022-01-14 00:00:00,SMH_SPREAD,SELL_TO_OPEN,143.0,2022-01-28,4,1.817844,149.6895294189453,0.389133,0.25,0.0,5.2,0.0,,,SMH_ENTRY,29008.276001052396
2022-01-18 00:00:00,SMH_SPREAD,CLOSE,143.0,2022-01-28,4,3.881965,142.99298095703125,0.419381,,0.0,5.2,-836.048363,,,SMH_GAP_SLIP,28172.227638136952
2022-01-18 10:00:00-05:00,SHORT_CALL,BUY_TO_CLOSE,399.20566168212895,2022-02-15 00:00:00-05:00,1,2.5103904431128967,373.31,0.2552480102539063,0.18090634103310377,0.0,1.0,61.54178773569237,L0001,S0090,PMCC_PROFIT_EARLY,27920.188593825664
2022-01-18 15:00:00-05:00,SHORT_CALL,SELL_TO_OPEN,393.26011688232416,2022-02-19 00:00:00-05:00,1,3.6127787112795176,370.8,0.2552480102539063,0.23,0.0,1.0,0.0,L0001,S0091,PMCC_OPEN_BULL_MODERATE,28280.466464953617
2022-01-18 00:00:00,SMH_SPREAD,SELL_TO_OPEN,135.5,2022-02-01,4,1.993743,142.99298095703125,0.452345,0.25,0.0,5.2,0.0,,,SMH_ENTRY,28275.266464953616
2022-01-19 15:00:00-05:00,SHORT_CALL,BUY_TO_CLOSE,393.26011688232416,2022-02-19 00:00:00-05:00,1,2.953534936769799,366.53,0.26712000427246096,0.19393140475426512,0.0,1.0,64.92437745097186,L0001,S0091,PMCC_PROFIT_EARLY,27978.912971276637
2022-01-19 15:00:00-05:00,SHORT_CALL,SELL_TO_OPEN,389.8603816986083,2022-02-20 00:00:00-05:00,1,3.7310028712466448,366.53,0.26712000427246096,0.23,0.0,1.0,0.0,L0001,S0092,PMCC_OPEN_BULL_MODERATE,28351.0132584013
2022-01-20 00:00:00,SMH_SPREAD,CLOSE,135.5,2022-02-01,4,4.36502,134.7844696044922,0.41898,,0.0,5.2,-958.91053,,,SMH_LOSS_LIMIT,27392.102728269565
2022-01-20 15:00:00-05:00,SHORT_CALL,BUY_TO_CLOSE,389.8603816986083,2022-02-20 00:00:00-05:00,1,3.15425693672168,361.61,0.2866080017089844,0.195691198231901,0.0,1.0,56.67459345249648,L0001,S0092,PMCC_PROFIT_EARLY,27075.677034597396
2022-01-20 15:00:00-05:00,SHORT_CALL,SELL_TO_OPEN,386.4541343078613,2022-02-21 00:00:00-05:00,1,3.9386597410778705,361.61,0.2866080017089844,0.23,0.0,1.0,0.0,L0001,S0093,PMCC_OPEN_BULL_MODERATE,27468.543008705183
2022-01-20 00:00:00,SMH_SPREAD,SELL_TO_OPEN,127.5,2022-02-03,3,1.823312,134.7844696044922,0.452946,0.25,0.0,3.9000000000000004,0.0,,,SMH_ENTRY,27464.64300870518
2022-01-21 15:00:00-05:00,SHORT_CALL,BUY_TO_CLOSE,386.4541343078613,2022-02-21 00:00:00-05:00,1,2.844939723842195,351.41,0.32312000427246096,0.16828335517802262,0.0,1.0,108.37200172356751,L0001,S0093,PMCC_PROFIT_EARLY,27179.149036320963
2022-01-21 15:00:00-05:00,SHORT_CALL,SELL_TO_OPEN,378.9330772247314,2022-02-22 00:00:00-05:00,1,4.2927444566360435,351.41,0.32312000427246096,0.23,0.0,1.0,0.0,L0001,S0094,PMCC_OPEN_BULL_MODERATE,27607.423481984566
2022-01-24 10:00:00-05:00,SHORT_CALL,BUY_TO_CLOSE,378.9330772247314,2022-02-22 00:00:00-05:00,1,2.627315642363648,343.47,0.3348799957275391,0.16048678377871117,0.0,1.0,165.5428814272396,L0001,S0094,PMCC_PROFIT_EARLY,27343.6919177482
2022-01-24 15:00:00-05:00,SHORT_CALL,SELL_TO_OPEN,393.8338766326903,2022-02-25 00:00:00-05:00,1,2.607799532703808,353.58,0.3348799957275391,0.15,0.0,1.0,0.0,L0001,S0095,PMCC_OPEN_BEAR_SMA_FORCED,27603.47187101858
2022-01-25 10:00:00-05:00,SHORT_CALL,BUY_TO_CLOSE,393.8338766326903,2022-02-25 00:00:00-05:00,1,1.6433562582367003,344.41,0.3489919982910157,0.10274537464551303,0.0,1.0,95.44432744671079,L0001,S0095,PMCC_PROFIT_EARLY,27438.13624519491
2022-01-25 15:00:00-05:00,SHORT_CALL,SELL_TO_OPEN,386.0513677825927,2022-02-26 00:00:00-05:00,1,2.646482790126086,344.94,0.3489919982910157,0.15,0.0,1.0,0.0,L0001,S0096,PMCC_OPEN_BEAR_SMA_FORCED,27701.78452420752
2022-01-27 00:00:00,SMH_SPREAD,CLOSE,127.5,2022-02-03,3,4.393764,125.19567108154297,0.454255,,0.0,3.9000000000000004,-778.935522,,,SMH_GAP_SLIP,26922.84900182888
2022-01-27 15:00:00-05:00,SHORT_CALL,BUY_TO_CLOSE,386.0513677825927,2022-02-26 00:00:00-05:00,1,1.738650611031403,341.02,0.34148799743652347,0.1119212835374705,0.0,1.0,89.7832179094683,L0001,S0096,PMCC_PROFIT_EARLY,26747.98394072574
2022-01-27 15:00:00-05:00,SHORT_CALL,SELL_TO_OPEN,380.69968765258784,2022-02-28 00:00:00-05:00,1,2.5626182849913803,341.02,0.34148799743652347,0.15,0.0,1.0,0.0,L0001,S0097,PMCC_OPEN_BEAR_SMA_FORCED,27003.245769224875
2022-01-27 00:00:00,SMH_SPREAD,SELL_TO_OPEN,118.0,2022-02-10,3,1.888184,125.19567108154297,0.493418,0.25,0.0,3.9000000000000004,0.0,,,SMH_ENTRY,26999.345769224874
2022-01-28 10:00:00-05:00,SHORT_CALL,BUY_TO_CLOSE,380.69968765258784,2022-02-28 00:00:00-05:00,1,2.271990576855309,344.86,0.30979199829101567,0.14723357574943857,0.0,1.0,28.062770813607102,L0001,S0097,PMCC_PROFIT_EARLY,26771.146711539343
2022-01-28 15:00:00-05:00,SHORT_CALL,SELL_TO_OPEN,388.74267341613773,2022-03-01 00:00:00-05:00,1,2.4089748882560187,351.95,0.30979199829101567,0.15,0.0,1.0,0.0,L0001,S0098,PMCC_OPEN_BEAR_SMA_FORCED,27011.044200364944
2022-01-31 00:00:00,SMH_SPREAD,CLOSE,118.0,2022-02-10,3,0.785282,134.3211212158203,0.662096,,0.0,3.9000000000000004,323.070702,,,SMH_PROFIT_TAKE,27334.11490233549
2022-01-31 00:00:00,SMH_SPREAD,SELL_TO_OPEN,125.0,2022-02-14,3,2.54653,134.3211212158203,0.611134,0.25,0.0,3.9000000000000004,0.0,,,SMH_ENTRY,27330.214902335487
2022-02-01 10:00:00-05:00,SHORT_CALL,BUY_TO_CLOSE,388.74267341613773,2022-03-01 00:00:00-05:00,1,1.9999024843505069,362.28,0.24595198974609378,0.15900025471920315,0.0,1.0,39.90724039055118,L0001,S0098,PMCC_PROFIT_EARLY,27129.224653900437
2022-02-01 15:00:00-05:00,SHORT_CALL,SELL_TO_OPEN,395.27077140808103,2022-03-05 00:00:00-05:00,1,2.002738616344132,365.5,0.24595198974609378,0.15,0.0,1.0,0.0,L0001,S0099,PMCC_OPEN_BEAR_SMA_FORCED,27328.49851553485
2022-02-03 10:00:00-05:00,SHORT_CALL,BUY_TO_CLOSE,395.27077140808103,2022-03-05 00:00:00-05:00,1,1.6295015953126324,359.62,0.27272000427246096,0.121438950151674,0.0,1.0,36.32370210314997,L0001,S0099,PMCC_PROFIT_EARLY,27164.548356003586
2022-02-03 15:00:00-05:00,SHORT_CALL,SELL_TO_OPEN,385.7983516845703,2022-03-07 00:00:00-05:00,1,2.1409959899245763,353.61,0.27272000427246096,0.15,0.0,1.0,0.0,L0001,S0100,PMCC_OPEN_BEAR_SMA_FORCED,27377.647954996042
2022-02-04 10:00:00-05:00,SHORT_CALL,BUY_TO_CLOSE,385.7983516845703,2022-03-07 00:00:00-05:00,1,1.75610150300421,353.67,0.2600639923095703,0.1341783428813561,0.0,1.0,37.48944869203663,L0001,S0100,PMCC_PROFIT_EARLY,27201.03780469562
2022-02-04 15:00:00-05:00,SHORT_CALL,SELL_TO_OPEN,388.9591994590759,2022-03-08 00:00:00-05:00,1,2.0701832704108867,357.99,0.2600639923095703,0.15,0.0,1.0,0.0,L0001,S0101,PMCC_OPEN_BEAR_SMA_FORCED,27407.05613173671
2022-02-07 10:00:00-05:00,SHORT_CALL,BUY_TO_CLOSE,388.9591994590759,2022-03-08 00:00:00-05:00,1,1.821938520200895,359.02,0.25603200683593746,0.14196444140847458,0.0,1.0,23.82447502099916,L0001,S0101,PMCC_PROFIT_EARLY,27223.86227971662
2022-02-07 15:00:00-05:00,SHORT_CALL,SELL_TO_OPEN,385.37511225128173,2022-03-11 00:00:00-05:00,1,2.0232209237944474,355.17,0.25603200683593746,0.15,0.0,1.0,0.0,L0001,S0102,PMCC_OPEN_BEAR_SMA_FORCED,27425.184372096064
2022-02-08 00:00:00,SMH_SPREAD,CLOSE,125.0,2022-02-14,3,0.844728,135.8574676513672,0.638237,,0.0,3.9000000000000004,502.740704,,,SMH_PROFIT_TAKE,27927.925075923657
2022-02-08 10:00:00-05:00,SHORT_CALL,BUY_TO_CLOSE,385.37511225128173,2022-03-11 00:00:00-05:00,1,1.6966250459150132,356.15,0.24012800598144535,0.13815827803780112,0.0,1.0,31.659587787943423,L0001,S0102,PMCC_PROFIT_EARLY,27757.262571332154
2022-02-08 00:00:00,SMH_SPREAD,SELL_TO_OPEN,126.0,2022-02-22,3,2.615262,135.8574676513672,0.630844,0.25,0.0,3.9000000000000004,0.0,,,SMH_ENTRY,27753.362571332153
2022-02-10 15:00:00-05:00,SHORT_CALL,SELL_TO_OPEN,390.50435405731196,2022-03-14 01:00:00-04:00,1,2.1322510322776935,358.45,0.26779199829101563,0.15,0.0,1.0,0.0,L0001,S0103,PMCC_OPEN_BEAR_SMA_FORCED,27965.587674559923
2022-02-11 15:00:00-05:00,SHORT_CALL,BUY_TO_CLOSE,390.50435405731196,2022-03-14 01:00:00-04:00,1,1.4489979939032551,347.14,0.30643200683593746,0.10200068970848103,0.0,1.0,67.32530383744384,L0001,S0103,PMCC_PROFIT_EARLY,27819.6878751696
2022-02-11 15:00:00-05:00,SHORT_CALL,SELL_TO_OPEN,383.0540208587646,2022-03-15 01:00:00-04:00,1,2.3514634349408325,347.14,0.30643200683593746,0.15,0.0,1.0,0.0,L0001,S0104,PMCC_OPEN_BEAR_SMA_FORCED,28053.83421866368
2022-02-16 00:00:00,SMH_SPREAD,CLOSE,126.0,2022-02-22,3,1.269097,136.2866668701172,0.710781,,0.0,3.9000000000000004,396.049233,,,SMH_PROFIT_TAKE,28449.883451631245
2022-02-16 10:00:00-05:00,SHORT_CALL,BUY_TO_CLOSE,383.0540208587646,2022-03-15 01:00:00-04:00,1,1.759810935647593,352.26,0.2720480102539063,0.13743245912951613,0.0,1.0,58.16524992932395,L0001,S0104,PMCC_PROFIT_EARLY,28272.902358066487
2022-02-16 15:00:00-05:00,SHORT_CALL,SELL_TO_OPEN,388.38200683593743,2022-03-20 01:00:00-04:00,1,2.1501919556907083,356.0,0.2720480102539063,0.15,0.0,1.0,0.0,L0001,S0105,PMCC_OPEN_BEAR_SMA_FORCED,28486.92155363556
2022-02-16 00:00:00,SMH_SPREAD,SELL_TO_OPEN,125.5,2022-03-02,4,3.055645,136.2866668701172,0.714914,0.25,0.0,5.2,0.0,,,SMH_ENTRY,28481.721553635558
2022-02-17 15:00:00-05:00,SHORT_CALL,BUY_TO_CLOSE,388.38200683593743,2022-03-20 01:00:00-04:00,1,1.6168198817310468,345.45,0.3148320068359375,0.10978806776575278,0.0,1.0,52.337207395966146,L0001,S0105,PMCC_PROFIT_EARLY,28319.03956546245
2022-02-17 15:00:00-05:00,SHORT_CALL,SELL_TO_OPEN,382.2647566223143,2022-03-21 01:00:00-04:00,1,2.4013239990309287,345.45,0.3148320068359375,0.15,0.0,1.0,0.0,L0001,S0106,PMCC_OPEN_BEAR_SMA_FORCED,28558.171965365545
2022-02-18 10:00:00-05:00,SHORT_CALL,BUY_TO_CLOSE,382.2647566223143,2022-03-21 01:00:00-04:00,1,1.8192577665697627,342.65,0.3108000000000001,0.12310738711454455,0.0,1.0,57.20662324611661,L0001,S0106,PMCC_PROFIT_EARLY,28375.24618870857
2022-02-18 15:00:00-05:00,SHORT_CALL,SELL_TO_OPEN,377.46346476745595,2022-03-22 01:00:00-04:00,1,2.3453250877915863,341.58,0.3108000000000001,0.15,0.0,1.0,0.0,L0001,S0107,PMCC_OPEN_BEAR_SMA_FORCED,28608.778697487727
2022-02-22 10:00:00-05:00,SHORT_CALL,BUY_TO_CLOSE,377.46346476745595,2022-03-22 01:00:00-04:00,1,1.921866085970727,340.01,0.32267199401855473,0.13098251144143752,0.0,1.0,41.34590018208593,L0001,S0107,PMCC_PROFIT_EARLY,28415.592088890655
2022-02-22 15:00:00-05:00,SHORT_CALL,SELL_TO_OPEN,375.0992888717651,2022-03-26 01:00:00-04:00,1,2.4062129000100327,338.09,0.32267199401855473,0.15,0.0,1.0,0.0,L0001,S0108,PMCC_OPEN_BEAR_SMA_FORCED,28655.213378891658
2022-02-23 15:00:00-05:00,SHORT_CALL,BUY_TO_CLOSE,375.0992888717651,2022-03-26 01:00:00-04:00,1,1.688803246803225,329.41,0.3474240051269532,0.10946734969572641,0.0,1.0,70.74096532068077,L0001,S0108,PMCC_PROFIT_EARLY,28485.333054211336
2022-02-23 15:00:00-05:00,SHORT_CALL,SELL_TO_OPEN,368.52668354034427,2022-03-27 01:00:00-04:00,1,2.516332612598326,329.41,0.3474240051269532,0.15,0.0,1.0,0.0,L0001,S0109,PMCC_OPEN_BEAR_SMA_FORCED,28735.96631547117
2022-02-24 10:00:00-05:00,SHORT_CALL,BUY_TO_CLOSE,368.52668354034427,2022-03-27 01:00:00-04:00,1,2.048855583220373,328.14,0.33958399658203126,0.13115335817301205,0.0,1.0,45.74770293779531,L0001,S0109,PMCC_PROFIT_EARLY,28530.080757149135
2022-02-24 15:00:00-05:00,SHORT_CALL,SELL_TO_OPEN,380.0527664794921,2022-03-28 01:00:00-04:00,1,2.546095163007024,340.63,0.33958399658203126,0.15,0.0,1.0,0.0,L0001,S0110,PMCC_OPEN_BEAR_SMA_FORCED,28783.690273449836
2022-02-25 00:00:00,SMH_SPREAD,CLOSE,125.5,2022-03-02,4,1.495118,131.92147827148438,0.651682,,0.0,5.2,613.810769,,,SMH_PROFIT_TAKE,29397.501042643147
2022-02-25 10:00:00-05:00,SHORT_CALL,BUY_TO_CLOSE,380.0527664794921,2022-03-28 01:00:00-04:00,1,2.0562069266057534,342.87,0.3090080017089844,0.13665771359619888,0.0,1.0,47.988823640127066,L0001,S0110,PMCC_PROFIT_EARLY,29190.880349982574
2022-02-25 15:00:00-05:00,SHORT_CALL,SELL_TO_OPEN,381.96902018737785,2022-03-29 01:00:00-04:00,1,2.3615908100387415,345.87,0.3090080017089844,0.15,0.0,1.0,0.0,L0001,S0111,PMCC_OPEN_BEAR_SMA_FORCED,29426.039430986446
2022-02-25 00:00:00,SMH_SPREAD,SELL_TO_OPEN,122.0,2022-03-11,4,2.838387,131.92147827148438,0.680296,0.25,0.0,5.2,0.0,,,SMH_ENTRY,29420.839430986445
2022-03-02 10:00:00-05:00,SHORT_CALL,BUY_TO_CLOSE,381.96902018737785,2022-03-29 01:00:00-04:00,1,2.0663997969094083,342.62,0.3442879974365235,0.13314648795306966,0.0,1.0,28.519101312933316,L0001,S0111,PMCC_PROFIT_EARLY,29213.199451295506
2022-03-02 15:00:00-05:00,SHORT_CALL,SELL_TO_OPEN,387.9901783447265,2022-04-03 01:00:00-04:00,1,2.629321169677901,347.18,0.3442879974365235,0.15,0.0,1.0,0.0,L0001,S0112,PMCC_OPEN_BEAR_SMA_FORCED,29475.131568263296
2022-03-03 10:00:00-05:00,SHORT_CALL,BUY_TO_CLOSE,387.9901783447265,2022-04-03 01:00:00-04:00,1,1.8534101314074007,342.7,0.34137599487304693,0.11603572790706213,0.0,1.0,76.59110382705,L0001,S0112,PMCC_PROFIT_EARLY,29288.790555122556
2022-03-03 15:00:00-05:00,SHORT_CALL,SELL_TO_OPEN,382.1407664184569,2022-04-04 01:00:00-04:00,1,2.571454233249227,342.28,0.34137599487304693,0.15,0.0,1.0,0.0,L0001,S0113,PMCC_OPEN_BEAR_SMA_FORCED,29544.93597844748
2022-03-04 10:00:00-05:00,SHORT_CALL,BUY_TO_CLOSE,382.1407664184569,2022-04-04 01:00:00-04:00,1,1.9777558167901432,336.07,0.3581759948730469,0.11978237514129103,0.0,1.0,58.369841645908394,L0001,S0113,PMCC_PROFIT_EARLY,29346.160396768464
2022-03-04 15:00:00-05:00,SHORT_CALL,SELL_TO_OPEN,378.771325378418,2022-04-05 01:00:00-04:00,1,2.6530841571875357,337.35,0.3581759948730469,0.15,0.0,1.0,0.0,L0001,S0114,PMCC_OPEN_BEAR_SMA_FORCED,29610.46881248722
2022-03-07 15:00:00-05:00,SHORT_CALL,BUY_TO_CLOSE,378.771325378418,2022-04-05 01:00:00-04:00,1,1.7103117728596366,324.83,0.40824000854492193,0.10107567966803954,0.0,1.0,93.27723843278989,L0001,S0114,PMCC_PROFIT_EARLY,29438.437635201255
2022-03-07 15:00:00-05:00,SHORT_CALL,SELL_TO_OPEN,370.98405264282223,2022-04-08 01:00:00-04:00,1,2.8932336208069174,324.83,0.40824000854492193,0.15,0.0,1.0,0.0,L0001,S0115,PMCC_OPEN_BEAR_SMA_FORCED,29726.76099728195
2022-03-08 10:00:00-05:00,SHORT_CALL,BUY_TO_CLOSE,370.98405264282223,2022-04-08 01:00:00-04:00,1,2.412238145964622,324.63,0.39345601196289065,0.13479061323968072,0.0,1.0,47.099547484229504,L0001,S0115,PMCC_PROFIT_EARLY,29484.537182685486
2022-03-08 15:00:00-05:00,SHORT_CALL,SELL_TO_OPEN,367.36892797851556,2022-04-09 01:00:00-04:00,1,2.78041292130348,323.28,0.39345601196289065,0.15,0.0,1.0,0.0,L0001,S0116,PMCC_OPEN_BEAR_SMA_FORCED,29761.578474815833
2022-03-09 00:00:00,SMH_SPREAD,CLOSE,122.0,2022-03-11,4,1.080335,125.34686279296875,0.657107,,0.0,5.2,692.821046,,,SMH_PROFIT_TAKE,30454.399521116895
2022-03-09 00:00:00,SMH_SPREAD,SELL_TO_OPEN,115.5,2022-03-23,3,2.849675,125.34686279296875,0.715629,0.25,0.0,3.9000000000000004,0.0,,,SMH_ENTRY,30450.499521116893
2022-03-10 10:00:00-05:00,SHORT_CALL,BUY_TO_CLOSE,367.36892797851556,2022-04-09 01:00:00-04:00,1,2.0134861907341204,327.88,0.3385759948730469,0.13136277107970468,0.0,1.0,75.69267305693594,L0001,S0116,PMCC_PROFIT_EARLY,30248.150902043482
2022-03-10 15:00:00-05:00,SHORT_CALL,SELL_TO_OPEN,369.67671844482425,2022-04-11 01:00:00-04:00,1,2.470172674544436,331.42,0.3385759948730469,0.15,0.0,1.0,0.0,L0001,S0117,PMCC_OPEN_BEAR_SMA_FORCED,30494.168169497927
2022-03-11 15:00:00-05:00,SHORT_CALL,BUY_TO_CLOSE,369.67671844482425,2022-04-11 01:00:00-04:00,1,1.5759178919330665,324.31,0.34440000000000004,0.10542891022537793,0.0,1.0,88.42547826113696,L0001,S0117,PMCC_PROFIT_EARLY,30335.57638030462
2022-03-11 15:00:00-05:00,SHORT_CALL,SELL_TO_OPEN,362.45908174133297,2022-04-12 01:00:00-04:00,1,2.456777216584861,324.31,0.34440000000000004,0.15,0.0,1.0,0.0,L0001,S0118,PMCC_OPEN_BEAR_SMA_FORCED,30580.254101963106
2022-03-14 15:00:00-04:00,SHORT_CALL,BUY_TO_CLOSE,362.45908174133297,2022-04-12 01:00:00-04:00,1,1.5673827256391917,318.23,0.3558240051269531,0.10668063005818229,0.0,1.0,87.93944909456692,L0001,S0118,PMCC_PROFIT_EARLY,30422.515829399188
2022-03-14 15:00:00-04:00,SHORT_CALL,SELL_TO_OPEN,357.04195933532714,2022-04-15 00:00:00-04:00,1,2.487088722027785,318.23,0.3558240051269531,0.15,0.0,1.0,0.0,L0001,S0119,PMCC_OPEN_BEAR_SMA_FORCED,30670.22470160197
2022-03-16 00:00:00,SMH_SPREAD,CLOSE,115.5,2022-03-23,3,0.938709,127.71723937988281,0.710306,,0.0,3.9000000000000004,565.489841,,,SMH_PROFIT_TAKE,31235.714542488073
2022-03-16 15:00:00-04:00,SHORT_CALL,BUY_TO_CLOSE,357.04195933532714,2022-04-15 00:00:00-04:00,1,5.42295535969086,340.39,0.29870400085449217,0.30476231308537666,0.0,1.0,-294.58666376630754,L0001,S0119,PMCC_LOSS_LIMIT,30692.419006518987
2022-03-16 15:00:00-04:00,SHORT_CALL,SELL_TO_OPEN,374.67155696105954,2022-04-17 00:00:00-04:00,1,2.249668286670712,340.39,0.29870400085449217,0.15,0.0,1.0,0.0,L0001,S0120,PMCC_OPEN_BEAR_SMA_FORCED,30916.385835186058
2022-03-16 00:00:00,SMH_SPREAD,SELL_TO_OPEN,118.0,2022-03-30,4,2.786213,127.71723937988281,0.688955,0.25,0.0,5.2,0.0,,,SMH_ENTRY,30911.185835186057
2022-03-17 10:00:00-04:00,SHORT_CALL,BUY_TO_CLOSE,374.67155696105954,2022-04-17 00:00:00-04:00,1,1.6416790517631838,338.47,0.28750400085449224,0.121560326030552,0.0,1.0,59.7989234907528,L0001,S0120,PMCC_PROFIT_EARLY,30746.01793000974
2022-03-21 00:00:00,SMH_SPREAD,CLOSE,118.0,2022-03-30,4,1.189389,130.9850311279297,0.691944,,0.0,5.2,628.329469,,,SMH_PROFIT_TAKE,31374.347398699327
2022-03-21 00:00:00,SMH_SPREAD,SELL_TO_OPEN,121.0,2022-04-04,4,2.680164,130.9850311279297,0.667737,0.25,0.0,5.2,0.0,,,SMH_ENTRY,31369.147398699326
2022-03-28 00:00:00,SMH_SPREAD,CLOSE,121.0,2022-04-04,4,0.837208,135.26243591308594,0.721528,,0.0,5.2,726.78248,,,SMH_PROFIT_TAKE,32095.929878785188
2022-03-28 00:00:00,SMH_SPREAD,SELL_TO_OPEN,125.0,2022-04-11,4,2.954157,135.26243591308594,0.689247,0.25,0.0,5.2,0.0,,,SMH_ENTRY,32090.729878785187
2022-04-06 15:00:00-04:00,SHORT_CALL,SELL_TO_OPEN,382.289172592163,2022-05-08 00:00:00-04:00,1,1.9468824165402552,353.17,0.24752000427246096,0.15,0.0,1.0,0.0,L0001,S0121,PMCC_OPEN_BEAR_SMA_FORCED,32284.41812043921
2022-04-07 10:00:00-04:00,SHORT_CALL,BUY_TO_CLOSE,382.289172592163,2022-05-08 00:00:00-04:00,1,1.6041130409708728,352.4,0.24135999145507814,0.13258540977852867,0.0,1.0,33.276937556938236,L0001,S0121,PMCC_PROFIT_EARLY,32123.006816342124
2022-04-07 15:00:00-04:00,SHORT_CALL,SELL_TO_OPEN,382.55263936614995,2022-05-09 00:00:00-04:00,1,1.9051321933376357,354.13,0.24135999145507814,0.15,0.0,1.0,0.0,L0001,S0122,PMCC_OPEN_BEAR_SMA_FORCED,32312.520035675887
2022-04-08 10:00:00-04:00,SHORT_CALL,BUY_TO_CLOSE,382.55263936614995,2022-05-09 00:00:00-04:00,1,1.4783239968298716,352.39,0.23699199829101564,0.1258227698467066,0.0,1.0,41.680819650776414,L0001,S0122,PMCC_PROFIT_EARLY,32163.6876359929
2022-04-08 15:00:00-04:00,SHORT_CALL,SELL_TO_OPEN,376.5597431488036,2022-05-10 00:00:00-04:00,1,1.8450964123934241,349.08,0.23699199829101564,0.15,0.0,1.0,0.0,L0001,S0123,PMCC_OPEN_BEAR_SMA_FORCED,32347.197277232244
2022-04-11 00:00:00,SMH_SPREAD,CLOSE,125.0,2022-04-11,4,7.310501,117.68949890136719,0.535238,,0.0,5.2,-1752.937716,,,SMH_EXPIRY,30594.259561140796
2022-04-11 10:00:00-04:00,SHORT_CALL,BUY_TO_CLOSE,376.5597431488036,2022-05-10 00:00:00-04:00,1,1.4296515536866679,342.15,0.2729440093994141,0.11505650951560653,0.0,1.0,40.54448587067563,L0001,S0123,PMCC_PROFIT_EARLY,30450.29440577213
2022-04-11 15:00:00-04:00,SHORT_CALL,SELL_TO_OPEN,372.0955180053711,2022-05-13 00:00:00-04:00,1,2.065614205521399,340.88,0.2729440093994141,0.15,0.0,1.0,0.0,L0001,S0124,PMCC_OPEN_BEAR_SMA_FORCED,30655.85582632427
2022-04-11 00:00:00,SMH_SPREAD,SELL_TO_OPEN,109.5,2022-04-25,4,2.16507,117.68949890136719,0.602279,0.25,0.0,5.2,0.0,,,SMH_ENTRY,30650.65582632427
2022-04-12 15:00:00-04:00,SHORT_CALL,BUY_TO_CLOSE,372.0955180053711,2022-05-13 00:00:00-04:00,1,1.7509859613423586,339.53,0.2717120025634766,0.13368752223751906,0.0,1.0,30.462824417904045,L0001,S0124,PMCC_PROFIT_EARLY,30474.557230190032
2022-04-12 15:00:00-04:00,SHORT_CALL,SELL_TO_OPEN,370.49081934356684,2022-05-14 00:00:00-04:00,1,2.0483295917162465,339.53,0.2717120025634766,0.15,0.0,1.0,0.0,L0001,S0125,PMCC_OPEN_BEAR_SMA_FORCED,30678.390189361657
2022-04-13 00:00:00,SMH_SPREAD,CLOSE,109.5,2022-04-25,4,0.8806,119.83550262451172,0.506363,,0.0,5.2,503.387671,,,SMH_PROFIT_TAKE,31181.777860116716
2022-04-13 10:00:00-04:00,SHORT_CALL,BUY_TO_CLOSE,370.49081934356684,2022-05-14 00:00:00-04:00,1,1.7713604291180687,342.58,0.24438399658203128,0.14564601973362018,0.0,1.0,26.696916259817783,L0001,S0125,PMCC_PROFIT_EARLY,31003.64181720491
2022-04-13 15:00:00-04:00,SHORT_CALL,SELL_TO_OPEN,374.55724285888675,2022-05-15 00:00:00-04:00,1,1.8858802820053953,346.36,0.24438399658203128,0.15,0.0,1.0,0.0,L0001,S0126,PMCC_OPEN_BEAR_SMA_FORCED,31191.229845405447
2022-04-13 00:00:00,SMH_SPREAD,SELL_TO_OPEN,113.0,2022-04-27,4,1.772262,119.83550262451172,0.48672,0.25,0.0,5.2,0.0,,,SMH_ENTRY,31186.029845405446
2022-04-14 10:00:00-04:00,SHORT_CALL,BUY_TO_CLOSE,374.55724285888675,2022-05-15 00:00:00-04:00,1,1.4423258209755332,342.1,0.2542400085449219,0.11945324408121294,0.0,1.0,43.35544610298621,L0001,S0126,PMCC_PROFIT_EARLY,31040.797263307893
2022-04-14 15:00:00-04:00,SHORT_CALL,SELL_TO_OPEN,367.13916320800774,2022-05-16 00:00:00-04:00,1,1.9144505293511926,338.4,0.2542400085449219,0.15,0.0,1.0,0.0,L0001,S0127,PMCC_OPEN_BEAR_SMA_FORCED,31231.242316243013
2022-04-18 10:00:00-04:00,SHORT_CALL,BUY_TO_CLOSE,367.13916320800774,2022-05-16 00:00:00-04:00,1,1.573821302606376,339.53,0.2483040008544922,0.13698621476979173,0.0,1.0,33.062922674481655,L0001,S0127,PMCC_PROFIT_EARLY,31072.860185982376
2022-04-18 15:00:00-04:00,SHORT_CALL,SELL_TO_OPEN,367.03128872680657,2022-05-20 00:00:00-04:00,1,1.8743309015315006,338.96,0.2483040008544922,0.15,0.0,1.0,0.0,L0001,S0128,PMCC_OPEN_BEAR_SMA_FORCED,31259.293276135526
2022-04-20 00:00:00,SMH_SPREAD,CLOSE,113.0,2022-04-27,4,0.813312,120.47443389892578,0.513036,,0.0,5.2,373.179779,,,SMH_PROFIT_TAKE,31632.473055429113
2022-04-20 15:00:00-04:00,SHORT_CALL,BUY_TO_CLOSE,367.03128872680657,2022-05-20 00:00:00-04:00,1,1.5358786445138506,341.05,0.2275839965820313,0.13949166869915708,0.0,1.0,32.845225701765,L0001,S0128,PMCC_PROFIT_EARLY,31477.885190977726
2022-04-20 15:00:00-04:00,SHORT_CALL,SELL_TO_OPEN,366.8085485458374,2022-05-22 00:00:00-04:00,1,1.7330632500244008,341.05,0.2275839965820313,0.15,0.0,1.0,0.0,L0001,S0129,PMCC_OPEN_BEAR_SMA_FORCED,31650.191515980165
2022-04-20 00:00:00,SMH_SPREAD,SELL_TO_OPEN,113.5,2022-05-04,4,1.928399,120.47443389892578,0.510114,0.25,0.0,5.2,0.0,,,SMH_ENTRY,31644.991515980164
2022-04-21 15:00:00-04:00,SHORT_CALL,BUY_TO_CLOSE,366.8085485458374,2022-05-22 00:00:00-04:00,1,1.3177088933928616,334.23,0.25401600341796876,0.1130944161473168,0.0,1.0,40.53543566315392,L0001,S0129,PMCC_PROFIT_EARLY,31512.22062664088
2022-04-21 15:00:00-04:00,SHORT_CALL,SELL_TO_OPEN,362.6037993850707,2022-05-23 00:00:00-04:00,1,1.889382803029477,334.23,0.25401600341796876,0.15,0.0,1.0,0.0,L0001,S0130,PMCC_OPEN_BEAR_SMA_FORCED,31700.158906943827
2022-04-22 10:00:00-04:00,SHORT_CALL,BUY_TO_CLOSE,362.6037993850707,2022-05-23 00:00:00-04:00,1,2.8347630718034367,331.53,0.3159519897460938,0.1788455585079583,0.0,1.0,-95.53802687739596,L0001,S0130,LEAPS_EXIT,31415.682599763484
2022-04-22 10:00:00-04:00,LEAPS,SELL_TO_CLOSE,239.46733148193363,2022-08-19 01:00:00-04:00,1,93.71474916023996,331.53,0.3413409889221192,0.9624253611418532,0.0,1.0,183.17370826001206,L0001,,ADAPTIVE_DTE_ROLL(dte=119<120),40786.157515787476
2022-04-26 00:00:00,SMH_SPREAD,CLOSE,113.5,2022-05-04,4,4.003247,111.50018310546875,0.445228,,0.0,5.2,-840.339065,,,SMH_GAP_SLIP,39945.81845122515
2022-04-26 00:00:00,SMH_SPREAD,SELL_TO_OPEN,105.0,2022-05-10,3,1.592808,111.50018310546875,0.484162,0.25,0.0,3.9000000000000004,0.0,,,SMH_ENTRY,39941.918451225145
2022-05-03 00:00:00,SMH_SPREAD,CLOSE,105.0,2022-05-10,3,0.605349,116.31409454345703,0.644417,,0.0,3.9000000000000004,288.437601,,,SMH_PROFIT_TAKE,40230.356051837654
2022-05-03 00:00:00,SMH_SPREAD,SELL_TO_OPEN,108.0,2022-05-17,4,2.19658,116.31409454345703,0.618957,0.25,0.0,5.2,0.0,,,SMH_ENTRY,40225.15605183766
2022-05-16 00:00:00,SMH_SPREAD,CLOSE,108.0,2022-05-17,4,0.416406,111.451416015625,0.68951,,0.0,5.2,701.669357,,,SMH_PROFIT_TAKE,40926.825408859644
2022-05-16 00:00:00,SMH_SPREAD,SELL_TO_OPEN,102.0,2022-05-30,4,2.591037,111.451416015625,0.752798,0.25,0.0,5.2,0.0,,,SMH_ENTRY,40921.62540885965
2022-05-25 00:00:00,SMH_SPREAD,CLOSE,102.0,2022-05-30,4,0.868127,111.49043273925781,0.788822,,0.0,5.2,678.763868,,,SMH_PROFIT_TAKE,41600.38927673604
2022-05-25 00:00:00,SMH_SPREAD,SELL_TO_OPEN,102.0,2022-06-08,4,2.827638,111.49043273925781,0.788822,0.25,0.0,5.2,0.0,,,SMH_ENTRY,41595.18927673604
2022-05-27 00:00:00,SMH_SPREAD,CLOSE,102.0,2022-06-08,4,1.107816,119.78673553466797,0.811124,,0.0,5.2,677.528975,,,SMH_PROFIT_TAKE,42272.71825214454
2022-05-27 00:00:00,SMH_SPREAD,SELL_TO_OPEN,110.0,2022-06-10,4,2.752422,119.78673553466797,0.73418,0.25,0.0,5.2,0.0,,,SMH_ENTRY,42267.518252144546
2022-06-02 00:00:00,SMH_SPREAD,CLOSE,110.0,2022-06-10,4,1.254132,121.47428131103516,0.743501,,0.0,5.2,588.915916,,,SMH_PROFIT_TAKE,42856.43416810634
2022-06-02 00:00:00,SMH_SPREAD,SELL_TO_OPEN,111.5,2022-06-16,4,2.739863,121.47428131103516,0.729377,0.25,0.0,5.2,0.0,,,SMH_ENTRY,42851.23416810634
2022-06-13 00:00:00,SMH_SPREAD,CLOSE,111.5,2022-06-16,4,8.542307,103.0965805053711,0.583276,,0.0,5.2,-2331.377504,,,SMH_GAP_SLIP,40519.85666363745
2022-06-13 00:00:00,SMH_SPREAD,SELL_TO_OPEN,95.5,2022-06-27,4,2.148745,103.0965805053711,0.660637,0.25,0.0,5.2,0.0,,,SMH_ENTRY,40514.656663637455
2022-06-21 00:00:00,SMH_SPREAD,CLOSE,95.5,2022-06-27,4,0.82452,103.14534759521484,0.662714,,0.0,5.2,519.289965,,,SMH_PROFIT_TAKE,41033.94662857901
2022-06-21 00:00:00,SMH_SPREAD,SELL_TO_OPEN,95.5,2022-07-05,4,2.149828,103.14534759521484,0.662714,0.25,0.0,5.2,0.0,,,SMH_ENTRY,41028.746628579014
2022-06-27 00:00:00,SMH_SPREAD,CLOSE,95.5,2022-07-05,4,0.878263,105.07677459716797,0.671854,,0.0,5.2,498.226064,,,SMH_PROFIT_TAKE,41526.97269241286
2022-06-27 00:00:00,SMH_SPREAD,SELL_TO_OPEN,97.5,2022-07-11,4,2.182551,105.07677459716797,0.65208,0.25,0.0,5.2,0.0,,,SMH_ENTRY,41521.772692412866
2022-07-08 00:00:00,SMH_SPREAD,CLOSE,97.5,2022-07-11,4,0.707503,101.76020812988281,0.617896,,0.0,5.2,579.619287,,,SMH_PROFIT_TAKE,42101.391979515975
2022-07-08 00:00:00,SMH_SPREAD,SELL_TO_OPEN,94.5,2022-07-22,4,2.113287,101.76020812988281,0.648388,0.25,0.0,5.2,0.0,,,SMH_ENTRY,42096.19197951598
2022-07-14 00:00:00,SMH_SPREAD,CLOSE,94.5,2022-07-22,4,0.81526,102.17964935302734,0.579867,,0.0,5.2,508.810772,,,SMH_PROFIT_TAKE,42605.00275109055
2022-07-14 00:00:00,SMH_SPREAD,SELL_TO_OPEN,95.5,2022-07-28,4,1.804734,102.17964935302734,0.570869,0.25,0.0,5.2,0.0,,,SMH_ENTRY,42599.80275109055
2022-07-18 00:00:00,SMH_SPREAD,CLOSE,95.5,2022-07-28,4,0.607981,103.9842529296875,0.49324,,0.0,5.2,468.300943,,,SMH_PROFIT_TAKE,43068.10369446985
2022-07-18 00:00:00,SMH_SPREAD,SELL_TO_OPEN,98.0,2022-08-01,4,1.46354,103.9842529296875,0.477391,0.25,0.0,5.2,0.0,,,SMH_ENTRY,43062.90369446985
2022-07-20 00:00:00,SMH_SPREAD,CLOSE,98.0,2022-08-01,4,0.517554,111.29534149169922,0.559838,,0.0,5.2,367.994604,,,SMH_PROFIT_TAKE,43430.898298564025
2022-07-20 00:00:00,SMH_SPREAD,SELL_TO_OPEN,104.5,2022-08-03,4,1.738405,111.29534149169922,0.518246,0.25,0.0,5.2,0.0,,,SMH_ENTRY,43425.69829856403
2022-07-27 00:00:00,SMH_SPREAD,CLOSE,104.5,2022-08-03,4,0.560498,113.32917785644531,0.539045,,0.0,5.2,460.762923,,,SMH_PROFIT_TAKE,43886.46122196389
2022-07-27 00:00:00,SMH_SPREAD,SELL_TO_OPEN,106.5,2022-08-10,4,1.852032,113.32917785644531,0.526269,0.25,0.0,5.2,0.0,,,SMH_ENTRY,43881.26122196389
2022-08-01 00:00:00,SMH_SPREAD,CLOSE,106.5,2022-08-10,4,0.469242,115.90438842773438,0.46161,,0.0,5.2,542.715857,,,SMH_PROFIT_TAKE,44423.97707879355
2022-08-01 00:00:00,SMH_SPREAD,SELL_TO_OPEN,110.0,2022-08-15,4,1.596181,115.90438842773438,0.44297,0.25,0.0,5.2,0.0,,,SMH_ENTRY,44418.77707879355
2022-08-04 00:00:00,SMH_SPREAD,CLOSE,110.0,2022-08-15,4,0.544227,119.63553619384766,0.430797,,0.0,5.2,410.381689,,,SMH_PROFIT_TAKE,44829.158767584006
2022-08-04 00:00:00,SMH_SPREAD,SELL_TO_OPEN,114.0,2022-08-18,4,1.540442,119.63553619384766,0.41152,0.25,0.0,5.2,0.0,,,SMH_ENTRY,44823.95876758401
2022-08-09 00:00:00,SMH_SPREAD,CLOSE,114.0,2022-08-18,4,4.21271,111.88062286376953,0.439408,,0.0,5.2,-1079.306961,,,SMH_GAP_SLIP,43744.65180650498
2022-08-09 00:00:00,SMH_SPREAD,SELL_TO_OPEN,105.5,2022-08-23,4,1.58784,111.88062286376953,0.476998,0.25,0.0,5.2,0.0,,,SMH_ENTRY,43739.451806504985
2022-08-12 00:00:00,SMH_SPREAD,CLOSE,105.5,2022-08-23,4,0.445958,119.67455291748047,0.547293,,0.0,5.2,446.352884,,,SMH_PROFIT_TAKE,44185.80469046727
2022-08-12 00:00:00,SMH_SPREAD,SELL_TO_OPEN,112.5,2022-08-26,4,1.819417,119.67455291748047,0.506518,0.25,0.0,5.2,0.0,,,SMH_ENTRY,44180.60469046727
2022-08-25 00:00:00,SMH_SPREAD,CLOSE,112.5,2022-08-26,4,0.255204,114.9972152709961,0.452483,,0.0,5.2,615.285083,,,SMH_PROFIT_TAKE,44795.889773842806
2022-08-25 00:00:00,SMH_SPREAD,SELL_TO_OPEN,108.5,2022-09-08,4,1.637176,114.9972152709961,0.475346,0.25,0.0,5.2,0.0,,,SMH_ENTRY,44790.68977384281
2022-08-26 00:00:00,SMH_SPREAD,CLOSE,108.5,2022-09-08,4,3.97196,108.6030502319336,0.502219,,0.0,5.2,-944.313646,,,SMH_LOSS_LIMIT,43846.37612783453
2022-08-26 00:00:00,SMH_SPREAD,SELL_TO_OPEN,101.5,2022-09-09,4,1.846512,108.6030502319336,0.560386,0.25,0.0,5.2,0.0,,,SMH_ENTRY,43841.17612783453
2022-09-08 00:00:00,SMH_SPREAD,CLOSE,101.5,2022-09-09,4,0.318824,103.2087631225586,0.439177,,0.0,5.2,600.675257,,,SMH_PROFIT_TAKE,44441.85138444925
2022-09-08 00:00:00,SMH_SPREAD,SELL_TO_OPEN,97.5,2022-09-22,4,1.43142,103.2087631225586,0.46409,0.25,0.0,5.2,0.0,,,SMH_ENTRY,44436.65138444925
2022-09-12 00:00:00,SMH_SPREAD,CLOSE,97.5,2022-09-22,4,0.569745,106.03272247314453,0.475234,,0.0,5.2,334.270071,,,SMH_PROFIT_TAKE,44770.92145573027
2022-09-12 00:00:00,SMH_SPREAD,SELL_TO_OPEN,100.5,2022-09-26,4,1.5181,106.03272247314453,0.457237,0.25,0.0,5.2,0.0,,,SMH_ENTRY,44765.72145573027
2022-09-13 00:00:00,SMH_SPREAD,CLOSE,100.5,2022-09-26,4,3.961836,99.72148132324219,0.482834,,0.0,5.2,-987.894168,,,SMH_GAP_SLIP,43777.827287582644
2022-09-13 00:00:00,SMH_SPREAD,SELL_TO_OPEN,93.5,2022-09-27,4,1.580774,99.72148132324219,0.528019,0.25,0.0,5.2,0.0,,,SMH_ENTRY,43772.62728758265
2022-09-19 00:00:00,SMH_SPREAD,CLOSE,93.5,2022-09-27,4,0.764271,100.1067886352539,0.523807,,0.0,5.2,316.201197,,,SMH_PROFIT_TAKE,44088.8284840846
2022-09-19 00:00:00,SMH_SPREAD,SELL_TO_OPEN,94.0,2022-10-03,4,1.577524,100.1067886352539,0.520236,0.25,0.0,5.2,0.0,,,SMH_ENTRY,44083.628484084606
2022-09-30 00:00:00,SMH_SPREAD,CLOSE,94.0,2022-10-03,4,3.892959,90.28876495361328,0.39119,,0.0,5.2,-936.574089,,,SMH_LOSS_LIMIT,43147.05439474797
2022-09-30 00:00:00,SMH_SPREAD,SELL_TO_OPEN,86.0,2022-10-14,4,1.195432,90.28876495361328,0.419062,0.25,0.0,5.2,0.0,,,SMH_ENTRY,43141.85439474797
2022-10-04 00:00:00,SMH_SPREAD,CLOSE,86.0,2022-10-14,4,0.337327,97.52669525146484,0.561878,,0.0,5.2,332.841683,,,SMH_PROFIT_TAKE,43474.69607759775
2022-10-04 00:00:00,SMH_SPREAD,SELL_TO_OPEN,91.5,2022-10-18,4,1.522954,97.52669525146484,0.521505,0.25,0.0,5.2,0.0,,,SMH_ENTRY,43469.49607759775
2022-10-10 00:00:00,SMH_SPREAD,CLOSE,91.5,2022-10-18,4,4.230195,88.91336059570312,0.526005,,0.0,5.2,-1093.296335,,,SMH_LOSS_LIMIT,42376.199742857214
2022-10-10 00:00:00,SMH_SPREAD,SELL_TO_OPEN,83.0,2022-10-24,4,1.64181,88.91336059570312,0.588975,0.25,0.0,5.2,0.0,,,SMH_ENTRY,42370.99974285722
2022-10-19 00:00:00,SMH_SPREAD,CLOSE,83.0,2022-10-24,4,0.817486,87.16728973388672,0.591028,,0.0,5.2,319.329589,,,SMH_PROFIT_TAKE,42690.32933150501
2022-10-19 00:00:00,SMH_SPREAD,SELL_TO_OPEN,81.0,2022-11-02,4,1.635949,87.16728973388672,0.613504,0.25,0.0,5.2,0.0,,,SMH_ENTRY,42685.12933150501
2022-10-24 00:00:00,SMH_SPREAD,CLOSE,81.0,2022-11-02,4,0.57933,91.17642974853516,0.670218,,0.0,5.2,412.247349,,,SMH_PROFIT_TAKE,43097.37668084538
2022-10-24 00:00:00,SMH_SPREAD,SELL_TO_OPEN,84.5,2022-11-07,4,1.7489,91.17642974853516,0.631655,0.25,0.0,5.2,0.0,,,SMH_ENTRY,43092.17668084538
2022-10-28 00:00:00,SMH_SPREAD,CLOSE,84.5,2022-11-07,4,0.861744,94.02477264404297,0.668967,,0.0,5.2,344.462271,,,SMH_PROFIT_TAKE,43436.63895195921
2022-10-28 00:00:00,SMH_SPREAD,SELL_TO_OPEN,87.0,2022-11-11,4,1.822846,94.02477264404297,0.641888,0.25,0.0,5.2,0.0,,,SMH_ENTRY,43431.438951959215
2022-11-04 00:00:00,SMH_SPREAD,CLOSE,87.0,2022-11-11,4,0.694819,93.3517074584961,0.565192,,0.0,5.2,440.81087,,,SMH_PROFIT_TAKE,43872.24982213834
2022-11-04 00:00:00,SMH_SPREAD,SELL_TO_OPEN,87.5,2022-11-18,4,1.659783,93.3517074584961,0.560338,0.25,0.0,5.2,0.0,,,SMH_ENTRY,43867.049822138346
2022-11-08 00:00:00,SMH_SPREAD,CLOSE,87.5,2022-11-18,4,0.43447,97.24868774414062,0.528704,,0.0,5.2,479.724955,,,SMH_PROFIT_TAKE,44346.77477745738
2022-11-08 00:00:00,SMH_SPREAD,SELL_TO_OPEN,91.5,2022-11-22,4,1.464214,97.24868774414062,0.500348,0.25,0.0,5.2,0.0,,,SMH_ENTRY,44341.57477745738
2022-11-11 00:00:00,SMH_SPREAD,CLOSE,91.5,2022-11-22,4,0.669652,107.69100189208984,0.760078,,0.0,5.2,307.425054,,,SMH_PROFIT_TAKE,44648.99983180413
2022-11-11 00:00:00,SMH_SPREAD,SELL_TO_OPEN,99.5,2022-11-25,4,2.299035,107.69100189208984,0.68009,0.25,0.0,5.2,0.0,,,SMH_ENTRY,44643.799831804135
2022-11-21 00:00:00,SMH_SPREAD,CLOSE,99.5,2022-11-25,4,0.986075,105.1938247680664,0.709113,,0.0,5.2,514.783828,,,SMH_PROFIT_TAKE,45158.5836598819
2022-11-21 00:00:00,SMH_SPREAD,SELL_TO_OPEN,96.5,2022-12-05,4,2.446855,105.1938247680664,0.742283,0.25,0.0,5.2,0.0,,,SMH_ENTRY,45153.3836598819
2022-11-28 00:00:00,SMH_SPREAD,CLOSE,96.5,2022-12-05,4,1.124342,105.3645248413086,0.745135,,0.0,5.2,518.604933,,,SMH_PROFIT_TAKE,45671.98859323248
2022-11-28 00:00:00,SMH_SPREAD,SELL_TO_OPEN,96.5,2022-12-12,4,2.423123,105.3645248413086,0.745135,0.25,0.0,5.2,0.0,,,SMH_ENTRY,45666.788593232486
2022-12-05 00:00:00,SMH_SPREAD,CLOSE,96.5,2022-12-12,4,0.796448,107.89098358154297,0.763706,,0.0,5.2,640.270043,,,SMH_PROFIT_TAKE,46307.05863652905
2022-12-05 00:00:00,SMH_SPREAD,SELL_TO_OPEN,99.0,2022-12-19,4,2.480819,107.89098358154297,0.736939,0.25,0.0,5.2,0.0,,,SMH_ENTRY,46301.858636529054
2022-12-09 00:00:00,SMH_SPREAD,CLOSE,99.0,2022-12-19,4,0.778969,107.32032012939453,0.512575,,0.0,5.2,670.339786,,,SMH_PROFIT_TAKE,46972.19842274331
2022-12-09 00:00:00,SMH_SPREAD,SELL_TO_OPEN,101.0,2022-12-23,4,1.618398,107.32032012939453,0.499739,0.25,0.0,5.2,0.0,,,SMH_ENTRY,46966.998422743316
2022-12-13 00:00:00,SMH_SPREAD,CLOSE,101.0,2022-12-23,4,0.553182,111.05146789550781,0.505538,,0.0,5.2,415.686257,,,SMH_PROFIT_TAKE,47382.684680218896
2022-12-13 00:00:00,SMH_SPREAD,SELL_TO_OPEN,105.0,2022-12-27,4,1.686105,111.05146789550781,0.481489,0.25,0.0,5.2,0.0,,,SMH_ENTRY,47377.4846802189
2022-12-16 00:00:00,SMH_SPREAD,CLOSE,105.0,2022-12-27,4,3.507381,104.16959381103516,0.434279,,0.0,5.2,-738.910139,,,SMH_LOSS_LIMIT,46638.57454136516
2022-12-16 00:00:00,SMH_SPREAD,SELL_TO_OPEN,98.5,2022-12-30,4,1.506851,104.16959381103516,0.469734,0.25,0.0,5.2,0.0,,,SMH_ENTRY,46633.37454136516
2022-12-29 00:00:00,SMH_SPREAD,CLOSE,98.5,2022-12-30,4,0.189732,100.50011444091797,0.403393,,0.0,5.2,516.44768,,,SMH_PROFIT_TAKE,47149.82222097309
2022-12-29 00:00:00,SMH_SPREAD,SELL_TO_OPEN,95.5,2023-01-12,4,1.279179,100.50011444091797,0.420932,0.25,0.0,5.2,0.0,,,SMH_ENTRY,47144.62222097309
2023-01-04 00:00:00,SMH_SPREAD,CLOSE,95.5,2023-01-12,4,0.560281,101.8615493774414,0.448145,,0.0,5.2,277.159017,,,SMH_PROFIT_TAKE,47421.78123769707
2023-01-04 00:00:00,SMH_SPREAD,SELL_TO_OPEN,96.5,2023-01-18,4,1.349415,101.8615493774414,0.442111,0.25,0.0,5.2,0.0,,,SMH_ENTRY,47416.58123769707
2023-01-09 00:00:00,SMH_SPREAD,CLOSE,96.5,2023-01-18,4,0.414044,106.685791015625,0.515694,,0.0,5.2,363.748453,,,SMH_PROFIT_TAKE,47780.329690722545
2023-01-09 00:00:00,SMH_SPREAD,SELL_TO_OPEN,100.5,2023-01-23,4,1.573773,106.685791015625,0.490325,0.25,0.0,5.2,0.0,,,SMH_ENTRY,47775.12969072255
2023-01-12 00:00:00,SMH_SPREAD,CLOSE,100.5,2023-01-23,4,0.605718,110.97728729248047,0.511681,,0.0,5.2,376.82223,,,SMH_PROFIT_TAKE,48151.95192101934
2023-01-12 00:00:00,SMH_SPREAD,SELL_TO_OPEN,104.5,2023-01-26,4,1.605638,110.97728729248047,0.487448,0.25,0.0,5.2,0.0,,,SMH_ENTRY,48146.75192101934
2023-01-17 00:00:00,SMH_SPREAD,CLOSE,104.5,2023-01-26,4,0.602121,112.037841796875,0.441451,,0.0,5.2,391.00657,,,SMH_PROFIT_TAKE,48537.75849114114
2023-01-17 00:00:00,SMH_SPREAD,SELL_TO_OPEN,106.5,2023-01-31,4,1.504542,112.037841796875,0.430714,0.25,0.0,5.2,0.0,,,SMH_ENTRY,48532.55849114114
2023-01-23 00:00:00,SMH_SPREAD,CLOSE,106.5,2023-01-31,4,0.439851,117.43428039550781,0.530866,,0.0,5.2,415.47658,,,SMH_PROFIT_TAKE,48948.03507147191
2023-01-23 00:00:00,SMH_SPREAD,SELL_TO_OPEN,110.5,2023-02-06,4,1.818966,117.43428039550781,0.507066,0.25,0.0,5.2,0.0,,,SMH_ENTRY,48942.83507147191
2023-01-26 00:00:00,SMH_SPREAD,CLOSE,110.5,2023-02-06,4,0.784149,118.81051635742188,0.441216,,0.0,5.2,403.526864,,,SMH_PROFIT_TAKE,49346.36193531735
2023-01-26 00:00:00,SMH_SPREAD,SELL_TO_OPEN,113.0,2023-02-09,4,1.597302,118.81051635742188,0.428613,0.25,0.0,5.2,0.0,,,SMH_ENTRY,49341.16193531735
2023-02-01 00:00:00,SMH_SPREAD,CLOSE,113.0,2023-02-09,4,0.529799,122.47062683105469,0.481588,,0.0,5.2,416.60094,,,SMH_PROFIT_TAKE,49757.76287562542
2023-02-01 00:00:00,SMH_SPREAD,SELL_TO_OPEN,116.0,2023-02-15,4,1.795959,122.47062683105469,0.465732,0.25,0.0,5.2,0.0,,,SMH_ENTRY,49752.56287562542
2023-02-07 00:00:00,SMH_SPREAD,CLOSE,116.0,2023-02-15,4,0.661862,124.37467956542969,0.466445,,0.0,5.2,443.238665,,,SMH_PROFIT_TAKE,50195.8015405933
2023-02-07 00:00:00,SMH_SPREAD,SELL_TO_OPEN,117.5,2023-02-21,4,1.685588,124.37467956542969,0.45878,0.25,0.0,5.2,0.0,,,SMH_ENTRY,50190.6015405933
2023-02-15 00:00:00,SMH_SPREAD,CLOSE,117.5,2023-02-21,4,0.68642,124.79889678955078,0.494028,,0.0,5.2,389.266951,,,SMH_PROFIT_TAKE,50579.86849173468
2023-02-15 00:00:00,SMH_SPREAD,SELL_TO_OPEN,117.5,2023-03-01,4,1.851809,124.79889678955078,0.494028,0.25,0.0,5.2,0.0,,,SMH_ENTRY,50574.66849173469
2023-02-22 00:00:00,SMH_SPREAD,CLOSE,117.5,2023-03-01,4,3.751132,115.54503631591797,0.422362,,0.0,5.2,-770.129336,,,SMH_LOSS_LIMIT,49804.53915547975
2023-02-22 00:00:00,SMH_SPREAD,SELL_TO_OPEN,109.5,2023-03-08,4,1.637216,115.54503631591797,0.455508,0.25,0.0,5.2,0.0,,,SMH_ENTRY,49799.339155479756
2023-02-27 00:00:00,SMH_SPREAD,CLOSE,109.5,2023-03-08,4,0.791227,118.03114318847656,0.500466,,0.0,5.2,327.995515,,,SMH_PROFIT_TAKE,50127.33467087697
2023-02-27 00:00:00,SMH_SPREAD,SELL_TO_OPEN,111.5,2023-03-13,4,1.819265,118.03114318847656,0.48899,0.25,0.0,5.2,0.0,,,SMH_ENTRY,50122.13467087697
2023-03-02 00:00:00,SMH_SPREAD,CLOSE,111.5,2023-03-13,4,0.759697,119.21499633789062,0.413707,,0.0,5.2,413.42707,,,SMH_PROFIT_TAKE,50535.561741177946
2023-03-02 00:00:00,SMH_SPREAD,SELL_TO_OPEN,113.5,2023-03-16,4,1.453086,119.21499633789062,0.404217,0.25,0.0,5.2,0.0,,,SMH_ENTRY,50530.36174117795
2023-03-08 00:00:00,SMH_SPREAD,CLOSE,113.5,2023-03-16,4,0.370319,121.51860809326172,0.386494,,0.0,5.2,422.706906,,,SMH_PROFIT_TAKE,50953.0686469332
2023-03-08 00:00:00,SMH_SPREAD,SELL_TO_OPEN,116.0,2023-03-22,4,1.349699,121.51860809326172,0.375641,0.25,0.0,5.2,0.0,,,SMH_ENTRY,50947.8686469332
2023-03-16 00:00:00,SMH_SPREAD,CLOSE,116.0,2023-03-22,4,0.38248,124.10830688476562,0.443423,,0.0,5.2,376.487763,,,SMH_PROFIT_TAKE,51324.35640968924
2023-03-16 00:00:00,SMH_SPREAD,SELL_TO_OPEN,118.0,2023-03-30,4,1.697004,124.10830688476562,0.433661,0.25,0.0,5.2,0.0,,,SMH_ENTRY,51319.15640968924
2023-03-21 00:00:00,SMH_SPREAD,CLOSE,118.0,2023-03-30,4,0.597624,125.11459350585938,0.378126,,0.0,5.2,429.3521,,,SMH_PROFIT_TAKE,51748.50850947226
2023-03-21 00:00:00,SMH_SPREAD,SELL_TO_OPEN,119.5,2023-04-04,4,1.378573,125.11459350585938,0.371861,0.25,0.0,5.2,0.0,,,SMH_ENTRY,51743.30850947226
2023-03-23 00:00:00,SMH_SPREAD,CLOSE,119.5,2023-04-04,4,0.671943,127.6155014038086,0.366488,,0.0,5.2,272.251743,,,SMH_PROFIT_TAKE,52015.560252942225
2023-03-23 00:00:00,SMH_SPREAD,SELL_TO_OPEN,122.0,2023-04-06,4,1.316648,127.6155014038086,0.356657,0.25,0.0,5.2,0.0,,,SMH_ENTRY,52010.36025294223
2023-03-30 00:00:00,SMH_SPREAD,CLOSE,122.0,2023-04-06,4,0.550649,128.92759704589844,0.39615,,0.0,5.2,295.999371,,,SMH_PROFIT_TAKE,52306.35962375478
2023-03-30 00:00:00,SMH_SPREAD,SELL_TO_OPEN,123.0,2023-04-13,4,1.542062,128.92759704589844,0.391885,0.25,0.0,5.2,0.0,,,SMH_ENTRY,52301.159623754786
2023-04-10 00:00:00,SMH_SPREAD,CLOSE,123.0,2023-04-13,4,0.443259,126.38724517822266,0.356745,,0.0,5.2,429.120997,,,SMH_PROFIT_TAKE,52730.28062116624
2023-04-10 00:00:00,SMH_SPREAD,SELL_TO_OPEN,121.0,2023-04-24,4,1.415242,126.38724517822266,0.364886,0.25,0.0,5.2,0.0,,,SMH_ENTRY,52725.08062116624
2023-04-18 00:00:00,SMH_SPREAD,CLOSE,121.0,2023-04-24,4,0.480494,124.81369018554688,0.285459,,0.0,5.2,363.49914,,,SMH_PROFIT_TAKE,53088.5797611069
2023-04-18 00:00:00,SMH_SPREAD,SELL_TO_OPEN,120.5,2023-05-02,4,1.062883,124.81369018554688,0.286783,0.25,0.0,5.2,0.0,,,SMH_ENTRY,53083.3797611069
2023-04-25 00:00:00,SMH_SPREAD,CLOSE,120.5,2023-05-02,4,3.271037,117.9818115234375,0.274082,,0.0,5.2,-893.661387,,,SMH_LOSS_LIMIT,52189.71837381112
2023-04-25 15:00:00-04:00,LEAPS,BUY_TO_OPEN,258.9678220367432,2024-04-24 00:00:00-04:00,2,70.31729801061994,309.95,0.25175920307159433,0.8499971142746792,0.0,2.0,0.0,L0131,,ENTRY_BULL_STRONG,38124.258771687135
2023-04-25 00:00:00,SMH_SPREAD,SELL_TO_OPEN,114.0,2023-05-09,4,1.018559,117.9818115234375,0.285182,0.25,0.0,5.2,0.0,,,SMH_ENTRY,38119.05877168714
2023-04-27 00:00:00,SMH_SPREAD,CLOSE,114.0,2023-05-09,4,0.332226,119.95491790771484,0.251101,,0.0,5.2,264.132879,,,SMH_PROFIT_TAKE,38383.19165023665
2023-04-27 00:00:00,SMH_SPREAD,SELL_TO_OPEN,116.5,2023-05-11,4,0.894964,119.95491790771484,0.245174,0.25,0.0,5.2,0.0,,,SMH_ENTRY,38377.991650236654
2023-05-01 00:00:00,SMH_SPREAD,CLOSE,116.5,2023-05-11,4,0.238776,122.89485168457031,0.256476,,0.0,5.2,252.07518,,,SMH_PROFIT_TAKE,38630.066830562006
2023-05-01 00:00:00,SMH_SPREAD,SELL_TO_OPEN,119.0,2023-05-15,4,0.865248,122.89485168457031,0.250583,0.25,0.0,5.2,0.0,,,SMH_ENTRY,38624.86683056201
2023-05-08 00:00:00,SMH_SPREAD,CLOSE,119.0,2023-05-15,4,0.308516,123.38812255859375,0.250569,,0.0,5.2,212.292786,,,SMH_PROFIT_TAKE,38837.1596165926
2023-05-08 00:00:00,SMH_SPREAD,SELL_TO_OPEN,119.5,2023-05-22,4,0.86554,123.38812255859375,0.249401,0.25,0.0,5.2,0.0,,,SMH_ENTRY,38831.959616592605
2023-05-15 00:00:00,SMH_SPREAD,CLOSE,119.5,2023-05-22,4,0.353635,124.42400360107422,0.280947,,0.0,5.2,194.362064,,,SMH_PROFIT_TAKE,39026.321680928246
2023-05-15 00:00:00,SMH_SPREAD,SELL_TO_OPEN,120.5,2023-05-29,4,1.095944,124.42400360107422,0.27836,0.25,0.0,5.2,0.0,,,SMH_ENTRY,39021.12168092825
2023-05-17 00:00:00,SMH_SPREAD,CLOSE,120.5,2023-05-29,4,0.506931,127.758544921875,0.308778,,0.0,5.2,225.204824,,,SMH_PROFIT_TAKE,39246.32650483478
2023-05-17 00:00:00,SMH_SPREAD,SELL_TO_OPEN,123.0,2023-05-31,4,1.117302,127.758544921875,0.30199,0.25,0.0,5.2,0.0,,,SMH_ENTRY,39241.126504834785
2023-05-22 00:00:00,SMH_SPREAD,CLOSE,123.0,2023-05-31,4,0.374906,131.39894104003906,0.349698,,0.0,5.2,286.558111,,,SMH_PROFIT_TAKE,39527.684615709004
2023-05-22 00:00:00,SMH_SPREAD,SELL_TO_OPEN,126.0,2023-06-05,4,1.312942,131.39894104003906,0.33877,0.25,0.0,5.2,0.0,,,SMH_ENTRY,39522.48461570901
2023-05-26 00:00:00,SMH_SPREAD,CLOSE,126.0,2023-06-05,4,0.528339,145.3783721923828,0.627463,,0.0,5.2,303.44133,,,SMH_PROFIT_TAKE,39825.92594572272
2023-05-26 00:00:00,SMH_SPREAD,SELL_TO_OPEN,136.0,2023-06-09,4,2.540586,145.3783721923828,0.564807,0.25,0.0,5.2,0.0,,,SMH_ENTRY,39820.72594572273
2023-06-05 00:00:00,SMH_SPREAD,CLOSE,136.0,2023-06-09,4,1.019067,142.369384765625,0.564324,,0.0,5.2,598.207492,,,SMH_PROFIT_TAKE,40418.933437941305
2023-06-05 00:00:00,SMH_SPREAD,SELL_TO_OPEN,133.0,2023-06-19,4,2.605447,142.369384765625,0.584134,0.25,0.0,5.2,0.0,,,SMH_ENTRY,40413.73343794131
2023-06-12 00:00:00,SMH_SPREAD,CLOSE,133.0,2023-06-19,4,0.484451,149.14700317382812,0.614683,,0.0,5.2,837.998432,,,SMH_PROFIT_TAKE,41251.7318699406
2023-06-12 00:00:00,SMH_SPREAD,SELL_TO_OPEN,139.5,2023-06-26,4,2.683847,149.14700317382812,0.574328,0.25,0.0,5.2,0.0,,,SMH_ENTRY,41246.531869940605
2023-06-20 00:00:00,SMH_SPREAD,CLOSE,139.5,2023-06-26,4,0.694034,150.78468322753906,0.552461,,0.0,5.2,785.525274,,,SMH_PROFIT_TAKE,42032.05714427804
2023-06-20 00:00:00,SMH_SPREAD,SELL_TO_OPEN,141.5,2023-07-04,4,2.552582,150.78468322753906,0.542579,0.25,0.0,5.2,0.0,,,SMH_ENTRY,42026.857144278045
2023-06-27 00:00:00,SMH_SPREAD,CLOSE,141.5,2023-07-04,4,0.343747,149.4725799560547,0.325599,,0.0,5.2,873.133838,,,SMH_PROFIT_TAKE,42899.99098200552
2023-06-27 00:00:00,SMH_SPREAD,SELL_TO_OPEN,144.0,2023-07-11,4,1.495225,149.4725799560547,0.319457,0.25,0.0,5.2,0.0,,,SMH_ENTRY,42894.79098200552
2023-07-03 00:00:00,SMH_SPREAD,CLOSE,144.0,2023-07-11,4,0.405111,151.5344696044922,0.302811,,0.0,5.2,425.645727,,,SMH_PROFIT_TAKE,43320.436709416324
2023-07-03 00:00:00,SMH_SPREAD,SELL_TO_OPEN,146.0,2023-07-17,4,1.319496,151.5344696044922,0.298285,0.25,0.0,5.2,0.0,,,SMH_ENTRY,43315.23670941633
2023-07-12 00:00:00,SMH_SPREAD,CLOSE,146.0,2023-07-17,4,0.26778,152.42236328125,0.299455,,0.0,5.2,410.286112,,,SMH_PROFIT_TAKE,43725.522821856546
2023-07-12 00:00:00,SMH_SPREAD,SELL_TO_OPEN,147.0,2023-07-26,4,1.355414,152.42236328125,0.297211,0.25,0.0,5.2,0.0,,,SMH_ENTRY,43720.32282185655
2023-07-17 00:00:00,SMH_SPREAD,CLOSE,147.0,2023-07-26,4,0.29494,157.6708221435547,0.326515,,0.0,5.2,413.789482,,,SMH_PROFIT_TAKE,44134.11230349736
2023-07-17 00:00:00,SMH_SPREAD,SELL_TO_OPEN,152.0,2023-07-31,4,1.561316,157.6708221435547,0.315023,0.25,0.0,5.2,0.0,,,SMH_ENTRY,44128.91230349736
2023-07-20 00:00:00,SMH_SPREAD,CLOSE,152.0,2023-07-31,4,3.915497,150.91293334960938,0.328657,,0.0,5.2,-952.072673,,,SMH_LOSS_LIMIT,43176.839630308794
2023-07-20 00:00:00,SMH_SPREAD,SELL_TO_OPEN,144.5,2023-08-03,4,1.552057,150.91293334960938,0.349606,0.25,0.0,5.2,0.0,,,SMH_ENTRY,43171.6396303088
2023-07-25 00:00:00,SMH_SPREAD,CLOSE,144.5,2023-08-03,4,0.459422,154.2869415283203,0.352011,,0.0,5.2,426.653774,,,SMH_PROFIT_TAKE,43598.29340390149
2023-07-25 00:00:00,SMH_SPREAD,SELL_TO_OPEN,148.0,2023-08-08,4,1.577619,154.2869415283203,0.341074,0.25,0.0,5.2,0.0,,,SMH_ENTRY,43593.09340390149
2023-07-28 00:00:00,SMH_SPREAD,CLOSE,148.0,2023-08-08,4,0.521026,158.34169006347656,0.335653,,0.0,5.2,412.23715,,,SMH_PROFIT_TAKE,44005.33055437467
2023-07-28 00:00:00,SMH_SPREAD,SELL_TO_OPEN,152.0,2023-08-11,4,1.503424,158.34169006347656,0.326218,0.25,0.0,5.2,0.0,,,SMH_ENTRY,44000.13055437467
2023-08-08 15:00:00-04:00,LEAPS,BUY_TO_OPEN,317.5474072265625,2024-08-07 00:00:00-04:00,2,78.05899662739054,371.94,0.22865699672698975,0.8500098862041394,0.0,2.0,0.0,L0132,,ENTRY_BULL_STRONG,16386.33122889656
2023-08-09 00:00:00,SMH_SPREAD,CLOSE,152.0,2023-08-11,4,4.016354,148.2788543701172,0.339705,,0.0,5.2,-1015.571803,,,SMH_LOSS_LIMIT,27370.759425695
2023-08-09 00:00:00,SMH_SPREAD,SELL_TO_OPEN,142.0,2023-08-23,4,1.638318,148.2788543701172,0.361282,0.25,0.0,5.2,0.0,,,SMH_ENTRY,27365.559425695
2023-08-18 15:00:00-04:00,LEAPS,BUY_TO_OPEN,301.23904293823244,2024-08-17 00:00:00-04:00,1,80.11610114858286,358.14,0.24738998908996587,0.8499976593196155,0.0,1.0,0.0,L0133,,ENTRY_BULL_STRONG,7352.949310836713
2023-08-21 00:00:00,SMH_SPREAD,CLOSE,142.0,2023-08-23,4,0.079348,149.00889587402344,0.388138,,0.0,5.2,613.188059,,,SMH_PROFIT_TAKE,19966.137370139746
2023-08-21 00:00:00,SMH_SPREAD,SELL_TO_OPEN,142.0,2023-09-04,4,1.704509,149.00889587402344,0.388138,0.25,0.0,5.2,0.0,,,SMH_ENTRY,19960.937370139745
2023-08-24 15:00:00-04:00,SHORT_CALL,SELL_TO_OPEN,375.6674121780395,2023-09-25 00:00:00-04:00,2,3.4696540493469,361.11,0.1926400085449219,0.28,0.0,2.0,0.0,L0131,S0134,PMCC_OPEN_BULL_STRONG,20652.868180009125
2023-08-24 15:00:00-04:00,SHORT_CALL,SELL_TO_OPEN,375.6674121780395,2023-09-25 00:00:00-04:00,2,3.4696540493469,361.11,0.1926400085449219,0.28,0.0,2.0,0.0,L0132,S0135,PMCC_OPEN_BULL_STRONG,21344.798989878505
2023-08-24 15:00:00-04:00,SHORT_CALL,SELL_TO_OPEN,375.6674121780395,2023-09-25 00:00:00-04:00,1,3.4696540493469,361.11,0.1926400085449219,0.28,0.0,1.0,0.0,L0133,S0136,PMCC_OPEN_BULL_STRONG,21690.764394813195
2023-08-25 10:00:00-04:00,SHORT_CALL,BUY_TO_CLOSE,375.6674121780395,2023-09-25 00:00:00-04:00,2,2.200950127382953,358.73,0.17561600341796874,0.2154585245731372,0.0,2.0,251.74078439278946,L0131,S0134,PMCC_PROFIT_EARLY,21248.574369336606
2023-08-25 10:00:00-04:00,SHORT_CALL,BUY_TO_CLOSE,375.6674121780395,2023-09-25 00:00:00-04:00,2,2.200950127382953,358.73,0.17561600341796874,0.2154585245731372,0.0,2.0,251.74078439278946,L0132,S0135,PMCC_PROFIT_EARLY,20806.384343860016
2023-08-25 10:00:00-04:00,SHORT_CALL,BUY_TO_CLOSE,375.6674121780395,2023-09-25 00:00:00-04:00,1,2.200950127382953,358.73,0.17561600341796874,0.2154585245731372,0.0,1.0,125.87039219639473,L0133,S0136,PMCC_PROFIT_EARLY,20585.28933112172
2023-08-25 15:00:00-04:00,SHORT_CALL,SELL_TO_OPEN,377.5352736091613,2023-09-26 00:00:00-04:00,2,3.197234432275337,364.07,0.17561600341796874,0.28,0.0,2.0,0.0,L0131,S0137,PMCC_OPEN_BULL_STRONG,21222.73621757679
2023-08-25 15:00:00-04:00,SHORT_CALL,SELL_TO_OPEN,377.5352736091613,2023-09-26 00:00:00-04:00,2,3.197234432275337,364.07,0.17561600341796874,0.28,0.0,2.0,0.0,L0132,S0138,PMCC_OPEN_BULL_STRONG,21860.183104031858
2023-08-25 15:00:00-04:00,SHORT_CALL,SELL_TO_OPEN,377.5352736091613,2023-09-26 00:00:00-04:00,1,3.197234432275337,364.07,0.17561600341796874,0.28,0.0,1.0,0.0,L0133,S0139,PMCC_OPEN_BULL_STRONG,22178.90654725939
2023-08-28 00:00:00,SMH_SPREAD,CLOSE,142.0,2023-09-04,4,0.812781,148.90037536621094,0.392596,,0.0,5.2,346.291311,,,SMH_PROFIT_TAKE,22525.197857865896
2023-08-28 00:00:00,SMH_SPREAD,SELL_TO_OPEN,142.0,2023-09-11,4,1.772341,148.90037536621094,0.392596,0.25,0.0,5.2,0.0,,,SMH_ENTRY,22519.997857865896
2023-08-29 10:00:00-04:00,SHORT_CALL,BUY_TO_CLOSE,377.5352736091613,2023-09-26 00:00:00-04:00,2,4.877861045159676,372.0,0.16183999786376957,0.4144741926182508,0.0,2.0,-338.1253225768678,L0131,S0137,PMCC_STRIKE_GAP,21542.42564883396
2023-08-29 10:00:00-04:00,SHORT_CALL,BUY_TO_CLOSE,377.5352736091613,2023-09-26 00:00:00-04:00,2,4.877861045159676,372.0,0.16183999786376957,0.4144741926182508,0.0,2.0,-338.1253225768678,L0132,S0138,PMCC_STRIKE_GAP,20564.853439802024
2023-08-29 10:00:00-04:00,SHORT_CALL,BUY_TO_CLOSE,377.5352736091613,2023-09-26 00:00:00-04:00,1,4.877861045159676,372.0,0.16183999786376957,0.4144741926182508,0.0,1.0,-169.0626612884339,L0133,S0139,PMCC_STRIKE_GAP,20076.067335286058
2023-08-29 15:00:00-04:00,SHORT_CALL,SELL_TO_OPEN,387.5894726829528,2023-09-30 00:00:00-04:00,2,3.0389845848988557,374.73,0.16183999786376957,0.28,0.0,2.0,0.0,L0131,S0140,PMCC_OPEN_BULL_STRONG,20681.86425226583
2023-08-29 15:00:00-04:00,SHORT_CALL,SELL_TO_OPEN,387.5894726829528,2023-09-30 00:00:00-04:00,2,3.0389845848988557,374.73,0.16183999786376957,0.28,0.0,2.0,0.0,L0132,S0141,PMCC_OPEN_BULL_STRONG,21287.661169245603
2023-08-29 15:00:00-04:00,SHORT_CALL,SELL_TO_OPEN,387.5894726829528,2023-09-30 00:00:00-04:00,1,3.0389845848988557,374.73,0.16183999786376957,0.28,0.0,1.0,0.0,L0133,S0142,PMCC_OPEN_BULL_STRONG,21590.55962773549
2023-08-30 00:00:00,SMH_SPREAD,CLOSE,142.0,2023-09-11,4,0.70265,153.49771118164062,0.39251,,0.0,5.2,417.476576,,,SMH_PROFIT_TAKE,22008.036203918633
2023-08-30 00:00:00,SMH_SPREAD,SELL_TO_OPEN,146.5,2023-09-13,4,1.710265,153.49771118164062,0.376993,0.25,0.0,5.2,0.0,,,SMH_ENTRY,22002.836203918632
2023-09-05 00:00:00,SMH_SPREAD,CLOSE,146.5,2023-09-13,4,0.746319,154.47439575195312,0.376981,,0.0,5.2,375.178487,,,SMH_PROFIT_TAKE,22378.014691116805
2023-09-05 00:00:00,SMH_SPREAD,SELL_TO_OPEN,147.5,2023-09-19,4,1.706932,154.47439575195312,0.373584,0.25,0.0,5.2,0.0,,,SMH_ENTRY,22372.814691116804
2023-09-06 10:00:00-04:00,SHORT_CALL,BUY_TO_CLOSE,387.5894726829528,2023-09-30 00:00:00-04:00,2,2.0339637535956285,374.25,0.16183999786376957,0.2298922936453921,0.0,2.0,199.00416626064543,L0131,S0140,PMCC_PROFIT_EARLY,21964.021940397677
2023-09-06 10:00:00-04:00,SHORT_CALL,BUY_TO_CLOSE,387.5894726829528,2023-09-30 00:00:00-04:00,2,2.0339637535956285,374.25,0.16183999786376957,0.2298922936453921,0.0,2.0,199.00416626064543,L0132,S0141,PMCC_PROFIT_EARLY,21555.22918967855
2023-09-06 10:00:00-04:00,SHORT_CALL,BUY_TO_CLOSE,387.5894726829528,2023-09-30 00:00:00-04:00,1,2.0339637535956285,374.25,0.16183999786376957,0.2298922936453921,0.0,1.0,99.50208313032272,L0133,S0142,PMCC_PROFIT_EARLY,21350.832814318986
2023-09-07 15:00:00-04:00,SHORT_CALL,SELL_TO_OPEN,384.7445209178925,2023-10-09 00:00:00-04:00,2,3.006790241659857,372.03,0.16127999572753904,0.28,0.0,2.0,0.0,L0131,S0143,PMCC_OPEN_BULL_STRONG,21950.190862650958
2023-09-07 15:00:00-04:00,SHORT_CALL,SELL_TO_OPEN,384.7445209178925,2023-10-09 00:00:00-04:00,2,3.006790241659857,372.03,0.16127999572753904,0.28,0.0,2.0,0.0,L0132,S0144,PMCC_OPEN_BULL_STRONG,22549.54891098293
2023-09-07 15:00:00-04:00,SHORT_CALL,SELL_TO_OPEN,384.7445209178925,2023-10-09 00:00:00-04:00,1,3.006790241659857,372.03,0.16127999572753904,0.28,0.0,1.0,0.0,L0133,S0145,PMCC_OPEN_BULL_STRONG,22849.227935148916
2023-09-15 00:00:00,SMH_SPREAD,CLOSE,147.5,2023-09-19,4,3.527159,144.8357696533203,0.321025,,0.0,5.2,-738.491122,,,SMH_LOSS_LIMIT,22110.7368127035
2023-09-15 10:00:00-04:00,SHORT_CALL,BUY_TO_CLOSE,384.7445209178925,2023-10-09 00:00:00-04:00,2,1.7987103565326947,371.46,0.15444799957275393,0.2178501169914589,0.0,2.0,239.61597702543247,L0131,S0143,PMCC_PROFIT_EARLY,21748.99474139696
2023-09-15 10:00:00-04:00,SHORT_CALL,BUY_TO_CLOSE,384.7445209178925,2023-10-09 00:00:00-04:00,2,1.7987103565326947,371.46,0.15444799957275393,0.2178501169914589,0.0,2.0,239.61597702543247,L0132,S0144,PMCC_PROFIT_EARLY,21387.25267009042
2023-09-15 10:00:00-04:00,SHORT_CALL,BUY_TO_CLOSE,384.7445209178925,2023-10-09 00:00:00-04:00,1,1.7987103565326947,371.46,0.15444799957275393,0.2178501169914589,0.0,1.0,119.80798851271624,L0133,S0145,PMCC_PROFIT_EARLY,21206.38163443715
2023-09-15 15:00:00-04:00,SHORT_CALL,SELL_TO_OPEN,382.84476314544673,2023-10-17 00:00:00-04:00,2,2.871777573745902,370.66,0.15444799957275393,0.28,0.0,2.0,0.0,L0131,S0146,PMCC_OPEN_BULL_STRONG,21778.73714918633
2023-09-15 15:00:00-04:00,SHORT_CALL,SELL_TO_OPEN,382.84476314544673,2023-10-17 00:00:00-04:00,2,2.871777573745902,370.66,0.15444799957275393,0.28,0.0,2.0,0.0,L0132,S0147,PMCC_OPEN_BULL_STRONG,22351.09266393551
2023-09-15 15:00:00-04:00,SHORT_CALL,SELL_TO_OPEN,382.84476314544673,2023-10-17 00:00:00-04:00,1,2.871777573745902,370.66,0.15444799957275393,0.28,0.0,1.0,0.0,L0133,S0148,PMCC_OPEN_BULL_STRONG,22637.2704213101
2023-09-15 00:00:00,SMH_SPREAD,SELL_TO_OPEN,139.0,2023-09-29,4,1.493078,144.8357696533203,0.340428,0.25,0.0,5.2,0.0,,,SMH_ENTRY,22632.070421310098
2023-09-19 10:00:00-04:00,SHORT_CALL,BUY_TO_CLOSE,382.84476314544673,2023-10-17 00:00:00-04:00,2,1.7145490913119374,366.93,0.1580319961547852,0.19625206606578383,0.0,2.0,229.44569648679294,L0131,S0146,PMCC_PROFIT_EARLY,22287.160603047712
2023-09-19 10:00:00-04:00,SHORT_CALL,BUY_TO_CLOSE,382.84476314544673,2023-10-17 00:00:00-04:00,2,1.7145490913119374,366.93,0.1580319961547852,0.19625206606578383,0.0,2.0,229.44569648679294,L0132,S0147,PMCC_PROFIT_EARLY,21942.250784785327
2023-09-19 10:00:00-04:00,SHORT_CALL,BUY_TO_CLOSE,382.84476314544673,2023-10-17 00:00:00-04:00,1,1.7145490913119374,366.93,0.1580319961547852,0.19625206606578383,0.0,1.0,114.72284824339647,L0133,S0148,PMCC_PROFIT_EARLY,21769.795875654134
2023-09-19 15:00:00-04:00,SHORT_CALL,SELL_TO_OPEN,382.28798341369634,2023-10-21 00:00:00-04:00,2,2.930568264735456,369.87,0.1580319961547852,0.28,0.0,2.0,0.0,L0131,S0149,PMCC_OPEN_BULL_STRONG,22353.909528601223
2023-09-19 15:00:00-04:00,SHORT_CALL,SELL_TO_OPEN,382.28798341369634,2023-10-21 00:00:00-04:00,2,2.930568264735456,369.87,0.1580319961547852,0.28,0.0,2.0,0.0,L0132,S0150,PMCC_OPEN_BULL_STRONG,22938.023181548313
2023-09-19 15:00:00-04:00,SHORT_CALL,SELL_TO_OPEN,382.28798341369634,2023-10-21 00:00:00-04:00,1,2.930568264735456,369.87,0.1580319961547852,0.28,0.0,1.0,0.0,L0133,S0151,PMCC_OPEN_BULL_STRONG,23230.080008021858
2023-09-20 15:00:00-04:00,SHORT_CALL,BUY_TO_CLOSE,382.28798341369634,2023-10-21 00:00:00-04:00,2,1.949856593757005,364.54,0.16956800384521487,0.19880000456524194,0.0,2.0,194.14233419569018,L0131,S0149,PMCC_PROFIT_EARLY,22838.108689270455
2023-09-20 15:00:00-04:00,SHORT_CALL,BUY_TO_CLOSE,382.28798341369634,2023-10-21 00:00:00-04:00,2,1.949856593757005,364.54,0.16956800384521487,0.19880000456524194,0.0,2.0,194.14233419569018,L0132,S0150,PMCC_PROFIT_EARLY,22446.137370519053
2023-09-20 15:00:00-04:00,SHORT_CALL,BUY_TO_CLOSE,382.28798341369634,2023-10-21 00:00:00-04:00,1,1.949856593757005,364.54,0.16956800384521487,0.19880000456524194,0.0,1.0,97.07116709784509,L0133,S0151,PMCC_PROFIT_EARLY,22250.151711143353
2023-09-20 15:00:00-04:00,SHORT_CALL,SELL_TO_OPEN,377.5943489456176,2023-10-22 00:00:00-04:00,2,3.093757623277696,364.54,0.16956800384521487,0.28,0.0,2.0,0.0,L0131,S0152,PMCC_OPEN_BULL_STRONG,22866.90323579889
2023-09-20 15:00:00-04:00,SHORT_CALL,SELL_TO_OPEN,377.5943489456176,2023-10-22 00:00:00-04:00,2,3.093757623277696,364.54,0.16956800384521487,0.28,0.0,2.0,0.0,L0132,S0153,PMCC_OPEN_BULL_STRONG,23483.65476045443
2023-09-20 15:00:00-04:00,SHORT_CALL,SELL_TO_OPEN,377.5943489456176,2023-10-22 00:00:00-04:00,1,3.093757623277696,364.54,0.16956800384521487,0.28,0.0,1.0,0.0,L0133,S0154,PMCC_OPEN_BULL_STRONG,23792.0305227822
2023-09-21 15:00:00-04:00,SHORT_CALL,BUY_TO_CLOSE,377.5943489456176,2023-10-22 00:00:00-04:00,2,2.253641042426267,357.77,0.19644801025390626,0.20195117599558482,0.0,2.0,166.02331617028585,L0131,S0152,PMCC_PROFIT_EARLY,23339.302314296947
2023-09-21 15:00:00-04:00,SHORT_CALL,BUY_TO_CLOSE,377.5943489456176,2023-10-22 00:00:00-04:00,2,2.253641042426267,357.77,0.19644801025390626,0.20195117599558482,0.0,2.0,166.02331617028585,L0132,S0153,PMCC_PROFIT_EARLY,22886.574105811695
2023-09-21 15:00:00-04:00,SHORT_CALL,BUY_TO_CLOSE,377.5943489456176,2023-10-22 00:00:00-04:00,1,2.253641042426267,357.77,0.19644801025390626,0.20195117599558482,0.0,1.0,83.01165808514293,L0133,S0154,PMCC_PROFIT_EARLY,22660.210001569067
2023-09-21 15:00:00-04:00,SHORT_CALL,SELL_TO_OPEN,372.4614929161071,2023-10-23 00:00:00-04:00,2,3.5037272077625374,357.77,0.19644801025390626,0.28,0.0,2.0,0.0,L0131,S0155,PMCC_OPEN_BULL_STRONG,23358.955443121573
2023-09-21 15:00:00-04:00,SHORT_CALL,SELL_TO_OPEN,372.4614929161071,2023-10-23 00:00:00-04:00,2,3.5037272077625374,357.77,0.19644801025390626,0.28,0.0,2.0,0.0,L0132,S0156,PMCC_OPEN_BULL_STRONG,24057.70088467408
2023-09-21 15:00:00-04:00,SHORT_CALL,SELL_TO_OPEN,372.4614929161071,2023-10-23 00:00:00-04:00,1,3.5037272077625374,357.77,0.19644801025390626,0.28,0.0,1.0,0.0,L0133,S0157,PMCC_OPEN_BULL_STRONG,24407.073605450332
2023-09-25 00:00:00,SMH_SPREAD,CLOSE,139.0,2023-09-29,4,0.743799,141.0375518798828,0.269538,,0.0,5.2,289.311475,,,SMH_PROFIT_TAKE,24696.385080675413
2023-09-25 10:00:00-04:00,SHORT_CALL,BUY_TO_CLOSE,372.4614929161071,2023-10-23 00:00:00-04:00,2,2.5325824213767874,356.78,0.18927999572753906,0.23682962413640146,0.0,2.0,192.22895727715002,L0131,S0155,PMCC_PROFIT_EARLY,24187.868596400054
2023-09-25 10:00:00-04:00,SHORT_CALL,BUY_TO_CLOSE,372.4614929161071,2023-10-23 00:00:00-04:00,2,2.5325824213767874,356.78,0.18927999572753906,0.23682962413640146,0.0,2.0,192.22895727715002,L0132,S0156,PMCC_PROFIT_EARLY,23679.352112124696
2023-09-25 10:00:00-04:00,SHORT_CALL,BUY_TO_CLOSE,372.4614929161071,2023-10-23 00:00:00-04:00,1,2.5325824213767874,356.78,0.18927999572753906,0.23682962413640146,0.0,1.0,96.11447863857501,L0133,S0157,PMCC_PROFIT_EARLY,23425.093869987017
2023-09-25 15:00:00-04:00,SHORT_CALL,SELL_TO_OPEN,373.9235242156983,2023-10-27 00:00:00-04:00,2,3.397355398721615,359.66,0.18927999572753906,0.28,0.0,2.0,0.0,L0131,S0158,PMCC_OPEN_BULL_STRONG,24102.56494973134
2023-09-25 15:00:00-04:00,SHORT_CALL,SELL_TO_OPEN,373.9235242156983,2023-10-27 00:00:00-04:00,2,3.397355398721615,359.66,0.18927999572753906,0.28,0.0,2.0,0.0,L0132,S0159,PMCC_OPEN_BULL_STRONG,24780.03602947566
2023-09-25 15:00:00-04:00,SHORT_CALL,SELL_TO_OPEN,373.9235242156983,2023-10-27 00:00:00-04:00,1,3.397355398721615,359.66,0.18927999572753906,0.28,0.0,1.0,0.0,L0133,S0160,PMCC_OPEN_BULL_STRONG,25118.771569347824
2023-09-25 00:00:00,SMH_SPREAD,SELL_TO_OPEN,136.5,2023-10-09,4,1.189318,141.0375518798828,0.275173,0.25,0.0,5.2,0.0,,,SMH_ENTRY,25113.571569347823
2023-09-26 15:00:00-04:00,SHORT_CALL,BUY_TO_CLOSE,373.9235242156983,2023-10-27 00:00:00-04:00,2,2.685822540774865,354.22,0.21212800598144532,0.22018081511701626,0.0,2.0,140.30657158935003,L0131,S0158,PMCC_PROFIT_EARLY,24574.40706119285
2023-09-26 15:00:00-04:00,SHORT_CALL,BUY_TO_CLOSE,373.9235242156983,2023-10-27 00:00:00-04:00,2,2.685822540774865,354.22,0.21212800598144532,0.22018081511701626,0.0,2.0,140.30657158935003,L0132,S0159,PMCC_PROFIT_EARLY,24035.24255303788
2023-09-26 15:00:00-04:00,SHORT_CALL,BUY_TO_CLOSE,373.9235242156983,2023-10-27 00:00:00-04:00,1,2.685822540774865,354.22,0.21212800598144532,0.22018081511701626,0.0,1.0,70.15328579467501,L0133,S0160,PMCC_PROFIT_EARLY,23765.660298960393
2023-09-28 00:00:00,SMH_SPREAD,CLOSE,136.5,2023-10-09,4,0.567178,142.3496551513672,0.259739,,0.0,5.2,238.456107,,,SMH_PROFIT_TAKE,24004.116405501074
2023-09-28 00:00:00,SMH_SPREAD,SELL_TO_OPEN,138.0,2023-10-12,4,1.09698,142.3496551513672,0.256609,0.25,0.0,5.2,0.0,,,SMH_ENTRY,23998.916405501073
2023-10-02 00:00:00,SMH_SPREAD,CLOSE,138.0,2023-10-12,4,0.489709,144.26356506347656,0.266775,,0.0,5.2,232.5085,,,SMH_PROFIT_TAKE,24231.42490528826
2023-10-02 00:00:00,SMH_SPREAD,SELL_TO_OPEN,139.5,2023-10-16,4,1.081147,144.26356506347656,0.263611,0.25,0.0,5.2,0.0,,,SMH_ENTRY,24226.224905288258
2023-10-09 00:00:00,SMH_SPREAD,CLOSE,139.5,2023-10-16,4,0.385039,145.98016357421875,0.297041,,0.0,5.2,268.043035,,,SMH_PROFIT_TAKE,24494.267940692567
2023-10-09 00:00:00,SMH_SPREAD,SELL_TO_OPEN,141.0,2023-10-23,4,1.322433,145.98016357421875,0.293563,0.25,0.0,5.2,0.0,,,SMH_ENTRY,24489.067940692566
2023-10-11 00:00:00,SMH_SPREAD,CLOSE,141.0,2023-10-23,4,0.598079,149.3837890625,0.307074,,0.0,5.2,279.341587,,,SMH_PROFIT_TAKE,24768.409527484146
2023-10-11 00:00:00,SMH_SPREAD,SELL_TO_OPEN,144.0,2023-10-25,4,1.336975,149.3837890625,0.30014,0.25,0.0,5.2,0.0,,,SMH_ENTRY,24763.209527484145
2023-10-16 15:00:00-04:00,SHORT_CALL,SELL_TO_OPEN,384.39111083221445,2023-11-16 23:00:00-05:00,2,3.552158062163798,369.48,0.19275198974609378,0.28,0.0,2.0,0.0,L0131,S0161,PMCC_OPEN_BULL_STRONG,25471.641139916905
2023-10-16 15:00:00-04:00,SHORT_CALL,SELL_TO_OPEN,384.39111083221445,2023-11-16 23:00:00-05:00,2,3.552158062163798,369.48,0.19275198974609378,0.28,0.0,2.0,0.0,L0132,S0162,PMCC_OPEN_BULL_STRONG,26180.072752349664
2023-10-16 15:00:00-04:00,SHORT_CALL,SELL_TO_OPEN,384.39111083221445,2023-11-16 23:00:00-05:00,1,3.552158062163798,369.48,0.19275198974609378,0.28,0.0,1.0,0.0,L0133,S0163,PMCC_OPEN_BULL_STRONG,26534.288558566044
2023-10-18 15:00:00-04:00,SHORT_CALL,BUY_TO_CLOSE,384.39111083221445,2023-11-16 23:00:00-05:00,2,2.5165732231042313,363.09,0.2152639923095703,0.20555902088938943,0.0,2.0,205.11696781191336,L0131,S0161,PMCC_PROFIT_EARLY,26028.9739139452
2023-10-18 15:00:00-04:00,SHORT_CALL,BUY_TO_CLOSE,384.39111083221445,2023-11-16 23:00:00-05:00,2,2.5165732231042313,363.09,0.2152639923095703,0.20555902088938943,0.0,2.0,205.11696781191336,L0132,S0162,PMCC_PROFIT_EARLY,25523.659269324355
2023-10-18 15:00:00-04:00,SHORT_CALL,BUY_TO_CLOSE,384.39111083221445,2023-11-16 23:00:00-05:00,1,2.5165732231042313,363.09,0.2152639923095703,0.20555902088938943,0.0,1.0,102.55848390595668,L0133,S0163,PMCC_PROFIT_EARLY,25271.00194701393
2023-10-18 15:00:00-04:00,SHORT_CALL,SELL_TO_OPEN,379.3666106643675,2023-11-18 23:00:00-05:00,2,3.8854430918494387,363.09,0.2152639923095703,0.28,0.0,2.0,0.0,L0131,S0164,PMCC_OPEN_BULL_STRONG,26046.09056538382
2023-10-18 15:00:00-04:00,SHORT_CALL,SELL_TO_OPEN,379.3666106643675,2023-11-18 23:00:00-05:00,2,3.8854430918494387,363.09,0.2152639923095703,0.28,0.0,2.0,0.0,L0132,S0165,PMCC_OPEN_BULL_STRONG,26821.17918375371
2023-10-18 15:00:00-04:00,SHORT_CALL,SELL_TO_OPEN,379.3666106643675,2023-11-18 23:00:00-05:00,1,3.8854430918494387,363.09,0.2152639923095703,0.28,0.0,1.0,0.0,L0133,S0166,PMCC_OPEN_BULL_STRONG,27208.723492938654
2023-10-19 00:00:00,SMH_SPREAD,CLOSE,144.0,2023-10-25,4,2.839148,142.41871643066406,0.27436,,0.0,5.2,-611.269099,,,SMH_LOSS_LIMIT,26597.454393999167
2023-10-19 00:00:00,SMH_SPREAD,SELL_TO_OPEN,137.5,2023-11-02,4,1.204441,142.41871643066406,0.285731,0.25,0.0,5.2,0.0,,,SMH_ENTRY,26592.254393999166
2023-10-20 10:00:00-04:00,SHORT_CALL,BUY_TO_CLOSE,379.3666106643675,2023-11-18 23:00:00-05:00,2,2.6364600378795444,355.13,0.24315198974609378,0.19774161608368857,0.0,2.0,247.79661079397886,L0131,S0164,PMCC_PROFIT_EARLY,26062.962386423256
2023-10-20 10:00:00-04:00,SHORT_CALL,BUY_TO_CLOSE,379.3666106643675,2023-11-18 23:00:00-05:00,2,2.6364600378795444,355.13,0.24315198974609378,0.19774161608368857,0.0,2.0,247.79661079397886,L0132,S0165,PMCC_PROFIT_EARLY,25533.670378847346
2023-10-20 10:00:00-04:00,SHORT_CALL,BUY_TO_CLOSE,379.3666106643675,2023-11-18 23:00:00-05:00,1,2.6364600378795444,355.13,0.24315198974609378,0.19774161608368857,0.0,1.0,123.89830539698943,L0133,S0166,PMCC_PROFIT_EARLY,25269.02437505939
2023-10-20 15:00:00-04:00,SHORT_CALL,SELL_TO_OPEN,372.50345694732664,2023-11-20 23:00:00-05:00,2,4.26863707766519,354.62,0.24315198974609378,0.28,0.0,2.0,0.0,L0131,S0167,PMCC_OPEN_BULL_STRONG,26120.75179059243
2023-10-20 15:00:00-04:00,SHORT_CALL,SELL_TO_OPEN,372.50345694732664,2023-11-20 23:00:00-05:00,2,4.26863707766519,354.62,0.24315198974609378,0.28,0.0,2.0,0.0,L0132,S0168,PMCC_OPEN_BULL_STRONG,26972.479206125467
2023-10-20 15:00:00-04:00,SHORT_CALL,SELL_TO_OPEN,372.50345694732664,2023-11-20 23:00:00-05:00,1,4.26863707766519,354.62,0.24315198974609378,0.28,0.0,1.0,0.0,L0133,S0169,PMCC_OPEN_BULL_STRONG,27398.342913891986
2023-10-25 00:00:00,SMH_SPREAD,CLOSE,137.5,2023-11-02,4,2.92054,136.81509399414062,0.324672,,0.0,5.2,-696.839367,,,SMH_LOSS_LIMIT,26701.503546987675
2023-10-25 10:00:00-04:00,SHORT_CALL,BUY_TO_CLOSE,372.50345694732664,2023-11-20 23:00:00-05:00,2,2.815806379731839,353.85,0.22612800598144533,0.22945870213330627,0.0,2.0,288.56613958667015,L0131,S0167,PMCC_PROFIT_EARLY,26136.342271041307
2023-10-25 10:00:00-04:00,SHORT_CALL,BUY_TO_CLOSE,372.50345694732664,2023-11-20 23:00:00-05:00,2,2.815806379731839,353.85,0.22612800598144533,0.22945870213330627,0.0,2.0,288.56613958667015,L0132,S0168,PMCC_PROFIT_EARLY,25571.18099509494
2023-10-25 10:00:00-04:00,SHORT_CALL,BUY_TO_CLOSE,372.50345694732664,2023-11-20 23:00:00-05:00,1,2.815806379731839,353.85,0.22612800598144533,0.22945870213330627,0.0,1.0,144.28306979333507,L0133,S0169,PMCC_PROFIT_EARLY,25288.600357121755
2023-10-25 15:00:00-04:00,SHORT_CALL,SELL_TO_OPEN,370.61439067840575,2023-11-25 23:00:00-05:00,2,3.035926812345622,350.3,0.22612800598144533,0.23,0.0,2.0,0.0,L0131,S0170,PMCC_OPEN_BULL_MODERATE,25893.78571959088
2023-10-25 15:00:00-04:00,SHORT_CALL,SELL_TO_OPEN,370.61439067840575,2023-11-25 23:00:00-05:00,2,3.035926812345622,350.3,0.22612800598144533,0.23,0.0,2.0,0.0,L0132,S0171,PMCC_OPEN_BULL_MODERATE,26498.971082060005
2023-10-25 15:00:00-04:00,SHORT_CALL,SELL_TO_OPEN,370.61439067840575,2023-11-25 23:00:00-05:00,1,3.035926812345622,350.3,0.22612800598144533,0.23,0.0,1.0,0.0,L0133,S0172,PMCC_OPEN_BULL_MODERATE,26801.563763294565
2023-10-25 00:00:00,SMH_SPREAD,SELL_TO_OPEN,131.0,2023-11-08,4,1.371223,136.81509399414062,0.345372,0.25,0.0,5.2,0.0,,,SMH_ENTRY,26796.363763294565
2023-10-26 10:00:00-04:00,SHORT_CALL,BUY_TO_CLOSE,370.61439067840575,2023-11-25 23:00:00-05:00,2,2.4813059954028063,347.49,0.23161600341796876,0.19654479912378464,0.0,2.0,108.9241633885631,L0131,S0170,PMCC_PROFIT_EARLY,26298.102564214005
2023-10-26 10:00:00-04:00,SHORT_CALL,BUY_TO_CLOSE,370.61439067840575,2023-11-25 23:00:00-05:00,2,2.4813059954028063,347.49,0.23161600341796876,0.19654479912378464,0.0,2.0,108.9241633885631,L0132,S0171,PMCC_PROFIT_EARLY,25799.841365133445
2023-10-26 10:00:00-04:00,SHORT_CALL,BUY_TO_CLOSE,370.61439067840575,2023-11-25 23:00:00-05:00,1,2.4813059954028063,347.49,0.23161600341796876,0.19654479912378464,0.0,1.0,54.46208169428155,L0133,S0172,PMCC_PROFIT_EARLY,25550.710765593165
2023-10-26 15:00:00-04:00,SHORT_CALL,SELL_TO_OPEN,364.060879623413,2023-11-26 23:00:00-05:00,2,3.048407814397862,343.66,0.23161600341796876,0.23,0.0,2.0,0.0,L0131,S0173,PMCC_OPEN_BULL_MODERATE,26158.39232847274
2023-10-26 15:00:00-04:00,SHORT_CALL,SELL_TO_OPEN,364.060879623413,2023-11-26 23:00:00-05:00,2,3.048407814397862,343.66,0.23161600341796876,0.23,0.0,2.0,0.0,L0132,S0174,PMCC_OPEN_BULL_MODERATE,26766.073891352313
2023-10-26 15:00:00-04:00,SHORT_CALL,SELL_TO_OPEN,364.060879623413,2023-11-26 23:00:00-05:00,1,3.048407814397862,343.66,0.23161600341796876,0.23,0.0,1.0,0.0,L0133,S0175,PMCC_OPEN_BULL_MODERATE,27069.9146727921
2023-10-31 00:00:00,SMH_SPREAD,CLOSE,131.0,2023-11-08,4,0.542176,137.0814666748047,0.317821,,0.0,5.2,321.218858,,,SMH_PROFIT_TAKE,27391.13353053663
2023-10-31 00:00:00,SMH_SPREAD,SELL_TO_OPEN,132.0,2023-11-14,4,1.317252,137.0814666748047,0.31518,0.25,0.0,5.2,0.0,,,SMH_ENTRY,27385.93353053663
2023-11-02 00:00:00,SMH_SPREAD,CLOSE,132.0,2023-11-14,4,0.433351,144.13531494140625,0.379307,,0.0,5.2,343.160509,,,SMH_PROFIT_TAKE,27729.09403924316
2023-11-02 10:00:00-04:00,SHORT_CALL,BUY_TO_CLOSE,364.060879623413,2023-11-26 23:00:00-05:00,2,6.50100460299538,362.47,0.17539199829101565,0.5024656705976334,0.0,2.0,-692.5193577195035,L0131,S0173,PMCC_STRIKE_GAP,26426.893118644082
2023-11-02 10:00:00-04:00,SHORT_CALL,BUY_TO_CLOSE,364.060879623413,2023-11-26 23:00:00-05:00,2,6.50100460299538,362.47,0.17539199829101565,0.5024656705976334,0.0,2.0,-692.5193577195035,L0132,S0174,PMCC_STRIKE_GAP,25124.692198045006
2023-11-02 10:00:00-04:00,SHORT_CALL,BUY_TO_CLOSE,364.060879623413,2023-11-26 23:00:00-05:00,1,6.50100460299538,362.47,0.17539199829101565,0.5024656705976334,0.0,1.0,-346.2596788597518,L0133,S0175,PMCC_STRIKE_GAP,24473.591737745468
2023-11-02 15:00:00-04:00,SHORT_CALL,SELL_TO_OPEN,379.9168321228028,2023-12-03 23:00:00-05:00,2,2.460917155261342,363.44,0.17539199829101565,0.23,0.0,2.0,0.0,L0131,S0176,PMCC_OPEN_BULL_MODERATE,24963.775168797736
2023-11-02 15:00:00-04:00,SHORT_CALL,SELL_TO_OPEN,379.9168321228028,2023-12-03 23:00:00-05:00,2,2.460917155261342,363.44,0.17539199829101565,0.23,0.0,2.0,0.0,L0132,S0177,PMCC_OPEN_BULL_MODERATE,25453.958599850004
2023-11-02 15:00:00-04:00,SHORT_CALL,SELL_TO_OPEN,379.9168321228028,2023-12-03 23:00:00-05:00,1,2.460917155261342,363.44,0.17539199829101565,0.23,0.0,1.0,0.0,L0133,S0178,PMCC_OPEN_BULL_MODERATE,25699.05031537614
2023-11-02 00:00:00,SMH_SPREAD,SELL_TO_OPEN,138.0,2023-11-16,4,1.556878,144.13531494140625,0.358279,0.25,0.0,5.2,0.0,,,SMH_ENTRY,25693.850315376138
2023-11-06 00:00:00,SMH_SPREAD,CLOSE,138.0,2023-11-16,4,0.55479,147.9335479736328,0.373069,,0.0,5.2,390.435057,,,SMH_PROFIT_TAKE,26084.28537262132
2023-11-06 00:00:00,SMH_SPREAD,SELL_TO_OPEN,141.5,2023-11-20,4,1.586291,147.9335479736328,0.361041,0.25,0.0,5.2,0.0,,,SMH_ENTRY,26079.08537262132
2023-11-10 00:00:00,SMH_SPREAD,CLOSE,141.5,2023-11-20,4,0.366323,155.16497802734375,0.403819,,0.0,5.2,477.587171,,,SMH_PROFIT_TAKE,26556.67254406413
2023-11-10 15:00:00-05:00,SHORT_CALL,BUY_TO_CLOSE,379.9168321228028,2023-12-03 23:00:00-05:00,2,6.036385740074422,378.39,0.15870400085449218,0.5024817643694082,0.0,2.0,-717.0937169626161,L0131,S0176,PMCC_STRIKE_GAP,25347.395396049247
2023-11-10 15:00:00-05:00,SHORT_CALL,BUY_TO_CLOSE,379.9168321228028,2023-12-03 23:00:00-05:00,2,6.036385740074422,378.39,0.15870400085449218,0.5024817643694082,0.0,2.0,-717.0937169626161,L0132,S0177,PMCC_STRIKE_GAP,24138.118248034363
2023-11-10 15:00:00-05:00,SHORT_CALL,BUY_TO_CLOSE,379.9168321228028,2023-12-03 23:00:00-05:00,1,6.036385740074422,378.39,0.15870400085449218,0.5024817643694082,0.0,1.0,-358.54685848130805,L0133,S0178,PMCC_STRIKE_GAP,23533.47967402692
2023-11-10 00:00:00,SMH_SPREAD,SELL_TO_OPEN,148.0,2023-11-24,4,1.746413,155.16497802734375,0.381405,0.25,0.0,5.2,0.0,,,SMH_ENTRY,23528.27967402692
2023-11-14 00:00:00,SMH_SPREAD,CLOSE,148.0,2023-11-24,4,0.761448,158.9237518310547,0.409631,,0.0,5.2,383.586165,,,SMH_PROFIT_TAKE,23911.865838951082
2023-11-14 00:00:00,SMH_SPREAD,SELL_TO_OPEN,151.5,2023-11-28,4,1.922165,158.9237518310547,0.397364,0.25,0.0,5.2,0.0,,,SMH_ENTRY,23906.66583895108
2023-11-17 00:00:00,SMH_SPREAD,CLOSE,151.5,2023-11-28,4,0.944007,160.3838348388672,0.362992,,0.0,5.2,380.863115,,,SMH_PROFIT_TAKE,24287.528954354137
2023-11-17 00:00:00,SMH_SPREAD,SELL_TO_OPEN,153.5,2023-12-01,4,1.701391,160.3838348388672,0.356723,0.25,0.0,5.2,0.0,,,SMH_ENTRY,24282.328954354136
2023-11-22 00:00:00,SMH_SPREAD,CLOSE,153.5,2023-12-01,4,0.733386,159.93988037109375,0.297483,,0.0,5.2,376.80181,,,SMH_PROFIT_TAKE,24659.130763903893
2023-11-22 00:00:00,SMH_SPREAD,SELL_TO_OPEN,154.5,2023-12-06,4,1.471453,159.93988037109375,0.295354,0.25,0.0,5.2,0.0,,,SMH_ENTRY,24653.930763903893
2023-11-29 00:00:00,SMH_SPREAD,CLOSE,154.5,2023-12-06,4,0.666406,160.0286865234375,0.294471,,0.0,5.2,311.618999,,,SMH_PROFIT_TAKE,24965.549762660812
2023-11-29 00:00:00,SMH_SPREAD,SELL_TO_OPEN,154.5,2023-12-13,4,1.439944,160.0286865234375,0.294471,0.25,0.0,5.2,0.0,,,SMH_ENTRY,24960.34976266081
2023-12-08 00:00:00,SMH_SPREAD,CLOSE,154.5,2023-12-13,4,0.396062,160.2950439453125,0.29747,,0.0,5.2,407.152775,,,SMH_PROFIT_TAKE,25367.502538075227
2023-12-08 00:00:00,SMH_SPREAD,SELL_TO_OPEN,154.5,2023-12-22,4,1.403369,160.2950439453125,0.29747,0.25,0.0,5.2,0.0,,,SMH_ENTRY,25362.302538075226
2023-12-11 00:00:00,SMH_SPREAD,CLOSE,154.5,2023-12-22,4,0.306677,164.1426239013672,0.265493,,0.0,5.2,428.276719,,,SMH_PROFIT_TAKE,25790.57925751289
2023-12-11 00:00:00,SMH_SPREAD,SELL_TO_OPEN,159.0,2023-12-25,4,1.238762,164.1426239013672,0.257334,0.25,0.0,5.2,0.0,,,SMH_ENTRY,25785.37925751289
2023-12-13 00:00:00,SMH_SPREAD,CLOSE,159.0,2023-12-25,4,0.29288,167.83230590820312,0.230179,,0.0,5.2,367.952661,,,SMH_PROFIT_TAKE,26153.331918123247
2023-12-13 00:00:00,SMH_SPREAD,SELL_TO_OPEN,163.5,2023-12-27,4,1.155556,167.83230590820312,0.223213,0.25,0.0,5.2,0.0,,,SMH_ENTRY,26148.131918123247
2023-12-15 00:00:00,SMH_SPREAD,CLOSE,163.5,2023-12-27,4,0.444557,171.7390594482422,0.240175,,0.0,5.2,273.999302,,,SMH_PROFIT_TAKE,26422.13122003439
2023-12-15 00:00:00,SMH_SPREAD,SELL_TO_OPEN,167.0,2023-12-29,4,1.223344,171.7390594482422,0.234621,0.25,0.0,5.2,0.0,,,SMH_ENTRY,26416.93122003439
2023-12-26 00:00:00,SMH_SPREAD,CLOSE,167.0,2023-12-29,4,0.080747,174.35231018066406,0.282416,,0.0,5.2,446.638828,,,SMH_PROFIT_TAKE,26863.570047859608
2023-12-26 00:00:00,SMH_SPREAD,SELL_TO_OPEN,168.5,2024-01-09,4,1.453618,174.35231018066406,0.279641,0.25,0.0,5.2,0.0,,,SMH_ENTRY,26858.370047859607
2024-01-02 00:00:00,SMH_SPREAD,CLOSE,168.5,2024-01-09,4,3.232948,167.70257568359375,0.310954,,0.0,5.2,-722.132099,,,SMH_LOSS_LIMIT,26136.237949042912
2024-01-02 00:00:00,SMH_SPREAD,SELL_TO_OPEN,161.0,2024-01-16,4,1.592327,167.70257568359375,0.325867,0.25,0.0,5.2,0.0,,,SMH_ENTRY,26131.03794904291
2024-01-08 00:00:00,SMH_SPREAD,CLOSE,161.0,2024-01-16,4,0.60772,170.67015075683594,0.362788,,0.0,5.2,383.442793,,,SMH_PROFIT_TAKE,26514.480742437456
2024-01-08 00:00:00,SMH_SPREAD,SELL_TO_OPEN,163.5,2024-01-22,4,1.838657,170.67015075683594,0.355441,0.25,0.0,5.2,0.0,,,SMH_ENTRY,26509.280742437455
2024-01-16 00:00:00,SMH_SPREAD,CLOSE,163.5,2024-01-22,4,0.207183,174.382080078125,0.335782,,0.0,5.2,642.18962,,,SMH_PROFIT_TAKE,27151.470361954212
2024-01-16 00:00:00,SMH_SPREAD,SELL_TO_OPEN,167.5,2024-01-30,4,1.692978,174.382080078125,0.327184,0.25,0.0,5.2,0.0,,,SMH_ENTRY,27146.27036195421
2024-01-19 00:00:00,SMH_SPREAD,CLOSE,167.5,2024-01-30,4,0.502947,185.77597045898438,0.43528,,0.0,5.2,465.612343,,,SMH_PROFIT_TAKE,27611.88270479132
2024-01-19 00:00:00,SMH_SPREAD,SELL_TO_OPEN,177.0,2024-02-02,4,2.317247,185.77597045898438,0.406185,0.25,0.0,5.2,0.0,,,SMH_ENTRY,27606.682704791318
2024-01-23 00:00:00,SMH_SPREAD,CLOSE,177.0,2024-02-02,4,0.959787,187.5922393798828,0.36611,,0.0,5.2,532.58399,,,SMH_PROFIT_TAKE,28139.26669441533
2024-01-23 00:00:00,SMH_SPREAD,SELL_TO_OPEN,179.5,2024-02-06,4,2.008117,187.5922393798828,0.359363,0.25,0.0,5.2,0.0,,,SMH_ENTRY,28134.06669441533
2024-01-26 10:00:00-05:00,LEAPS,SELL_TO_CLOSE,258.9678220367432,2024-04-24 00:00:00-04:00,2,170.40501882842378,426.11,0.18961800327301026,0.9999999810978484,0.0,2.0,20015.54416356077,L0131,,"ADAPTIVE_GAMMA_ROLL(dte=89,d=1.00)",62213.07046010009
2024-02-01 00:00:00,SMH_SPREAD,CLOSE,179.5,2024-02-06,4,0.638698,186.16305541992188,0.330362,,0.0,5.2,537.367752,,,SMH_PROFIT_TAKE,62750.438211736924
2024-02-01 00:00:00,SMH_SPREAD,SELL_TO_OPEN,179.0,2024-02-15,4,1.908267,186.16305541992188,0.331625,0.25,0.0,5.2,0.0,,,SMH_ENTRY,62745.23821173693
2024-02-05 00:00:00,SMH_SPREAD,CLOSE,179.0,2024-02-15,4,0.44581,193.48770141601562,0.35345,,0.0,5.2,574.582728,,,SMH_PROFIT_TAKE,63319.82093942755
2024-02-05 00:00:00,SMH_SPREAD,SELL_TO_OPEN,186.0,2024-02-19,4,2.026602,193.48770141601562,0.336206,0.25,0.0,5.2,0.0,,,SMH_ENTRY,63314.62093942755
2024-02-08 00:00:00,SMH_SPREAD,CLOSE,186.0,2024-02-19,4,0.750894,197.93408203125,0.330977,,0.0,5.2,499.883334,,,SMH_PROFIT_TAKE,63814.50427376076
2024-02-08 00:00:00,SMH_SPREAD,SELL_TO_OPEN,190.5,2024-02-22,4,1.965795,197.93408203125,0.322556,0.25,0.0,5.2,0.0,,,SMH_ENTRY,63809.30427376076
2024-02-12 00:00:00,SMH_SPREAD,CLOSE,190.5,2024-02-22,4,0.895239,201.536865234375,0.341577,,0.0,5.2,417.822519,,,SMH_PROFIT_TAKE,64227.12679269675
2024-02-12 00:00:00,SMH_SPREAD,SELL_TO_OPEN,193.5,2024-02-26,4,2.02422,201.536865234375,0.334529,0.25,0.0,5.2,0.0,,,SMH_ENTRY,64221.92679269675
2024-02-22 00:00:00,SMH_SPREAD,CLOSE,193.5,2024-02-26,4,0.262436,208.35533142089844,0.462768,,0.0,5.2,694.313833,,,SMH_PROFIT_TAKE,64916.240625237224
2024-02-22 00:00:00,SMH_SPREAD,SELL_TO_OPEN,197.5,2024-03-07,4,2.868729,208.35533142089844,0.45073,0.25,0.0,5.2,0.0,,,SMH_ENTRY,64911.04062523723
2024-02-29 00:00:00,SMH_SPREAD,CLOSE,197.5,2024-03-07,4,0.927857,210.3601837158203,0.437664,,0.0,5.2,765.948719,,,SMH_PROFIT_TAKE,65676.98934456542
2024-02-29 00:00:00,SMH_SPREAD,SELL_TO_OPEN,199.5,2024-03-14,4,2.687243,210.3601837158203,0.431947,0.25,0.0,5.2,0.0,,,SMH_ENTRY,65671.78934456542
2024-03-04 00:00:00,SMH_SPREAD,CLOSE,199.5,2024-03-14,4,0.703636,222.40911865234375,0.49235,,0.0,5.2,783.043061,,,SMH_PROFIT_TAKE,66454.8324060262
2024-03-04 00:00:00,SMH_SPREAD,SELL_TO_OPEN,210.5,2024-03-18,4,3.086684,222.40911865234375,0.460712,0.25,0.0,5.2,0.0,,,SMH_ENTRY,66449.6324060262
2024-03-07 00:00:00,SMH_SPREAD,CLOSE,210.5,2024-03-18,4,1.254688,232.41351318359375,0.510856,,0.0,5.2,722.398287,,,SMH_PROFIT_TAKE,67172.03069334853
2024-03-07 00:00:00,SMH_SPREAD,SELL_TO_OPEN,219.5,2024-03-21,4,3.400006,232.41351318359375,0.484859,0.25,0.0,5.2,0.0,,,SMH_ENTRY,67166.83069334853
2024-03-11 00:00:00,SMH_SPREAD,CLOSE,219.5,2024-03-21,4,6.95579,219.32244873046875,0.500207,,0.0,5.2,-1432.713496,,,SMH_LOSS_LIMIT,65734.11719725009
2024-03-11 00:00:00,SMH_SPREAD,SELL_TO_OPEN,205.5,2024-03-25,4,3.676196,219.32244873046875,0.556951,0.25,0.0,5.2,0.0,,,SMH_ENTRY,65728.91719725009
2024-03-20 00:00:00,SMH_SPREAD,CLOSE,205.5,2024-03-25,4,1.152422,219.63011169433594,0.567436,,0.0,5.2,999.109546,,,SMH_PROFIT_TAKE,66728.02674329498
2024-03-20 00:00:00,SMH_SPREAD,SELL_TO_OPEN,205.5,2024-04-03,4,3.728157,219.63011169433594,0.567436,0.25,0.0,5.2,0.0,,,SMH_ENTRY,66722.82674329498
2024-03-21 00:00:00,SMH_SPREAD,CLOSE,205.5,2024-04-03,4,1.624541,224.6124725341797,0.481484,,0.0,5.2,831.046092,,,SMH_PROFIT_TAKE,67553.87283511148
2024-03-21 00:00:00,SMH_SPREAD,SELL_TO_OPEN,212.5,2024-04-04,4,3.101496,224.6124725341797,0.461523,0.25,0.0,5.2,0.0,,,SMH_ENTRY,67548.67283511149
2024-03-25 15:00:00-04:00,SHORT_CALL,SELL_TO_OPEN,458.7544233970642,2024-04-26 00:00:00-04:00,2,3.2991738037761706,444.74,0.14772799530029299,0.28,0.0,2.0,0.0,L0132,S0179,PMCC_OPEN_BULL_STRONG,68206.50759586671
2024-03-25 15:00:00-04:00,SHORT_CALL,SELL_TO_OPEN,458.7544233970642,2024-04-26 00:00:00-04:00,1,3.2991738037761706,444.74,0.14772799530029299,0.28,0.0,1.0,0.0,L0133,S0180,PMCC_OPEN_BULL_STRONG,68535.42497624434
2024-03-27 10:00:00-04:00,SHORT_CALL,BUY_TO_CLOSE,458.7544233970642,2024-04-26 00:00:00-04:00,2,2.409756985302664,442.9,0.14313599700927737,0.2320504948174652,0.0,2.0,175.8833636947013,L0132,S0179,PMCC_PROFIT_EARLY,68051.4735791838
2024-03-27 10:00:00-04:00,SHORT_CALL,BUY_TO_CLOSE,458.7544233970642,2024-04-26 00:00:00-04:00,1,2.409756985302664,442.9,0.14313599700927737,0.2320504948174652,0.0,1.0,87.94168184735065,L0133,S0180,PMCC_PROFIT_EARLY,67809.49788065354
2024-03-27 15:00:00-04:00,SHORT_CALL,SELL_TO_OPEN,458.5592739601134,2024-04-28 00:00:00-04:00,2,3.2000692778705115,444.93,0.14313599700927737,0.28,0.0,2.0,0.0,L0132,S0181,PMCC_OPEN_BULL_STRONG,68447.51173622764
2024-03-27 15:00:00-04:00,SHORT_CALL,SELL_TO_OPEN,458.5592739601134,2024-04-28 00:00:00-04:00,1,3.2000692778705115,444.93,0.14313599700927737,0.28,0.0,1.0,0.0,L0133,S0182,PMCC_OPEN_BULL_STRONG,68766.51866401469
2024-04-01 00:00:00,SMH_SPREAD,CLOSE,212.5,2024-04-04,4,0.161335,226.23023986816406,0.415133,,0.0,5.2,1165.66417,,,SMH_PROFIT_TAKE,69932.1828344843
2024-04-01 00:00:00,SMH_SPREAD,SELL_TO_OPEN,215.5,2024-04-15,4,2.804211,226.23023986816406,0.407565,0.25,0.0,5.2,0.0,,,SMH_ENTRY,69926.9828344843
2024-04-02 10:00:00-04:00,SHORT_CALL,BUY_TO_CLOSE,458.5592739601134,2024-04-28 00:00:00-04:00,2,1.806197756862062,438.39,0.1636319961547852,0.1779805447852632,0.0,2.0,276.7743042016899,L0132,S0181,PMCC_PROFIT_EARLY,69563.74328311188
2024-04-02 10:00:00-04:00,SHORT_CALL,BUY_TO_CLOSE,458.5592739601134,2024-04-28 00:00:00-04:00,1,1.806197756862062,438.39,0.1636319961547852,0.1779805447852632,0.0,1.0,138.38715210084496,L0133,S0182,PMCC_PROFIT_EARLY,69382.12350742567
2024-04-02 15:00:00-04:00,SHORT_CALL,SELL_TO_OPEN,456.3161610584258,2024-05-04 00:00:00-04:00,2,3.615581153109744,441.07,0.1636319961547852,0.28,0.0,2.0,0.0,L0132,S0183,PMCC_OPEN_BULL_STRONG,70103.23973804762
2024-04-02 15:00:00-04:00,SHORT_CALL,SELL_TO_OPEN,456.3161610584258,2024-05-04 00:00:00-04:00,1,3.615581153109744,441.07,0.1636319961547852,0.28,0.0,1.0,0.0,L0133,S0184,PMCC_OPEN_BULL_STRONG,70463.7978533586
2024-04-04 15:00:00-04:00,SHORT_CALL,BUY_TO_CLOSE,456.3161610584258,2024-05-04 00:00:00-04:00,2,2.711679677376793,435.24,0.18312000427246095,0.21387675478918555,0.0,2.0,178.78029514659022,L0132,S0183,PMCC_PROFIT_EARLY,69919.46191788324
2024-04-04 15:00:00-04:00,SHORT_CALL,BUY_TO_CLOSE,456.3161610584258,2024-05-04 00:00:00-04:00,1,2.711679677376793,435.24,0.18312000427246095,0.21387675478918555,0.0,1.0,89.39014757329511,L0133,S0184,PMCC_PROFIT_EARLY,69647.29395014555
2024-04-04 15:00:00-04:00,SHORT_CALL,SELL_TO_OPEN,451.93108474731446,2024-05-06 00:00:00-04:00,2,3.981156742270983,435.24,0.18312000427246095,0.28,0.0,2.0,0.0,L0132,S0185,PMCC_OPEN_BULL_STRONG,70441.52529859975
2024-04-04 15:00:00-04:00,SHORT_CALL,SELL_TO_OPEN,451.93108474731446,2024-05-06 00:00:00-04:00,1,3.981156742270983,435.24,0.18312000427246095,0.28,0.0,1.0,0.0,L0133,S0186,PMCC_OPEN_BULL_STRONG,70838.64097282685
2024-04-09 00:00:00,SMH_SPREAD,CLOSE,215.5,2024-04-15,4,0.906659,222.41905212402344,0.295155,,0.0,5.2,748.620828,,,SMH_PROFIT_TAKE,71587.26180098634
2024-04-09 00:00:00,SMH_SPREAD,SELL_TO_OPEN,214.5,2024-04-23,4,1.967052,222.41905212402344,0.29669,0.25,0.0,5.2,0.0,,,SMH_ENTRY,71582.06180098634
2024-04-11 00:00:00,SMH_SPREAD,CLOSE,214.5,2024-04-23,4,0.797592,225.60496520996094,0.269526,,0.0,5.2,457.383884,,,SMH_PROFIT_TAKE,72039.4456852868
2024-04-11 15:00:00-04:00,SHORT_CALL,BUY_TO_CLOSE,451.93108474731446,2024-05-06 00:00:00-04:00,2,5.620789594129434,445.46,0.16699199829101563,0.4105784404265955,0.0,2.0,-329.9265703716902,L0132,S0185,PMCC_STRIKE_GAP,70913.28776646091
2024-04-11 15:00:00-04:00,SHORT_CALL,BUY_TO_CLOSE,451.93108474731446,2024-05-06 00:00:00-04:00,1,5.620789594129434,445.46,0.16699199829101563,0.4105784404265955,0.0,1.0,-164.9632851858451,L0133,S0186,PMCC_STRIKE_GAP,70350.20880704797
2024-04-11 15:00:00-04:00,SHORT_CALL,SELL_TO_OPEN,461.1579176864624,2024-05-13 00:00:00-04:00,2,3.724634005052067,445.46,0.16699199829101563,0.28,0.0,2.0,0.0,L0132,S0187,PMCC_OPEN_BULL_STRONG,71093.13560805838
2024-04-11 15:00:00-04:00,SHORT_CALL,SELL_TO_OPEN,461.1579176864624,2024-05-13 00:00:00-04:00,1,3.724634005052067,445.46,0.16699199829101563,0.28,0.0,1.0,0.0,L0133,S0188,PMCC_OPEN_BULL_STRONG,71464.59900856359
2024-04-11 00:00:00,SMH_SPREAD,SELL_TO_OPEN,218.5,2024-04-25,4,1.787054,225.60496520996094,0.264111,0.25,0.0,5.2,0.0,,,SMH_ENTRY,71459.39900856359
2024-04-12 00:00:00,SMH_SPREAD,CLOSE,218.5,2024-04-25,4,4.140367,219.02468872070312,0.276584,,0.0,5.2,-951.72505,,,SMH_LOSS_LIMIT,70507.67395832775
2024-04-12 15:00:00-04:00,SHORT_CALL,BUY_TO_CLOSE,461.1579176864624,2024-05-13 00:00:00-04:00,2,2.936192360967013,438.31,0.1938719940185547,0.2140361007434025,0.0,2.0,155.68832881701087,L0132,S0187,PMCC_PROFIT_EARLY,69918.43548613435
2024-04-12 15:00:00-04:00,SHORT_CALL,BUY_TO_CLOSE,461.1579176864624,2024-05-13 00:00:00-04:00,1,2.936192360967013,438.31,0.1938719940185547,0.2140361007434025,0.0,1.0,77.84416440850543,L0133,S0188,PMCC_PROFIT_EARLY,69623.81625003765
2024-04-12 15:00:00-04:00,SHORT_CALL,SELL_TO_OPEN,456.0568198394775,2024-05-14 00:00:00-04:00,2,4.237579142671436,438.31,0.1938719940185547,0.28,0.0,2.0,0.0,L0132,S0189,PMCC_OPEN_BULL_STRONG,70469.33207857194
2024-04-12 15:00:00-04:00,SHORT_CALL,SELL_TO_OPEN,456.0568198394775,2024-05-14 00:00:00-04:00,1,4.237579142671436,438.31,0.1938719940185547,0.28,0.0,1.0,0.0,L0133,S0190,PMCC_OPEN_BULL_STRONG,70892.08999283909
2024-04-12 00:00:00,SMH_SPREAD,SELL_TO_OPEN,211.5,2024-04-26,4,1.881194,219.02468872070312,0.287161,0.25,0.0,5.2,0.0,,,SMH_ENTRY,70886.88999283909
2024-04-15 15:00:00-04:00,SHORT_CALL,BUY_TO_CLOSE,456.0568198394775,2024-05-14 00:00:00-04:00,2,2.886307969502141,430.99,0.2153759948730469,0.2026182837649848,0.0,2.0,268.2542346338589,L0132,S0189,PMCC_PROFIT_EARLY,70307.62839893866
2024-04-15 15:00:00-04:00,SHORT_CALL,BUY_TO_CLOSE,456.0568198394775,2024-05-14 00:00:00-04:00,1,2.886307969502141,430.99,0.2153759948730469,0.2026182837649848,0.0,1.0,134.12711731692946,L0133,S0190,PMCC_PROFIT_EARLY,70017.99760198845
2024-04-15 15:00:00-04:00,SHORT_CALL,SELL_TO_OPEN,450.2851150512695,2024-05-17 00:00:00-04:00,2,4.614020075423497,430.99,0.2153759948730469,0.28,0.0,2.0,0.0,L0132,S0191,PMCC_OPEN_BULL_STRONG,70938.80161707314
2024-04-15 15:00:00-04:00,SHORT_CALL,SELL_TO_OPEN,450.2851150512695,2024-05-17 00:00:00-04:00,1,4.614020075423497,430.99,0.2153759948730469,0.28,0.0,1.0,0.0,L0133,S0192,PMCC_OPEN_BULL_STRONG,71399.20362461549
2024-04-17 00:00:00,SMH_SPREAD,CLOSE,211.5,2024-04-26,4,4.426058,210.80679321289062,0.316385,,0.0,5.2,-1028.345599,,,SMH_LOSS_LIMIT,70370.85802569249
2024-04-17 10:00:00-04:00,SHORT_CALL,BUY_TO_CLOSE,450.2851150512695,2024-05-17 00:00:00-04:00,2,3.421714999624598,429.36,0.20395198974609377,0.23856375774973915,0.0,2.0,236.46101515977978,L0132,S0191,PMCC_PROFIT_EARLY,69684.51502576757
2024-04-17 10:00:00-04:00,SHORT_CALL,BUY_TO_CLOSE,450.2851150512695,2024-05-17 00:00:00-04:00,1,3.421714999624598,429.36,0.20395198974609377,0.23856375774973915,0.0,1.0,118.23050757988989,L0133,S0192,PMCC_PROFIT_EARLY,69341.34352580512
2024-04-17 15:00:00-04:00,SHORT_CALL,SELL_TO_OPEN,443.8925691986084,2024-05-19 00:00:00-04:00,2,4.324421075932364,425.8,0.20395198974609377,0.28,0.0,2.0,0.0,L0132,S0193,PMCC_OPEN_BULL_STRONG,70204.22774099158
2024-04-17 15:00:00-04:00,SHORT_CALL,SELL_TO_OPEN,443.8925691986084,2024-05-19 00:00:00-04:00,1,4.324421075932364,425.8,0.20395198974609377,0.28,0.0,1.0,0.0,L0133,S0194,PMCC_OPEN_BULL_STRONG,70635.66984858482
2024-04-17 00:00:00,SMH_SPREAD,SELL_TO_OPEN,202.5,2024-05-01,4,2.150269,210.80679321289062,0.335086,0.25,0.0,5.2,0.0,,,SMH_ENTRY,70630.46984858482
2024-04-18 15:00:00-04:00,SHORT_CALL,BUY_TO_CLOSE,443.8925691986084,2024-05-19 00:00:00-04:00,2,3.447418304540548,423.36,0.2016,0.24167569366236957,0.0,2.0,173.40055427836307,L0132,S0193,PMCC_PROFIT_EARLY,69938.98618767671
2024-04-18 15:00:00-04:00,SHORT_CALL,BUY_TO_CLOSE,443.8925691986084,2024-05-19 00:00:00-04:00,1,3.447418304540548,423.36,0.2016,0.24167569366236957,0.0,1.0,86.70027713918154,L0133,S0194,PMCC_PROFIT_EARLY,69593.24435722266
2024-04-18 15:00:00-04:00,SHORT_CALL,SELL_TO_OPEN,441.15347790527346,2024-05-20 00:00:00-04:00,2,4.251297804884516,423.36,0.2016,0.28,0.0,2.0,0.0,L0132,S0195,PMCC_OPEN_BULL_STRONG,70441.50391819957
2024-04-18 15:00:00-04:00,SHORT_CALL,SELL_TO_OPEN,441.15347790527346,2024-05-20 00:00:00-04:00,1,4.251297804884516,423.36,0.2016,0.28,0.0,1.0,0.0,L0133,S0196,PMCC_OPEN_BULL_STRONG,70865.63369868802
2024-04-19 00:00:00,SMH_SPREAD,CLOSE,202.5,2024-05-01,4,7.485723,197.71575927734375,0.342668,,0.0,5.2,-2144.581414,,,SMH_GAP_SLIP,68721.05228437699
2024-04-19 15:00:00-04:00,SHORT_CALL,BUY_TO_CLOSE,441.15347790527346,2024-05-20 00:00:00-04:00,2,2.4230233381728965,414.65,0.20955198974609376,0.18113008156536686,0.0,2.0,363.6548933423238,L0132,S0195,PMCC_PROFIT_EARLY,68234.44761674241
2024-04-19 15:00:00-04:00,SHORT_CALL,BUY_TO_CLOSE,441.15347790527346,2024-05-20 00:00:00-04:00,1,2.4230233381728965,414.65,0.20955198974609376,0.18113008156536686,0.0,1.0,181.8274466711619,L0133,S0196,PMCC_PROFIT_EARLY,67991.14528292512
2024-04-19 15:00:00-04:00,SHORT_CALL,SELL_TO_OPEN,432.7333612823486,2024-05-21 00:00:00-04:00,2,4.322988344514002,414.65,0.20955198974609376,0.28,0.0,2.0,0.0,L0132,S0197,PMCC_OPEN_BULL_STRONG,68853.74295182792
2024-04-19 15:00:00-04:00,SHORT_CALL,SELL_TO_OPEN,432.7333612823486,2024-05-21 00:00:00-04:00,1,4.322988344514002,414.65,0.20955198974609376,0.28,0.0,1.0,0.0,L0133,S0198,PMCC_OPEN_BULL_STRONG,69285.04178627933
2024-04-19 00:00:00,SMH_SPREAD,SELL_TO_OPEN,189.0,2024-05-03,4,2.137182,197.71575927734375,0.365326,0.25,0.0,5.2,0.0,,,SMH_ENTRY,69279.84178627933
2024-04-22 10:00:00-04:00,SHORT_CALL,BUY_TO_CLOSE,432.7333612823486,2024-05-21 00:00:00-04:00,2,3.1640271204426114,414.83,0.18972800598144532,0.24653921492208858,0.0,2.0,229.7922448142781,L0132,S0197,PMCC_PROFIT_EARLY,68645.0363621908
2024-04-22 10:00:00-04:00,SHORT_CALL,BUY_TO_CLOSE,432.7333612823486,2024-05-21 00:00:00-04:00,1,3.1640271204426114,414.83,0.18972800598144532,0.24653921492208858,0.0,1.0,114.89612240713905,L0133,S0198,PMCC_PROFIT_EARLY,68327.63365014654
2024-04-23 00:00:00,SMH_SPREAD,CLOSE,189.0,2024-05-03,4,0.705615,206.24131774902344,0.427297,,0.0,5.2,562.226876,,,SMH_PROFIT_TAKE,68889.86052624763
2024-04-23 00:00:00,SMH_SPREAD,SELL_TO_OPEN,196.5,2024-05-07,4,2.569197,206.24131774902344,0.406586,0.25,0.0,5.2,0.0,,,SMH_ENTRY,68884.66052624764
2024-04-26 00:00:00,SMH_SPREAD,CLOSE,196.5,2024-05-07,4,0.984784,216.0074920654297,0.469423,,0.0,5.2,623.365072,,,SMH_PROFIT_TAKE,69508.02559815638
2024-04-26 00:00:00,SMH_SPREAD,SELL_TO_OPEN,204.5,2024-05-10,4,2.843094,216.0074920654297,0.446456,0.25,0.0,5.2,0.0,,,SMH_ENTRY,69502.82559815639
2024-05-06 00:00:00,SMH_SPREAD,CLOSE,204.5,2024-05-10,4,0.347806,220.99977111816406,0.505065,,0.0,5.2,987.714944,,,SMH_PROFIT_TAKE,70490.54054196109
2024-05-06 00:00:00,SMH_SPREAD,SELL_TO_OPEN,208.5,2024-05-20,4,3.295192,220.99977111816406,0.492734,0.25,0.0,5.2,0.0,,,SMH_ENTRY,70485.3405419611
2024-05-10 10:00:00-04:00,LEAPS,SELL_TO_CLOSE,317.5474072265625,2024-08-07 00:00:00-04:00,2,127.70681665252226,441.22,0.1794650027275086,0.9999519309916102,0.0,2.0,9927.564005026345,L0132,,"ADAPTIVE_GAMMA_ROLL(dte=89,d=1.00)",96024.70387246554
2024-05-13 00:00:00,SMH_SPREAD,CLOSE,208.5,2024-05-20,4,1.197389,221.58534240722656,0.458138,,0.0,5.2,828.721117,,,SMH_PROFIT_TAKE,96853.4249896302
2024-05-13 15:00:00-04:00,SHORT_CALL,SELL_TO_OPEN,457.46156902313237,2024-06-14 00:00:00-04:00,1,3.386839088757114,443.1,0.15232000427246098,0.28,0.0,1.0,0.0,L0133,S0199,PMCC_OPEN_BULL_STRONG,97191.10889850592
2024-05-13 00:00:00,SMH_SPREAD,SELL_TO_OPEN,210.0,2024-05-27,4,3.064024,221.58534240722656,0.453865,0.25,0.0,5.2,0.0,,,SMH_ENTRY,97185.90889850592
2024-05-15 00:00:00,SMH_SPREAD,CLOSE,210.0,2024-05-27,4,1.08839,232.14553833007812,0.472991,,0.0,5.2,779.853355,,,SMH_PROFIT_TAKE,97965.76225380604
2024-05-15 15:00:00-04:00,SHORT_CALL,BUY_TO_CLOSE,457.46156902313237,2024-06-14 00:00:00-04:00,1,6.001207214599049,452.86,0.13943999786376954,0.4501931672357772,0.0,1.0,-262.4368125841935,L0133,S0199,PMCC_STRIKE_GAP,97364.64153234614
2024-05-15 15:00:00-04:00,SHORT_CALL,SELL_TO_OPEN,466.42339401626583,2024-06-16 00:00:00-04:00,1,3.1747769728314807,452.86,0.13943999786376954,0.28,0.0,1.0,0.0,L0133,S0200,PMCC_OPEN_BULL_STRONG,97681.11922962929
2024-05-15 00:00:00,SMH_SPREAD,SELL_TO_OPEN,220.0,2024-05-29,4,3.09008,232.14553833007812,0.446254,0.25,0.0,5.2,0.0,,,SMH_ENTRY,97675.91922962929
2024-05-17 15:00:00-04:00,SHORT_CALL,BUY_TO_CLOSE,466.42339401626583,2024-06-16 00:00:00-04:00,1,2.4465476624138915,451.77,0.13428799743652345,0.24258675184290596,0.0,1.0,71.82293104175892,L0133,S0200,PMCC_PROFIT_EARLY,97430.2644633879
2024-05-17 15:00:00-04:00,SHORT_CALL,SELL_TO_OPEN,464.8581014442443,2024-06-18 00:00:00-04:00,1,3.0525814513499085,451.77,0.13428799743652345,0.28,0.0,1.0,0.0,L0133,S0201,PMCC_OPEN_BULL_STRONG,97734.5226085229
2024-05-20 00:00:00,SMH_SPREAD,CLOSE,220.0,2024-05-29,4,1.01302,233.23728942871094,0.365721,,0.0,5.2,820.423715,,,SMH_PROFIT_TAKE,98554.94632344274
2024-05-20 10:00:00-04:00,SHORT_CALL,BUY_TO_CLOSE,464.8581014442443,2024-06-18 00:00:00-04:00,1,3.553619462777789,454.37,0.13607999572753907,0.3201695383413803,0.0,1.0,-51.10380114278803,L0133,S0201,LEAPS_EXIT,98198.58437716495
2024-05-20 10:00:00-04:00,LEAPS,SELL_TO_CLOSE,301.23904293823244,2024-08-17 00:00:00-04:00,1,156.95540189239426,454.37,0.1737449945449829,0.9999996860199051,0.0,1.0,7682.93007438114,L0133,,"ADAPTIVE_GAMMA_ROLL(dte=89,d=1.00)",113893.12456640438
2024-05-20 00:00:00,SMH_SPREAD,SELL_TO_OPEN,223.5,2024-06-03,4,2.552894,233.23728942871094,0.358135,0.25,0.0,5.2,0.0,,,SMH_ENTRY,113887.92456640438
2024-05-23 00:00:00,SMH_SPREAD,CLOSE,223.5,2024-06-03,4,1.095707,238.02113342285156,0.355351,,0.0,5.2,572.474681,,,SMH_PROFIT_TAKE,114460.39924736417
2024-05-23 00:00:00,SMH_SPREAD,SELL_TO_OPEN,228.5,2024-06-06,4,2.527077,238.02113342285156,0.345092,0.25,0.0,5.2,0.0,,,SMH_ENTRY,114455.19924736417
2024-05-28 00:00:00,SMH_SPREAD,CLOSE,228.5,2024-06-06,4,0.45447,247.95603942871094,0.365033,,0.0,5.2,818.642454,,,SMH_PROFIT_TAKE,115273.84170119147
2024-05-28 00:00:00,SMH_SPREAD,SELL_TO_OPEN,238.0,2024-06-11,4,2.634615,247.95603942871094,0.346264,0.25,0.0,5.2,0.0,,,SMH_ENTRY,115268.64170119147
2024-06-05 00:00:00,SMH_SPREAD,CLOSE,238.0,2024-06-11,4,0.492019,252.50169372558594,0.354845,,0.0,5.2,846.638587,,,SMH_PROFIT_TAKE,116115.28028786225
2024-06-05 00:00:00,SMH_SPREAD,SELL_TO_OPEN,242.0,2024-06-19,4,2.595305,252.50169372558594,0.347082,0.25,0.0,5.2,0.0,,,SMH_ENTRY,116110.08028786225
2024-06-11 00:00:00,SMH_SPREAD,CLOSE,242.0,2024-06-19,4,1.268628,253.5636749267578,0.352347,,0.0,5.2,520.27063,,,SMH_PROFIT_TAKE,116630.35091772588
2024-06-11 00:00:00,SMH_SPREAD,SELL_TO_OPEN,243.0,2024-06-25,4,2.650784,253.5636749267578,0.350396,0.25,0.0,5.2,0.0,,,SMH_ENTRY,116625.15091772588
2024-06-13 00:00:00,SMH_SPREAD,CLOSE,243.0,2024-06-25,4,0.733961,265.2056884765625,0.369824,,0.0,5.2,756.329204,,,SMH_PROFIT_TAKE,117381.48012184733
2024-06-13 00:00:00,SMH_SPREAD,SELL_TO_OPEN,254.0,2024-06-27,4,2.706616,265.2056884765625,0.349382,0.25,0.0,5.2,0.0,,,SMH_ENTRY,117376.28012184733
2024-06-17 00:00:00,SMH_SPREAD,CLOSE,254.0,2024-06-27,4,0.996071,270.4361572265625,0.345652,,0.0,5.2,673.817955,,,SMH_PROFIT_TAKE,118050.09807732656
2024-06-17 00:00:00,SMH_SPREAD,SELL_TO_OPEN,259.5,2024-07-01,4,2.671605,270.4361572265625,0.335988,0.25,0.0,5.2,0.0,,,SMH_ENTRY,118044.89807732656
2024-06-24 00:00:00,SMH_SPREAD,CLOSE,259.5,2024-07-01,4,8.661564,253.86141967773438,0.403443,,0.0,5.2,-2406.383689,,,SMH_LOSS_LIMIT,115638.51438783765
2024-06-24 00:00:00,SMH_SPREAD,SELL_TO_OPEN,241.0,2024-07-08,4,3.277291,253.86141967773438,0.434102,0.25,0.0,5.2,0.0,,,SMH_ENTRY,115633.31438783766
2024-06-28 00:00:00,SMH_SPREAD,CLOSE,241.0,2024-07-08,4,1.374403,258.7445068359375,0.423977,,0.0,5.2,750.755096,,,SMH_PROFIT_TAKE,116384.06948352781
2024-06-28 00:00:00,SMH_SPREAD,SELL_TO_OPEN,246.0,2024-07-12,4,3.118469,258.7445068359375,0.412834,0.25,0.0,5.2,0.0,,,SMH_ENTRY,116378.86948352781
2024-07-03 00:00:00,SMH_SPREAD,CLOSE,246.0,2024-07-12,4,0.879711,267.5976257324219,0.433754,,0.0,5.2,885.103332,,,SMH_PROFIT_TAKE,117263.9728159847
2024-07-03 00:00:00,SMH_SPREAD,SELL_TO_OPEN,254.5,2024-07-17,4,3.26858,267.5976257324219,0.415319,0.25,0.0,5.2,0.0,,,SMH_ENTRY,117258.7728159847
2024-07-08 00:00:00,SMH_SPREAD,CLOSE,254.5,2024-07-17,4,0.856122,272.1531677246094,0.363714,,0.0,5.2,954.582968,,,SMH_PROFIT_TAKE,118213.35578404804
2024-07-08 00:00:00,SMH_SPREAD,SELL_TO_OPEN,261.0,2024-07-22,4,2.901625,272.1531677246094,0.351839,0.25,0.0,5.2,0.0,,,SMH_ENTRY,118208.15578404804
2024-07-17 00:00:00,SMH_SPREAD,CLOSE,261.0,2024-07-22,4,10.647492,252.31312561035156,0.476201,,0.0,5.2,-3108.746748,,,SMH_GAP_SLIP,115099.40903653116
2024-07-17 00:00:00,SMH_SPREAD,SELL_TO_OPEN,237.0,2024-07-31,4,3.768496,252.31312561035156,0.519553,0.25,0.0,5.2,0.0,,,SMH_ENTRY,115094.20903653116
2024-07-24 15:00:00-04:00,LEAPS,BUY_TO_OPEN,390.92973860168456,2025-07-24 00:00:00-04:00,3,101.85625455437048,463.33,0.24209681228637694,0.8499999136097005,0.0,3.0,0.0,L0202,,ENTRY_BULL_STRONG,72534.33267022001
2024-07-26 15:00:00-04:00,SHORT_CALL,SELL_TO_OPEN,484.8705612182617,2024-08-27 00:00:00-04:00,3,3.2773452403210683,463.0,0.18356799316406253,0.23,0.0,3.0,0.0,L0202,S0203,PMCC_OPEN_BULL_MODERATE,85514.53624231633
2024-07-30 00:00:00,SMH_SPREAD,CLOSE,237.0,2024-07-31,4,9.489456,227.74876403808594,0.554443,,0.0,5.2,-2298.783878,,,SMH_LOSS_LIMIT,83215.75236420413
2024-07-30 15:00:00-04:00,SHORT_CALL,BUY_TO_CLOSE,484.8705612182617,2024-08-27 00:00:00-04:00,3,2.1818597031092395,457.38,0.19812800598144534,0.16741974200600995,0.0,3.0,325.64566116354865,L0202,S0203,PMCC_PROFIT_EARLY,82558.19445327137
2024-07-30 15:00:00-04:00,SHORT_CALL,SELL_TO_OPEN,480.6222054977417,2024-08-31 00:00:00-04:00,3,3.4870520058726555,457.38,0.19812800598144534,0.23,0.0,3.0,0.0,L0202,S0204,PMCC_OPEN_BULL_MODERATE,83601.31005503316
2024-07-30 00:00:00,SMH_SPREAD,SELL_TO_OPEN,211.5,2024-08-13,4,4.106168,227.74876403808594,0.625645,0.25,0.0,5.2,0.0,,,SMH_ENTRY,83596.11005503316
2024-08-02 10:00:00-04:00,SHORT_CALL,BUY_TO_CLOSE,480.6222054977417,2024-08-31 00:00:00-04:00,3,2.9771486786151797,445.45,0.26196799316406255,0.17408594848025177,0.0,3.0,149.97099817724268,L0202,S0204,PMCC_PROFIT_EARLY,82699.9654514486
2024-08-02 15:00:00-04:00,SHORT_CALL,SELL_TO_OPEN,478.7154614524841,2024-09-03 00:00:00-04:00,3,4.482435722037465,448.71,0.26196799316406255,0.23,0.0,3.0,0.0,L0202,S0205,PMCC_OPEN_BULL_MODERATE,84041.69616805985
2024-08-06 15:00:00-04:00,SHORT_CALL,BUY_TO_CLOSE,478.7154614524841,2024-09-03 00:00:00-04:00,3,3.625980227864119,439.6,0.3103519897460938,0.18317169454716037,0.0,3.0,253.93664825200403,L0202,S0205,PMCC_PROFIT_EARLY,82950.90209970062
2024-08-06 15:00:00-04:00,SHORT_CALL,SELL_TO_OPEN,474.5836706542968,2024-09-07 00:00:00-04:00,3,5.167158470302255,439.6,0.3103519897460938,0.23,0.0,3.0,0.0,L0202,S0206,PMCC_OPEN_BULL_MODERATE,84498.04964079129
2024-08-07 15:00:00-04:00,SHORT_CALL,BUY_TO_CLOSE,474.5836706542968,2024-09-07 00:00:00-04:00,3,4.025797504460101,434.84,0.31192000427246097,0.19236641031195412,0.0,3.0,339.40828975264617,L0202,S0206,PMCC_PROFIT_EARLY,83287.31038945325
2024-08-07 15:00:00-04:00,SHORT_CALL,SELL_TO_OPEN,482.71015390014634,2024-09-08 00:00:00-04:00,3,2.996163061188419,434.84,0.31192000427246097,0.15,0.0,3.0,0.0,L0202,S0207,PMCC_OPEN_BEAR,84183.15930780978
2024-08-09 10:00:00-04:00,SHORT_CALL,BUY_TO_CLOSE,482.71015390014634,2024-09-08 00:00:00-04:00,3,2.2575761910423466,448.53,0.2281440093994141,0.15236251563584663,0.0,3.0,218.5760610438217,L0202,S0207,PMCC_PROFIT_EARLY,83502.88645049707
2024-08-12 00:00:00,SMH_SPREAD,CLOSE,211.5,2024-08-13,4,0.38292,225.2576141357422,0.874232,,0.0,5.2,1478.898879,,,SMH_PROFIT_TAKE,84981.78532984242
2024-08-12 15:00:00-04:00,SHORT_CALL,SELL_TO_OPEN,488.08787086486825,2024-09-13 00:00:00-04:00,3,2.3371080399447663,451.47,0.23195198974609377,0.15,0.0,3.0,0.0,L0202,S0208,PMCC_OPEN_BEAR,85679.91774182585
2024-08-12 00:00:00,SMH_SPREAD,SELL_TO_OPEN,203.0,2024-08-26,4,5.594242,225.2576141357422,0.927731,0.25,0.0,5.2,0.0,,,SMH_ENTRY,85674.71774182585
2024-08-15 00:00:00,SMH_SPREAD,CLOSE,203.0,2024-08-26,4,2.622104,244.52200317382812,1.024833,,0.0,5.2,1178.45535,,,SMH_PROFIT_TAKE,86853.17309165113
2024-08-15 00:00:00,SMH_SPREAD,SELL_TO_OPEN,220.5,2024-08-29,4,5.833049,244.52200317382812,0.923718,0.25,0.0,5.2,0.0,,,SMH_ENTRY,86847.97309165113
2024-08-19 15:00:00-04:00,SHORT_CALL,BUY_TO_CLOSE,488.08787086486825,2024-09-13 00:00:00-04:00,3,5.970994019981504,481.26,0.16407999572753906,0.41066264029853694,0.0,3.0,-1093.1657940110213,L0202,S0208,PMCC_STRIKE_GAP,85053.67488565668
2024-08-21 00:00:00,SMH_SPREAD,CLOSE,220.5,2024-08-29,4,2.55833,248.75006103515625,0.864021,,0.0,5.2,1299.487846,,,SMH_PROFIT_TAKE,86353.16273157552
2024-08-21 00:00:00,SMH_SPREAD,SELL_TO_OPEN,226.0,2024-09-04,4,5.43419,248.75006103515625,0.835471,0.25,0.0,5.2,0.0,,,SMH_ENTRY,86347.96273157552
2024-08-30 00:00:00,SMH_SPREAD,CLOSE,226.0,2024-09-04,4,1.261489,241.6338348388672,0.568958,,0.0,5.2,1658.680469,,,SMH_PROFIT_TAKE,88006.64320048406
2024-08-30 00:00:00,SMH_SPREAD,SELL_TO_OPEN,226.0,2024-09-13,4,4.012744,241.6338348388672,0.568958,0.25,0.0,5.2,0.0,,,SMH_ENTRY,88001.44320048406
2024-09-03 00:00:00,SMH_SPREAD,CLOSE,226.0,2024-09-13,4,9.294406,223.50086975097656,0.61201,,0.0,5.2,-2123.064904,,,SMH_GAP_SLIP,85878.37829676675
2024-09-03 15:00:00-04:00,SHORT_CALL,SELL_TO_OPEN,489.14613519287116,2024-10-05 00:00:00-04:00,3,4.104201508287062,461.82,0.2320639923095703,0.23,0.0,3.0,0.0,L0202,S0209,PMCC_OPEN_BULL_MODERATE,87106.63874925287
2024-09-03 00:00:00,SMH_SPREAD,SELL_TO_OPEN,206.0,2024-09-17,4,4.451182,223.50086975097656,0.69827,0.25,0.0,5.2,0.0,,,SMH_ENTRY,87101.43874925288
2024-09-05 10:00:00-04:00,SHORT_CALL,BUY_TO_CLOSE,489.14613519287116,2024-10-05 00:00:00-04:00,3,3.3133426008497366,461.33,0.2228799957275391,0.20585660250542226,0.0,3.0,234.2576722311976,L0202,S0209,PMCC_PROFIT_EARLY,86104.43596899796
2024-09-05 15:00:00-04:00,SHORT_CALL,SELL_TO_OPEN,487.3403527603149,2024-10-07 00:00:00-04:00,3,3.941033985271986,461.14,0.2228799957275391,0.23,0.0,3.0,0.0,L0202,S0210,PMCC_OPEN_BULL_MODERATE,87283.74616457956
2024-09-06 10:00:00-04:00,SHORT_CALL,BUY_TO_CLOSE,487.3403527603149,2024-10-07 00:00:00-04:00,3,2.78080098599024,450.73,0.25065599060058597,0.16466035514598365,0.0,3.0,345.06989978452384,L0202,S0210,PMCC_PROFIT_EARLY,86446.50586878248
2024-09-06 15:00:00-04:00,SHORT_CALL,SELL_TO_OPEN,477.53001662826546,2024-10-08 00:00:00-04:00,3,4.2972670315124475,448.87,0.25065599060058597,0.23,0.0,3.0,0.0,L0202,S0211,PMCC_OPEN_BULL_MODERATE,87732.68597823622
2024-09-09 10:00:00-04:00,SHORT_CALL,BUY_TO_CLOSE,477.53001662826546,2024-10-08 00:00:00-04:00,3,2.8986088937690937,450.34,0.21784000854492191,0.19470083227851365,0.0,3.0,416.59744132300625,L0202,S0211,PMCC_PROFIT_EARLY,86860.10331010549
2024-09-09 15:00:00-04:00,SHORT_CALL,SELL_TO_OPEN,479.74242752456666,2024-10-11 00:00:00-04:00,3,3.7991708506801984,454.51,0.21784000854492191,0.23,0.0,3.0,0.0,L0202,S0212,PMCC_OPEN_BULL_MODERATE,87996.85456530955
2024-09-11 00:00:00,SMH_SPREAD,CLOSE,206.0,2024-09-17,4,0.84838,231.64927673339844,0.697804,,0.0,5.2,1430.721139,,,SMH_PROFIT_TAKE,89427.57570456385
2024-09-11 10:00:00-04:00,SHORT_CALL,BUY_TO_CLOSE,479.74242752456666,2024-10-11 00:00:00-04:00,3,2.408682919392689,452.67,0.19812800598144534,0.17782890341759977,0.0,3.0,414.1463793862529,L0202,S0212,PMCC_PROFIT_EARLY,88701.97082874604
2024-09-11 15:00:00-04:00,SHORT_CALL,SELL_TO_OPEN,492.14269363403315,2024-10-13 00:00:00-04:00,3,3.571417652896443,468.45,0.19812800598144534,0.23,0.0,3.0,0.0,L0202,S0213,PMCC_OPEN_BULL_MODERATE,89770.39612461497
2024-09-11 00:00:00,SMH_SPREAD,SELL_TO_OPEN,214.5,2024-09-25,4,4.381803,231.64927673339844,0.659374,0.25,0.0,5.2,0.0,,,SMH_ENTRY,89765.19612461497
2024-09-16 10:00:00-04:00,SHORT_CALL,BUY_TO_CLOSE,492.14269363403315,2024-10-13 00:00:00-04:00,3,3.1326841434276673,470.89,0.19196799316406254,0.22597775509556312,0.0,3.0,128.62005284063264,L0202,S0213,PMCC_PROFIT_EARLY,88822.39088158667
2024-09-16 15:00:00-04:00,SHORT_CALL,SELL_TO_OPEN,496.37554650878917,2024-10-18 00:00:00-04:00,3,3.498676146765277,473.22,0.19196799316406254,0.23,0.0,3.0,0.0,L0202,S0214,PMCC_OPEN_BULL_MODERATE,89868.99372561625
2024-09-17 00:00:00,SMH_SPREAD,CLOSE,214.5,2024-09-25,4,2.151481,231.96688842773438,0.618787,,0.0,5.2,881.728523,,,SMH_PROFIT_TAKE,90750.72224905985
2024-09-17 00:00:00,SMH_SPREAD,SELL_TO_OPEN,216.0,2024-10-01,4,4.15748,231.96688842773438,0.612444,0.25,0.0,5.2,0.0,,,SMH_ENTRY,90745.52224905985
2024-09-23 00:00:00,SMH_SPREAD,CLOSE,216.0,2024-10-01,4,1.780182,237.15765380859375,0.641538,,0.0,5.2,940.51922,,,SMH_PROFIT_TAKE,91686.0414688598
2024-09-23 00:00:00,SMH_SPREAD,SELL_TO_OPEN,220.5,2024-10-07,4,4.260127,237.15765380859375,0.622658,0.25,0.0,5.2,0.0,,,SMH_ENTRY,91680.8414688598
2024-09-26 00:00:00,SMH_SPREAD,CLOSE,220.5,2024-10-07,4,1.804655,250.72511291503906,0.677698,,0.0,5.2,971.788853,,,SMH_PROFIT_TAKE,92652.63032174493
2024-09-26 15:00:00-04:00,SHORT_CALL,BUY_TO_CLOSE,496.37554650878917,2024-10-18 00:00:00-04:00,3,5.809395407117819,489.47,0.17214399871826175,0.4025948091370887,0.0,3.0,-696.2157781057626,L0202,S0214,PMCC_STRIKE_GAP,90906.81169960959
2024-09-26 00:00:00,SMH_SPREAD,SELL_TO_OPEN,233.0,2024-10-10,4,4.461048,250.72511291503906,0.627726,0.25,0.0,5.2,0.0,,,SMH_ENTRY,90901.6116996096
2024-10-04 00:00:00,SMH_SPREAD,CLOSE,233.0,2024-10-10,4,1.108114,245.9611358642578,0.429592,,0.0,5.2,1330.77335,,,SMH_PROFIT_TAKE,92232.38504943164
2024-10-04 00:00:00,SMH_SPREAD,SELL_TO_OPEN,233.5,2024-10-18,4,3.109239,245.9611358642578,0.428378,0.25,0.0,5.2,0.0,,,SMH_ENTRY,92227.18504943165
2024-10-08 00:00:00,SMH_SPREAD,CLOSE,233.5,2024-10-18,4,1.452166,250.62586975097656,0.435639,,0.0,5.2,652.429523,,,SMH_PROFIT_TAKE,92879.6145721307
2024-10-08 00:00:00,SMH_SPREAD,SELL_TO_OPEN,238.0,2024-10-22,4,3.131638,250.62586975097656,0.424997,0.25,0.0,5.2,0.0,,,SMH_ENTRY,92874.4145721307
2024-10-09 15:00:00-04:00,SHORT_CALL,SELL_TO_OPEN,522.3575841522215,2024-11-09 23:00:00-05:00,3,4.411707071049605,493.18,0.2336320068359375,0.23,0.0,3.0,0.0,L0202,S0215,PMCC_OPEN_BULL_MODERATE,94194.92669344558
2024-10-10 00:00:00,SMH_SPREAD,CLOSE,238.0,2024-10-22,4,1.556007,252.73988342285156,0.366364,,0.0,5.2,619.852387,,,SMH_PROFIT_TAKE,94814.77908033854
2024-10-10 10:00:00-04:00,SHORT_CALL,BUY_TO_CLOSE,522.3575841522215,2024-11-09 23:00:00-05:00,3,3.897382615075429,491.48,0.23441600341796875,0.21144218183688296,0.0,3.0,151.29733679225296,L0202,S0215,PMCC_PROFIT_EARLY,93642.56429581592
2024-10-10 15:00:00-04:00,SHORT_CALL,SELL_TO_OPEN,521.8404206085204,2024-11-10 23:00:00-05:00,3,4.420490884810576,492.6,0.23441600341796875,0.23,0.0,3.0,0.0,L0202,S0216,PMCC_OPEN_BULL_MODERATE,94965.71156125909
2024-10-10 00:00:00,SMH_SPREAD,SELL_TO_OPEN,242.0,2024-10-24,4,2.706422,252.73988342285156,0.358366,0.25,0.0,5.2,0.0,,,SMH_ENTRY,94960.51156125909
2024-10-14 00:00:00,SMH_SPREAD,CLOSE,242.0,2024-10-24,4,0.899515,259.3201599121094,0.36319,,0.0,5.2,712.362653,,,SMH_PROFIT_TAKE,95672.87421464923
2024-10-14 10:00:00-04:00,SHORT_CALL,BUY_TO_CLOSE,521.8404206085204,2024-11-10 23:00:00-05:00,3,3.9266977747469554,496.11,0.2206400085449219,0.22960450729907633,0.0,3.0,145.13793301908618,L0202,S0216,PMCC_PROFIT_EARLY,94491.86488222514
2024-10-14 15:00:00-04:00,SHORT_CALL,SELL_TO_OPEN,525.2838453483582,2024-11-14 23:00:00-05:00,3,4.210430146475304,497.49,0.2206400085449219,0.23,0.0,3.0,0.0,L0202,S0217,PMCC_OPEN_BULL_MODERATE,95751.99392616774
2024-10-14 00:00:00,SMH_SPREAD,SELL_TO_OPEN,248.5,2024-10-28,4,2.70826,259.3201599121094,0.350778,0.25,0.0,5.2,0.0,,,SMH_ENTRY,95746.79392616774
2024-10-15 00:00:00,SMH_SPREAD,CLOSE,248.5,2024-10-28,4,8.778717,245.3060760498047,0.423323,,0.0,5.2,-2438.582517,,,SMH_GAP_SLIP,93308.21140868176
2024-10-15 10:00:00-04:00,SHORT_CALL,BUY_TO_CLOSE,525.2838453483582,2024-11-14 23:00:00-05:00,3,3.3838238649215384,492.23,0.23116799316406256,0.19102704318582142,0.0,3.0,244.9818844661296,L0202,S0217,PMCC_PROFIT_EARLY,92290.0642492053
2024-10-15 15:00:00-04:00,SHORT_CALL,SELL_TO_OPEN,519.4793372039795,2024-11-15 23:00:00-05:00,3,4.345228001477352,490.76,0.23116799316406256,0.23,0.0,3.0,0.0,L0202,S0218,PMCC_OPEN_BULL_MODERATE,93590.63264964851
2024-10-15 00:00:00,SMH_SPREAD,SELL_TO_OPEN,232.0,2024-10-29,4,3.276673,245.3060760498047,0.457766,0.25,0.0,5.2,0.0,,,SMH_ENTRY,93585.43264964852
2024-10-16 10:00:00-04:00,SHORT_CALL,BUY_TO_CLOSE,519.4793372039795,2024-11-15 23:00:00-05:00,3,3.3414669685826652,489.16,0.2192959991455078,0.197890160882557,0.0,3.0,298.12830986840595,L0202,S0218,PMCC_PROFIT_EARLY,92579.99255907371
2024-10-16 15:00:00-04:00,SHORT_CALL,SELL_TO_OPEN,518.1843082542418,2024-11-16 23:00:00-05:00,3,4.130474397368403,490.93,0.2192959991455078,0.23,0.0,3.0,0.0,L0202,S0219,PMCC_OPEN_BULL_MODERATE,93816.13487828423
2024-10-17 00:00:00,SMH_SPREAD,CLOSE,232.0,2024-10-29,4,1.580403,249.69293212890625,0.421535,,0.0,5.2,668.107736,,,SMH_PROFIT_TAKE,94484.24261417115
2024-10-17 00:00:00,SMH_SPREAD,SELL_TO_OPEN,237.5,2024-10-31,4,2.994695,249.69293212890625,0.408945,0.25,0.0,5.2,0.0,,,SMH_ENTRY,94479.04261417115
2024-10-21 10:00:00-04:00,SHORT_CALL,BUY_TO_CLOSE,518.1843082542418,2024-11-16 23:00:00-05:00,3,3.2842993896699824,493.33,0.2057440093994141,0.21456531338048718,0.0,3.0,250.85250230952602,L0202,S0219,PMCC_PROFIT_EARLY,93490.75279727015
2024-10-24 00:00:00,SMH_SPREAD,CLOSE,237.5,2024-10-31,4,1.312335,248.184326171875,0.370347,,0.0,5.2,662.544204,,,SMH_PROFIT_TAKE,94153.29700098393
2024-10-24 00:00:00,SMH_SPREAD,SELL_TO_OPEN,237.5,2024-11-07,4,2.800806,248.184326171875,0.370347,0.25,0.0,5.2,0.0,,,SMH_ENTRY,94148.09700098394
2024-10-29 00:00:00,SMH_SPREAD,CLOSE,237.5,2024-11-07,4,0.653074,254.99285888671875,0.357888,,0.0,5.2,848.692664,,,SMH_PROFIT_TAKE,94996.789665196
2024-10-29 00:00:00,SMH_SPREAD,SELL_TO_OPEN,244.5,2024-11-12,4,2.610308,254.99285888671875,0.344526,0.25,0.0,5.2,0.0,,,SMH_ENTRY,94991.589665196
2024-10-31 00:00:00,SMH_SPREAD,CLOSE,244.5,2024-11-12,4,8.692872,239.86717224121094,0.379504,,0.0,5.2,-2443.425307,,,SMH_LOSS_LIMIT,92548.164357704
2024-10-31 00:00:00,SMH_SPREAD,SELL_TO_OPEN,228.5,2024-11-14,4,2.946185,239.86717224121094,0.40648,0.25,0.0,5.2,0.0,,,SMH_ENTRY,92542.964357704
2024-11-04 15:00:00-05:00,SHORT_CALL,SELL_TO_OPEN,516.2092229461668,2024-12-06 00:00:00-05:00,3,4.572156697037343,485.96,0.2461759948730469,0.23,0.0,3.0,0.0,L0202,S0220,PMCC_OPEN_BULL_MODERATE,93911.6113668152
2024-11-05 00:00:00,SMH_SPREAD,CLOSE,228.5,2024-11-14,4,0.943302,246.44744873046875,0.419498,,0.0,5.2,790.75341,,,SMH_PROFIT_TAKE,94702.36477730355
2024-11-05 00:00:00,SMH_SPREAD,SELL_TO_OPEN,234.5,2024-11-19,4,2.936608,246.44744873046875,0.405687,0.25,0.0,5.2,0.0,,,SMH_ENTRY,94697.16477730355
2024-11-07 00:00:00,SMH_SPREAD,CLOSE,234.5,2024-11-19,4,1.167103,259.0621032714844,0.466117,,0.0,5.2,697.402173,,,SMH_PROFIT_TAKE,95394.56694980671
2024-11-07 10:00:00-05:00,SHORT_CALL,BUY_TO_CLOSE,516.2092229461668,2024-12-06 00:00:00-05:00,3,8.698630768425573,512.06,0.17023999786376953,0.4716969004188794,0.0,3.0,-1240.9422214164692,L0202,S0220,PMCC_STRIKE_GAP,92781.97771927904
2024-11-07 15:00:00-05:00,SHORT_CALL,SELL_TO_OPEN,535.8392028808594,2024-12-09 00:00:00-05:00,3,3.3778240141237603,513.6,0.17023999786376953,0.23,0.0,3.0,0.0,L0202,S0221,PMCC_OPEN_BULL_MODERATE,93792.32492351616
2024-11-07 00:00:00,SMH_SPREAD,SELL_TO_OPEN,245.5,2024-11-21,4,3.307133,259.0621032714844,0.440126,0.25,0.0,5.2,0.0,,,SMH_ENTRY,93787.12492351617
2024-11-12 10:00:00-05:00,SHORT_CALL,BUY_TO_CLOSE,535.8392028808594,2024-12-09 00:00:00-05:00,3,2.3554459490202646,512.98,0.1647520004272461,0.19009817303974685,0.0,3.0,303.71341953104877,L0202,S0221,PMCC_PROFIT_EARLY,93077.49113881009
2024-11-15 00:00:00,SMH_SPREAD,CLOSE,245.5,2024-11-21,4,8.909558,238.15016174316406,0.362848,,0.0,5.2,-2251.370136,,,SMH_LOSS_LIMIT,90826.12100240236
2024-11-15 00:00:00,SMH_SPREAD,SELL_TO_OPEN,227.5,2024-11-29,4,2.827234,238.15016174316406,0.387188,0.25,0.0,5.2,0.0,,,SMH_ENTRY,90820.92100240236
2024-11-19 00:00:00,SMH_SPREAD,CLOSE,227.5,2024-11-29,4,1.377288,242.34841918945312,0.401592,,0.0,5.2,569.578399,,,SMH_PROFIT_TAKE,91390.49940113648
2024-11-19 00:00:00,SMH_SPREAD,SELL_TO_OPEN,231.0,2024-12-03,4,2.828235,242.34841918945312,0.393624,0.25,0.0,5.2,0.0,,,SMH_ENTRY,91385.29940113648
2024-11-22 15:00:00-05:00,SHORT_CALL,SELL_TO_OPEN,523.5783734664917,2024-12-24 00:00:00-05:00,3,4.3200250843854064,505.77,0.17068799743652346,0.28,0.0,3.0,0.0,L0202,S0222,PMCC_OPEN_BULL_STRONG,92678.3069264521
2024-11-27 10:00:00-05:00,SHORT_CALL,BUY_TO_CLOSE,523.5783734664917,2024-12-24 00:00:00-05:00,3,2.5040477599556397,503.58,0.15792000427246097,0.20905174362837875,0.0,3.0,541.7931973289301,L0202,S0222,PMCC_PROFIT_EARLY,91924.09259846542
2024-11-27 15:00:00-05:00,SHORT_CALL,SELL_TO_OPEN,521.8095780029297,2024-12-29 00:00:00-05:00,3,4.0007915141596015,505.28,0.15792000427246097,0.28,0.0,3.0,0.0,L0202,S0223,PMCC_OPEN_BULL_STRONG,93121.3300527133
2024-11-29 00:00:00,SMH_SPREAD,CLOSE,231.0,2024-12-03,4,0.479309,240.31381225585938,0.326192,,0.0,5.2,929.170262,,,SMH_PROFIT_TAKE,94050.50031448924
2024-11-29 00:00:00,SMH_SPREAD,SELL_TO_OPEN,231.0,2024-12-13,4,2.354392,240.31381225585938,0.326192,0.25,0.0,5.2,0.0,,,SMH_ENTRY,94045.30031448924
2024-12-02 00:00:00,SMH_SPREAD,CLOSE,231.0,2024-12-13,4,1.119673,246.0107421875,0.35409,,0.0,5.2,483.487511,,,SMH_PROFIT_TAKE,94528.78782529394
2024-12-02 15:00:00-05:00,SHORT_CALL,BUY_TO_CLOSE,521.8095780029297,2024-12-29 00:00:00-05:00,3,6.196648645997726,515.29,0.1494080017089844,0.41708627402482895,0.0,3.0,-661.7571395514374,L0202,S0223,PMCC_STRIKE_GAP,92666.79323149462
2024-12-02 15:00:00-05:00,SHORT_CALL,SELL_TO_OPEN,531.3026862850188,2025-01-03 00:00:00-05:00,3,3.8650635349615072,515.29,0.1494080017089844,0.28,0.0,3.0,0.0,L0202,S0224,PMCC_OPEN_BULL_STRONG,93823.31229198308
2024-12-02 00:00:00,SMH_SPREAD,SELL_TO_OPEN,236.0,2024-12-16,4,2.548621,246.0107421875,0.3442,0.25,0.0,5.2,0.0,,,SMH_ENTRY,93818.11229198308
2024-12-04 15:00:00-05:00,SHORT_CALL,BUY_TO_CLOSE,531.3026862850188,2025-01-03 00:00:00-05:00,3,6.318933455067366,523.25,0.15063999786376955,0.4015448849322219,0.0,3.0,-739.1609760317576,L0202,S0224,PMCC_STRIKE_GAP,91919.43225546287
2024-12-04 15:00:00-05:00,SHORT_CALL,SELL_TO_OPEN,539.6176306247712,2025-01-05 00:00:00-05:00,3,3.9562197489516393,523.25,0.15063999786376955,0.28,0.0,3.0,0.0,L0202,S0225,PMCC_OPEN_BULL_STRONG,93103.29818014837
2024-12-06 00:00:00,SMH_SPREAD,CLOSE,236.0,2024-12-16,4,1.197129,246.7451934814453,0.303403,,0.0,5.2,530.196657,,,SMH_PROFIT_TAKE,93633.4948370883
2024-12-06 00:00:00,SMH_SPREAD,SELL_TO_OPEN,238.0,2024-12-20,4,2.248479,246.7451934814453,0.300599,0.25,0.0,5.2,0.0,,,SMH_ENTRY,93628.29483708831
2024-12-10 15:00:00-05:00,SHORT_CALL,BUY_TO_CLOSE,539.6176306247712,2025-01-05 00:00:00-05:00,3,2.808435588618906,520.55,0.15881600341796875,0.22496974586253765,0.0,3.0,341.3352480998201,L0202,S0225,PMCC_PROFIT_EARLY,92782.76416050264
2024-12-16 00:00:00,SMH_SPREAD,CLOSE,238.0,2024-12-20,4,0.163692,251.3503875732422,0.316755,,0.0,5.2,823.514524,,,SMH_PROFIT_TAKE,93606.27868470544
2024-12-16 00:00:00,SMH_SPREAD,SELL_TO_OPEN,242.0,2024-12-30,4,2.33197,251.3503875732422,0.311068,0.25,0.0,5.2,0.0,,,SMH_ENTRY,93601.07868470544
2024-12-18 00:00:00,SMH_SPREAD,CLOSE,242.0,2024-12-30,4,6.546832,240.17486572265625,0.33627,,0.0,5.2,-1696.344794,,,SMH_LOSS_LIMIT,91904.73389049227
2024-12-18 00:00:00,SMH_SPREAD,SELL_TO_OPEN,230.0,2025-01-01,4,2.577892,240.17486572265625,0.357639,0.25,0.0,5.2,0.0,,,SMH_ENTRY,91899.53389049227
2024-12-20 15:00:00-05:00,SHORT_CALL,SELL_TO_OPEN,545.7111857070925,2025-01-21 00:00:00-05:00,3,4.101134606845946,518.82,0.2056320068359375,0.23,0.0,3.0,0.0,L0202,S0226,PMCC_OPEN_BULL_MODERATE,93126.87427254605
2024-12-23 00:00:00,SMH_SPREAD,CLOSE,230.0,2025-01-01,4,0.830555,248.44692993164062,0.409024,,0.0,5.2,688.534867,,,SMH_PROFIT_TAKE,93815.40913974096
2024-12-23 10:00:00-05:00,SHORT_CALL,BUY_TO_CLOSE,545.7111857070925,2025-01-21 00:00:00-05:00,3,2.7539295184892296,518.19,0.1879360076904297,0.18749900174649647,0.0,3.0,401.16152650701486,L0202,S0226,PMCC_PROFIT_EARLY,92986.2302841942
2024-12-23 15:00:00-05:00,SHORT_CALL,SELL_TO_OPEN,547.7328875274657,2025-01-24 00:00:00-05:00,3,3.7870088266451205,522.92,0.1879360076904297,0.23,0.0,3.0,0.0,L0202,S0227,PMCC_OPEN_BULL_MODERATE,94119.33293218774
2024-12-23 00:00:00,SMH_SPREAD,SELL_TO_OPEN,237.0,2025-01-06,4,2.940309,248.44692993164062,0.393469,0.25,0.0,5.2,0.0,,,SMH_ENTRY,94114.13293218774
2024-12-27 10:00:00-05:00,SHORT_CALL,BUY_TO_CLOSE,547.7328875274657,2025-01-24 00:00:00-05:00,3,2.3037521677572244,520.27,0.17863999786376955,0.17102147769899173,0.0,3.0,441.976997666369,L0202,S0227,PMCC_PROFIT_EARLY,93420.00728186057
2025-01-02 00:00:00,SMH_SPREAD,CLOSE,237.0,2025-01-06,4,1.192427,244.03067016601562,0.37061,,0.0,5.2,688.752814,,,SMH_PROFIT_TAKE,94108.7600961823
2025-01-02 00:00:00,SMH_SPREAD,SELL_TO_OPEN,233.0,2025-01-16,4,2.746985,244.03067016601562,0.379344,0.25,0.0,5.2,0.0,,,SMH_ENTRY,94103.56009618231
2025-01-06 00:00:00,SMH_SPREAD,CLOSE,233.0,2025-01-16,4,0.579604,259.42279052734375,0.448312,,0.0,5.2,856.552416,,,SMH_PROFIT_TAKE,94960.11251182541
2025-01-06 00:00:00,SMH_SPREAD,SELL_TO_OPEN,246.5,2025-01-20,4,3.16248,259.42279052734375,0.417956,0.25,0.0,5.2,0.0,,,SMH_ENTRY,94954.91251182542
2025-01-13 00:00:00,SMH_SPREAD,CLOSE,246.5,2025-01-20,4,6.49226,243.88113403320312,0.387199,,0.0,5.2,-1342.311877,,,SMH_LOSS_LIMIT,93612.60063476008
2025-01-13 00:00:00,SMH_SPREAD,SELL_TO_OPEN,232.0,2025-01-27,4,3.031637,243.88113403320312,0.415494,0.25,0.0,5.2,0.0,,,SMH_ENTRY,93607.40063476008
2025-01-14 15:00:00-05:00,SHORT_CALL,SELL_TO_OPEN,531.7738981628418,2025-02-15 00:00:00-05:00,3,4.066309397049565,505.1,0.20955198974609376,0.23,0.0,3.0,0.0,L0202,S0228,PMCC_OPEN_BULL_MODERATE,94824.29345387495
2025-01-15 00:00:00,SMH_SPREAD,CLOSE,232.0,2025-01-27,4,1.503999,250.43077087402344,0.424767,,0.0,5.2,600.655056,,,SMH_PROFIT_TAKE,95424.9485103519
2025-01-15 00:00:00,SMH_SPREAD,SELL_TO_OPEN,238.5,2025-01-29,4,3.094546,250.43077087402344,0.409874,0.25,0.0,5.2,0.0,,,SMH_ENTRY,95419.7485103519
2025-01-21 00:00:00,SMH_SPREAD,CLOSE,238.5,2025-01-29,4,0.375903,261.5760803222656,0.402629,,0.0,5.2,1077.057052,,,SMH_PROFIT_TAKE,96496.80556241701
2025-01-21 15:00:00-05:00,SHORT_CALL,BUY_TO_CLOSE,531.7738981628418,2025-02-15 00:00:00-05:00,3,6.781188503354883,524.71,0.16867200469970703,0.4145937011049665,0.0,3.0,-817.4637318915954,L0202,S0228,PMCC_STRIKE_GAP,94459.44901141054
2025-01-21 15:00:00-05:00,SHORT_CALL,SELL_TO_OPEN,547.1220249557498,2025-02-22 00:00:00-05:00,3,3.4200365468379346,524.71,0.16867200469970703,0.23,0.0,3.0,0.0,L0202,S0229,PMCC_OPEN_BULL_MODERATE,95482.45997546193
2025-01-21 00:00:00,SMH_SPREAD,SELL_TO_OPEN,250.0,2025-02-04,4,2.989361,261.5760803222656,0.37918,0.25,0.0,5.2,0.0,,,SMH_ENTRY,95477.25997546193
2025-01-27 00:00:00,SMH_SPREAD,CLOSE,250.0,2025-02-04,4,15.199379,235.07852172851562,0.562284,,0.0,5.2,-4894.407247,,,SMH_GAP_SLIP,90582.85272833896
2025-01-27 10:00:00-05:00,SHORT_CALL,BUY_TO_CLOSE,547.1220249557498,2025-02-22 00:00:00-05:00,3,2.1107189402361968,515.45,0.20047999572753908,0.1510469840840784,0.0,3.0,389.7952819805214,L0202,S0229,PMCC_PROFIT_EARLY,89946.6370462681
2025-01-27 00:00:00,SMH_SPREAD,SELL_TO_OPEN,218.0,2025-02-10,4,4.242127,235.07852172851562,0.635814,0.25,0.0,5.2,0.0,,,SMH_ENTRY,89941.4370462681
2025-01-28 15:00:00-05:00,SHORT_CALL,SELL_TO_OPEN,541.4715792617797,2025-03-01 00:00:00-05:00,3,4.7904162860758674,521.87,0.18379199829101564,0.28,0.0,3.0,0.0,L0202,S0230,PMCC_OPEN_BULL_STRONG,91375.56193209086
2025-01-30 10:00:00-05:00,SHORT_CALL,BUY_TO_CLOSE,541.4715792617797,2025-03-01 00:00:00-05:00,3,3.485281616904331,519.22,0.17740800170898438,0.23207389319956578,0.0,3.0,388.540400751461,L0202,S0230,PMCC_PROFIT_EARLY,90326.97744701956
2025-01-30 15:00:00-05:00,SHORT_CALL,SELL_TO_OPEN,542.0396536445617,2025-03-03 00:00:00-05:00,3,4.638927678867844,523.05,0.17740800170898438,0.28,0.0,3.0,0.0,L0202,S0231,PMCC_OPEN_BULL_STRONG,91715.65575067991
2025-02-03 00:00:00,SMH_SPREAD,CLOSE,218.0,2025-02-10,4,1.862825,238.03932189941406,0.667991,,0.0,5.2,941.320976,,,SMH_PROFIT_TAKE,92656.97672697113
2025-02-03 00:00:00,SMH_SPREAD,SELL_TO_OPEN,220.5,2025-02-17,4,4.459421,238.03932189941406,0.657025,0.25,0.0,5.2,0.0,,,SMH_ENTRY,92651.77672697113
2025-02-05 10:00:00-05:00,SHORT_CALL,BUY_TO_CLOSE,542.0396536445617,2025-03-03 00:00:00-05:00,3,3.55119762884091,522.76,0.17662400512695314,0.2479067003017938,0.0,3.0,323.3190150080802,L0202,S0231,PMCC_PROFIT_EARLY,91583.41743831887
2025-02-05 15:00:00-05:00,SHORT_CALL,SELL_TO_OPEN,545.911292476654,2025-03-09 00:00:00-05:00,3,4.6523216913824115,526.85,0.17662400512695314,0.28,0.0,3.0,0.0,L0202,S0232,PMCC_OPEN_BULL_STRONG,92976.1139457336
2025-02-06 00:00:00,SMH_SPREAD,CLOSE,220.5,2025-02-17,4,2.000485,247.5796356201172,0.654698,,0.0,5.2,973.174267,,,SMH_PROFIT_TAKE,93949.28821297713
2025-02-06 00:00:00,SMH_SPREAD,SELL_TO_OPEN,230.5,2025-02-20,4,4.376747,247.5796356201172,0.614929,0.25,0.0,5.2,0.0,,,SMH_ENTRY,93944.08821297713
2025-02-12 10:00:00-05:00,SHORT_CALL,BUY_TO_CLOSE,545.911292476654,2025-03-09 00:00:00-05:00,3,3.488669476355824,526.57,0.17796800384521488,0.2454079819899363,0.0,3.0,346.09566450797615,L0202,S0232,PMCC_PROFIT_EARLY,92894.48737007039
2025-02-12 15:00:00-05:00,SHORT_CALL,SELL_TO_OPEN,547.5807933349608,2025-03-16 01:00:00-04:00,3,4.700054738738004,528.32,0.17796800384521488,0.28,0.0,3.0,0.0,L0202,S0233,PMCC_OPEN_BULL_STRONG,94301.5037916918
2025-02-13 00:00:00,SMH_SPREAD,CLOSE,230.5,2025-02-20,4,1.669631,251.1385498046875,0.620088,,0.0,5.2,1072.446499,,,SMH_PROFIT_TAKE,95373.95029065662
2025-02-13 00:00:00,SMH_SPREAD,SELL_TO_OPEN,234.0,2025-02-27,4,4.366211,251.1385498046875,0.606537,0.25,0.0,5.2,0.0,,,SMH_ENTRY,95368.75029065662
2025-02-18 15:00:00-05:00,SHORT_CALL,BUY_TO_CLOSE,547.5807933349608,2025-03-16 01:00:00-04:00,3,6.971105507334187,539.32,0.17192000427246096,0.4040259658452013,0.0,3.0,-684.3152305788549,L0202,S0233,PMCC_STRIKE_GAP,93274.41863845637
2025-02-18 15:00:00-05:00,SHORT_CALL,SELL_TO_OPEN,558.3391030120849,2025-03-22 01:00:00-04:00,3,4.639180250291048,539.32,0.17192000427246096,0.28,0.0,3.0,0.0,L0202,S0234,PMCC_OPEN_BULL_STRONG,94663.17271354368
2025-02-19 00:00:00,SMH_SPREAD,CLOSE,234.0,2025-02-27,4,1.726056,256.541748046875,0.612091,,0.0,5.2,1045.662249,,,SMH_PROFIT_TAKE,95708.834962343
2025-02-19 00:00:00,SMH_SPREAD,SELL_TO_OPEN,239.0,2025-03-05,4,4.265133,256.541748046875,0.59355,0.25,0.0,5.2,0.0,,,SMH_ENTRY,95703.634962343
2025-02-20 10:00:00-05:00,SHORT_CALL,BUY_TO_CLOSE,558.3391030120849,2025-03-22 01:00:00-04:00,3,3.068465835490656,533.41,0.17539199829101565,0.20767932712805265,0.0,3.0,468.2143244401177,L0202,S0234,PMCC_PROFIT_EARLY,94780.0952116958
2025-02-20 15:00:00-05:00,SHORT_CALL,SELL_TO_OPEN,556.4935237903594,2025-03-24 01:00:00-04:00,3,4.711542484540075,537.19,0.17539199829101565,0.28,0.0,3.0,0.0,L0202,S0235,PMCC_OPEN_BULL_STRONG,96190.55795705783
2025-02-21 15:00:00-05:00,SHORT_CALL,BUY_TO_CLOSE,556.4935237903594,2025-03-24 01:00:00-04:00,3,3.311218515811589,526.09,0.20395198974609377,0.19612212543317653,0.0,3.0,417.0971906185458,L0202,S0235,PMCC_PROFIT_EARLY,95194.19240231435
2025-02-21 15:00:00-05:00,SHORT_CALL,SELL_TO_OPEN,547.9428519058226,2025-03-25 01:00:00-04:00,3,5.342924664899954,526.09,0.20395198974609377,0.28,0.0,3.0,0.0,L0202,S0236,PMCC_OPEN_BULL_STRONG,96794.06980178434
2025-02-24 10:00:00-05:00,SHORT_CALL,BUY_TO_CLOSE,547.9428519058226,2025-03-25 01:00:00-04:00,3,4.062359134363021,521.55,0.2125759948730469,0.23014975011506594,0.0,3.0,381.16965916107984,L0202,S0236,PMCC_PROFIT_EARLY,95572.36206147543
2025-02-24 15:00:00-05:00,SHORT_CALL,SELL_TO_OPEN,542.3127902755737,2025-03-28 01:00:00-04:00,3,5.495111114646761,519.83,0.2125759948730469,0.28,0.0,3.0,0.0,L0202,S0237,PMCC_OPEN_BULL_STRONG,97217.89539586946
2025-02-25 10:00:00-05:00,SHORT_CALL,BUY_TO_CLOSE,542.3127902755737,2025-03-28 01:00:00-04:00,3,3.7047758301691402,512.21,0.21761600341796877,0.2081767267118147,0.0,3.0,534.1005853432862,L0202,S0237,PMCC_PROFIT_EARLY,96103.46264681872
2025-02-25 15:00:00-05:00,SHORT_CALL,SELL_TO_OPEN,536.0025499114988,2025-03-29 01:00:00-04:00,3,5.5505925372197,513.29,0.21761600341796877,0.28,0.0,3.0,0.0,L0202,S0238,PMCC_OPEN_BULL_STRONG,97765.64040798463
2025-02-27 00:00:00,SMH_SPREAD,CLOSE,239.0,2025-03-05,4,11.9412,228.08029174804688,0.432009,,0.0,5.2,-3080.826554,,,SMH_GAP_SLIP,94684.81385355954
2025-02-27 15:00:00-05:00,SHORT_CALL,BUY_TO_CLOSE,536.0025499114988,2025-03-29 01:00:00-04:00,3,3.125444583780265,500.33,0.23665599060058595,0.176095465111752,0.0,3.0,724.5443860318305,L0202,S0238,PMCC_PROFIT_EARLY,93744.18047842545
2025-02-27 15:00:00-05:00,SHORT_CALL,SELL_TO_OPEN,524.3921962585448,2025-03-31 01:00:00-04:00,3,5.867492359978968,500.33,0.23665599060058595,0.28,0.0,3.0,0.0,L0202,S0239,PMCC_OPEN_BULL_STRONG,95501.42818641914
2025-02-27 00:00:00,SMH_SPREAD,SELL_TO_OPEN,215.5,2025-03-13,4,3.150035,228.08029174804688,0.467751,0.25,0.0,5.2,0.0,,,SMH_ENTRY,95496.22818641915
2025-03-03 15:00:00-05:00,SHORT_CALL,BUY_TO_CLOSE,524.3921962585448,2025-03-31 01:00:00-04:00,3,5.106122477851571,497.32,0.2551360076904297,0.2516665586514517,0.0,3.0,225.41096463821896,L0202,S0239,PMCC_PROFIT_EARLY,93961.39144306368
2025-03-03 15:00:00-05:00,SHORT_CALL,SELL_TO_OPEN,529.3134995422362,2025-04-04 01:00:00-04:00,3,4.843034389511473,497.32,0.2551360076904297,0.23,0.0,3.0,0.0,L0202,S0240,PMCC_OPEN_BULL_MODERATE,95411.30175991711
2025-03-04 10:00:00-05:00,SHORT_CALL,BUY_TO_CLOSE,529.3134995422362,2025-04-04 01:00:00-04:00,3,3.633386549195791,490.69,0.26331200256347664,0.18337499907756033,0.0,3.0,359.8943520947048,L0202,S0240,PMCC_PROFIT_EARLY,94318.28579515837
2025-03-04 15:00:00-05:00,SHORT_CALL,SELL_TO_OPEN,528.4287595481874,2025-04-05 01:00:00-04:00,3,4.974625175081968,495.51,0.26331200256347664,0.23,0.0,3.0,0.0,L0202,S0241,PMCC_OPEN_BULL_MODERATE,95807.67334768297
2025-03-05 10:00:00-05:00,SHORT_CALL,BUY_TO_CLOSE,528.4287595481874,2025-04-05 01:00:00-04:00,3,4.03709394331311,495.55,0.24561600341796877,0.20846133882084583,0.0,3.0,278.2593695306573,L0202,S0241,PMCC_PROFIT_EARLY,94593.54516468903
2025-03-05 15:00:00-05:00,SHORT_CALL,SELL_TO_OPEN,533.1619819335936,2025-04-06 01:00:00-04:00,3,4.713305605446578,502.08,0.24561600341796877,0.23,0.0,3.0,0.0,L0202,S0242,PMCC_OPEN_BULL_MODERATE,96004.536846323
2025-03-06 15:00:00-05:00,SHORT_CALL,BUY_TO_CLOSE,533.1619819335936,2025-04-06 01:00:00-04:00,3,3.1987395112342654,488.32,0.2785440093994141,0.15919571299986635,0.0,3.0,451.3698282636939,L0202,S0242,PMCC_PROFIT_EARLY,95041.91499295272
2025-03-06 15:00:00-05:00,SHORT_CALL,SELL_TO_OPEN,522.6892753906247,2025-04-07 01:00:00-04:00,3,5.174911511759447,488.32,0.2785440093994141,0.23,0.0,3.0,0.0,L0202,S0243,PMCC_OPEN_BULL_MODERATE,96591.38844648056
2025-03-07 10:00:00-05:00,SHORT_CALL,BUY_TO_CLOSE,522.6892753906247,2025-04-07 01:00:00-04:00,3,3.9471995944582687,486.75,0.2617440093994141,0.19793761588841524,0.0,3.0,365.3135751903535,L0202,S0243,PMCC_PROFIT_EARLY,95404.22856814308
2025-03-07 15:00:00-05:00,SHORT_CALL,SELL_TO_OPEN,524.2848365669252,2025-04-08 01:00:00-04:00,3,4.909212284966429,491.81,0.2617440093994141,0.23,0.0,3.0,0.0,L0202,S0244,PMCC_OPEN_BULL_MODERATE,96873.99225363301
2025-03-10 10:00:00-04:00,SHORT_CALL,BUY_TO_CLOSE,524.2848365669252,2025-04-08 01:00:00-04:00,3,3.1772388999827683,475.53,0.3120320068359375,0.15198483307169053,0.0,3.0,516.5920154950983,L0202,S0244,PMCC_PROFIT_EARLY,95917.82058363818
2025-03-10 15:00:00-04:00,SHORT_CALL,SELL_TO_OPEN,525.0148281097413,2025-04-11 00:00:00-04:00,3,3.261876230265486,473.3,0.3120320068359375,0.15,0.0,3.0,0.0,L0202,S0245,PMCC_OPEN_BEAR_SMA_FORCED,96893.38345271783
2025-03-11 10:00:00-04:00,SHORT_CALL,BUY_TO_CLOSE,525.0148281097413,2025-04-11 00:00:00-04:00,3,2.315764190564373,469.73,0.3015040008544922,0.11863438835705115,0.0,3.0,280.83361191033384,L0202,S0245,PMCC_PROFIT_EARLY,96195.65419554852
2025-03-11 15:00:00-04:00,SHORT_CALL,SELL_TO_OPEN,521.373982345581,2025-04-12 00:00:00-04:00,3,3.1454607811392634,471.67,0.3015040008544922,0.15,0.0,3.0,0.0,L0202,S0246,PMCC_OPEN_BEAR_SMA_FORCED,97136.2924298903
2025-03-12 00:00:00,SMH_SPREAD,CLOSE,215.5,2025-03-13,4,0.935421,219.83596801757812,0.559444,,0.0,5.2,875.445509,,,SMH_PROFIT_TAKE,98011.7379388714
2025-03-12 10:00:00-04:00,SHORT_CALL,BUY_TO_CLOSE,521.373982345581,2025-04-12 00:00:00-04:00,3,2.3548933719004026,473.73,0.27137599487304687,0.12985280438201852,0.0,3.0,234.17022277165825,L0202,S0246,PMCC_PROFIT_EARLY,97302.26992730128
2025-03-12 15:00:00-04:00,SHORT_CALL,SELL_TO_OPEN,522.1050801696776,2025-04-13 00:00:00-04:00,3,2.8749254313248827,477.08,0.27137599487304687,0.15,0.0,3.0,0.0,L0202,S0247,PMCC_OPEN_BEAR_SMA_FORCED,98161.74755669876
2025-03-12 00:00:00,SMH_SPREAD,SELL_TO_OPEN,204.5,2025-03-26,4,3.890369,219.83596801757812,0.608104,0.25,0.0,5.2,0.0,,,SMH_ENTRY,98156.54755669876
2025-03-13 10:00:00-04:00,SHORT_CALL,BUY_TO_CLOSE,522.1050801696776,2025-04-13 00:00:00-04:00,3,2.268092988465547,472.6,0.27619199829101565,0.12441066539944412,0.0,3.0,179.0497328578008,L0202,S0247,PMCC_PROFIT_EARLY,97473.1196601591
2025-03-13 15:00:00-04:00,SHORT_CALL,SELL_TO_OPEN,513.3867204742432,2025-04-14 00:00:00-04:00,3,2.8707100154759786,468.37,0.27619199829101565,0.15,0.0,3.0,0.0,L0202,S0248,PMCC_OPEN_BEAR_SMA_FORCED,98331.33266480188
2025-03-17 00:00:00,SMH_SPREAD,CLOSE,204.5,2025-03-26,4,1.659597,228.24978637695312,0.668454,,0.0,5.2,881.90866,,,SMH_PROFIT_TAKE,99213.2413252322
2025-03-17 10:00:00-04:00,SHORT_CALL,BUY_TO_CLOSE,513.3867204742432,2025-04-14 00:00:00-04:00,3,2.4635496841069227,479.19,0.22971200256347662,0.1583806810295954,0.0,3.0,119.14809941071667,L0202,S0248,PMCC_PROFIT_EARLY,98471.17642000012
2025-03-17 15:00:00-04:00,SHORT_CALL,SELL_TO_OPEN,521.0973709716798,2025-04-18 00:00:00-04:00,3,2.47540851193736,482.73,0.22971200256347662,0.15,0.0,3.0,0.0,L0202,S0249,PMCC_OPEN_BEAR_SMA_FORCED,99210.79897358133
2025-03-17 00:00:00,SMH_SPREAD,SELL_TO_OPEN,212.0,2025-03-31,4,4.229454,228.24978637695312,0.635155,0.25,0.0,5.2,0.0,,,SMH_ENTRY,99205.59897358133
2025-03-18 10:00:00-04:00,SHORT_CALL,BUY_TO_CLOSE,521.0973709716798,2025-04-18 00:00:00-04:00,3,1.663460841578491,474.19,0.2430400085449219,0.10637075370101806,0.0,3.0,240.58430110766062,L0202,S0249,PMCC_PROFIT_EARLY,98703.56072110779
2025-03-18 15:00:00-04:00,SHORT_CALL,SELL_TO_OPEN,514.7065673713685,2025-04-19 00:00:00-04:00,3,2.571277781856736,474.73,0.2430400085449219,0.15,0.0,3.0,0.0,L0202,S0250,PMCC_OPEN_BEAR_SMA_FORCED,99471.9440556648
2025-03-19 10:00:00-04:00,SHORT_CALL,BUY_TO_CLOSE,514.7065673713685,2025-04-19 00:00:00-04:00,3,2.139755001681138,477.05,0.2228799957275391,0.13953270961314135,0.0,3.0,126.45683405267937,L0202,S0250,PMCC_PROFIT_EARLY,98827.01755516046
2025-03-19 15:00:00-04:00,SHORT_CALL,SELL_TO_OPEN,517.8471665611268,2025-04-20 00:00:00-04:00,3,2.3942088342458163,480.79,0.2228799957275391,0.15,0.0,3.0,0.0,L0202,S0251,PMCC_OPEN_BEAR_SMA_FORCED,99542.2802054342
2025-03-20 15:00:00-04:00,SHORT_CALL,BUY_TO_CLOSE,517.8471665611268,2025-04-20 00:00:00-04:00,3,2.0265560146416846,479.29,0.22175999145507816,0.13350768412408975,0.0,3.0,107.29584588123953,L0202,S0251,PMCC_PROFIT_EARLY,98931.3134010417
2025-03-20 15:00:00-04:00,SHORT_CALL,SELL_TO_OPEN,516.0384798316954,2025-04-21 00:00:00-04:00,3,2.3751952071062306,479.29,0.22175999145507816,0.15,0.0,3.0,0.0,L0202,S0252,PMCC_OPEN_BEAR_SMA_FORCED,99640.87196317357
2025-03-21 10:00:00-04:00,SHORT_CALL,BUY_TO_CLOSE,516.0384798316954,2025-04-21 00:00:00-04:00,3,1.813258082782653,477.34,0.2159360076904297,0.12491483808618087,0.0,3.0,165.58113729707327,L0202,S0252,PMCC_PROFIT_EARLY,99093.89453833878
2025-03-21 15:00:00-04:00,SHORT_CALL,SELL_TO_OPEN,517.0276250610352,2025-04-22 00:00:00-04:00,3,2.3233654810086364,481.12,0.2159360076904297,0.15,0.0,3.0,0.0,L0202,S0253,PMCC_OPEN_BEAR_SMA_FORCED,99787.90418264137
2025-03-24 00:00:00,SMH_SPREAD,CLOSE,212.0,2025-03-31,4,1.800206,229.9145965576172,0.632684,,0.0,5.2,961.299174,,,SMH_PROFIT_TAKE,100749.2033562378
2025-03-24 00:00:00,SMH_SPREAD,SELL_TO_OPEN,213.5,2025-04-07,4,4.138028,229.9145965576172,0.626168,0.25,0.0,5.2,0.0,,,SMH_ENTRY,100744.00335623781
2025-03-26 15:00:00-04:00,SHORT_CALL,BUY_TO_CLOSE,517.0276250610352,2025-04-22 00:00:00-04:00,3,1.8664955803218817,484.38,0.20529599914550778,0.13901635189786515,0.0,3.0,134.06097020602647,L0202,S0253,PMCC_PROFIT_EARLY,100181.05468214124
2025-03-27 10:00:00-04:00,LEAPS,SELL_TO_CLOSE,390.92973860168456,2025-07-24 00:00:00-04:00,3,102.09299946819908,486.35,0.2508198071670532,0.9546703620701488,0.0,3.0,68.02347414858014,L0202,,ADAPTIVE_DTE_ROLL(dte=119<120),130805.95452260096
2025-04-03 00:00:00,SMH_SPREAD,CLOSE,213.5,2025-04-07,4,17.911547,194.96336364746094,0.558257,,0.0,5.2,-5519.807579,,,SMH_GAP_SLIP,125286.1469432826
2025-04-03 00:00:00,SMH_SPREAD,SELL_TO_OPEN,181.0,2025-04-17,4,3.66916,194.96336364746094,0.630226,0.25,0.0,5.2,0.0,,,SMH_ENTRY,125280.9469432826
2025-04-04 00:00:00,SMH_SPREAD,CLOSE,181.0,2025-04-17,4,8.145921,180.23916625976562,0.620497,,0.0,5.2,-1801.104571,,,SMH_GAP_SLIP,123479.8423722001
2025-04-04 00:00:00,SMH_SPREAD,SELL_TO_OPEN,166.0,2025-04-18,4,3.850229,180.23916625976562,0.708734,0.25,0.0,5.2,0.0,,,SMH_ENTRY,123474.6423722001
2025-04-14 00:00:00,SMH_SPREAD,CLOSE,166.0,2025-04-18,4,1.064959,200.984619140625,1.365624,,0.0,5.2,1103.70769,,,SMH_PROFIT_TAKE,124578.35006223727
2025-04-14 00:00:00,SMH_SPREAD,SELL_TO_OPEN,175.5,2025-04-28,4,6.625297,200.984619140625,1.277154,0.25,0.0,5.2,0.0,,,SMH_ENTRY,124573.15006223727
2025-04-23 00:00:00,SMH_SPREAD,CLOSE,175.5,2025-04-28,4,3.123198,198.29299926757812,1.290928,,0.0,5.2,1390.439558,,,SMH_PROFIT_TAKE,125963.58961983406
2025-04-23 00:00:00,SMH_SPREAD,SELL_TO_OPEN,172.5,2025-05-07,4,6.732537,198.29299926757812,1.320057,0.25,0.0,5.2,0.0,,,SMH_ENTRY,125958.38961983407
2025-04-29 00:00:00,SMH_SPREAD,CLOSE,172.5,2025-05-07,4,3.346806,209.63768005371094,1.427471,,0.0,5.2,1343.89239,,,SMH_PROFIT_TAKE,127302.28201004711
2025-04-29 00:00:00,SMH_SPREAD,SELL_TO_OPEN,182.0,2025-05-13,4,6.94798,209.63768005371094,1.339186,0.25,0.0,5.2,0.0,,,SMH_ENTRY,127297.08201004712
2025-05-05 00:00:00,SMH_SPREAD,CLOSE,182.0,2025-05-13,4,2.742312,216.9349822998047,1.207007,,0.0,5.2,1671.867173,,,SMH_PROFIT_TAKE,128968.9491829569
2025-05-05 00:00:00,SMH_SPREAD,SELL_TO_OPEN,192.0,2025-05-19,4,6.329588,216.9349822998047,1.129363,0.25,0.0,5.2,0.0,,,SMH_ENTRY,128963.7491829569
2025-05-08 00:00:00,SMH_SPREAD,CLOSE,192.0,2025-05-19,4,1.23516,221.2615203857422,0.669515,,0.0,5.2,2027.371139,,,SMH_PROFIT_TAKE,130991.12032211904
2025-05-08 00:00:00,SMH_SPREAD,SELL_TO_OPEN,206.0,2025-05-22,4,3.952715,221.2615203857422,0.607924,0.25,0.0,5.2,0.0,,,SMH_ENTRY,130985.92032211904
2025-05-09 00:00:00,SMH_SPREAD,CLOSE,206.0,2025-05-22,4,1.902079,222.70701599121094,0.470027,,0.0,5.2,809.854125,,,SMH_PROFIT_TAKE,131795.77444708458
2025-05-09 00:00:00,SMH_SPREAD,SELL_TO_OPEN,211.0,2025-05-23,4,3.085887,222.70701599121094,0.455799,0.25,0.0,5.2,0.0,,,SMH_ENTRY,131790.57444708457
2025-05-12 00:00:00,SMH_SPREAD,CLOSE,211.0,2025-05-23,4,1.237575,236.67356872558594,0.562886,,0.0,5.2,728.924686,,,SMH_PROFIT_TAKE,132519.49913353065
2025-05-12 00:00:00,SMH_SPREAD,SELL_TO_OPEN,222.0,2025-05-26,4,3.622679,236.67356872558594,0.529135,0.25,0.0,5.2,0.0,,,SMH_ENTRY,132514.29913353064
2025-05-14 00:00:00,SMH_SPREAD,CLOSE,222.0,2025-05-26,4,1.778249,247.2207489013672,0.571508,,0.0,5.2,727.37195,,,SMH_PROFIT_TAKE,133241.67108397922
2025-05-14 00:00:00,SMH_SPREAD,SELL_TO_OPEN,232.0,2025-05-28,4,3.933799,247.2207489013672,0.541435,0.25,0.0,5.2,0.0,,,SMH_ENTRY,133236.4710839792
2025-05-19 00:00:00,SMH_SPREAD,CLOSE,232.0,2025-05-28,4,1.841808,245.24688720703125,0.433755,,0.0,5.2,826.396409,,,SMH_PROFIT_TAKE,134062.86749256172
2025-05-19 00:00:00,SMH_SPREAD,SELL_TO_OPEN,233.0,2025-06-02,4,3.189169,245.24688720703125,0.4313,0.25,0.0,5.2,0.0,,,SMH_ENTRY,134057.6674925617
2025-05-27 00:00:00,SMH_SPREAD,CLOSE,233.0,2025-06-02,4,1.2761,244.21011352539062,0.414054,,0.0,5.2,754.827771,,,SMH_PROFIT_TAKE,134812.49526328128
2025-05-27 00:00:00,SMH_SPREAD,SELL_TO_OPEN,232.5,2025-06-10,4,3.081693,244.21011352539062,0.415243,0.25,0.0,5.2,0.0,,,SMH_ENTRY,134807.29526328127
2025-06-03 00:00:00,SMH_SPREAD,CLOSE,232.5,2025-06-10,4,1.013693,248.0182647705078,0.434154,,0.0,5.2,816.800085,,,SMH_PROFIT_TAKE,135624.09534826284
2025-06-03 00:00:00,SMH_SPREAD,SELL_TO_OPEN,235.5,2025-06-17,4,3.124347,248.0182647705078,0.426952,0.25,0.0,5.2,0.0,,,SMH_ENTRY,135618.89534826283
2025-06-09 00:00:00,SMH_SPREAD,CLOSE,235.5,2025-06-17,4,0.70361,256.16290283203125,0.437402,,0.0,5.2,957.894835,,,SMH_PROFIT_TAKE,136576.7901835809
2025-06-09 00:00:00,SMH_SPREAD,SELL_TO_OPEN,243.5,2025-06-23,4,3.170211,256.16290283203125,0.419123,0.25,0.0,5.2,0.0,,,SMH_ENTRY,136571.59018358088
2025-06-10 00:00:00,SMH_SPREAD,CLOSE,243.5,2025-06-23,4,0.910415,261.257080078125,0.324152,,0.0,5.2,893.51864,,,SMH_PROFIT_TAKE,137465.10882314193
2025-06-10 00:00:00,SMH_SPREAD,SELL_TO_OPEN,251.5,2025-06-24,4,2.442845,261.257080078125,0.313139,0.25,0.0,5.2,0.0,,,SMH_ENTRY,137459.90882314192
2025-06-16 00:00:00,SMH_SPREAD,CLOSE,251.5,2025-06-24,4,1.170859,262.5630187988281,0.320919,,0.0,5.2,498.394552,,,SMH_PROFIT_TAKE,137958.30337477158
2025-06-16 00:00:00,SMH_SPREAD,SELL_TO_OPEN,252.5,2025-06-30,4,2.487289,262.5630187988281,0.319523,0.25,0.0,5.2,0.0,,,SMH_ENTRY,137953.10337477157
2025-06-24 00:00:00,SMH_SPREAD,CLOSE,252.5,2025-06-30,4,0.290849,270.69769287109375,0.348809,,0.0,5.2,868.176286,,,SMH_PROFIT_TAKE,138821.27966098842
2025-06-24 00:00:00,SMH_SPREAD,SELL_TO_OPEN,260.0,2025-07-08,4,2.734092,270.69769287109375,0.33564,0.25,0.0,5.2,0.0,,,SMH_ENTRY,138816.0796609884
2025-06-26 00:00:00,SMH_SPREAD,CLOSE,260.0,2025-07-08,4,0.983835,276.34014892578125,0.30696,,0.0,5.2,689.70296,,,SMH_PROFIT_TAKE,139505.78262097656
2025-06-26 00:00:00,SMH_SPREAD,SELL_TO_OPEN,266.5,2025-07-10,4,2.466716,276.34014892578125,0.298869,0.25,0.0,5.2,0.0,,,SMH_ENTRY,139500.58262097655
2025-06-30 00:00:00,SMH_SPREAD,CLOSE,266.5,2025-07-10,4,1.157588,278.0149230957031,0.277773,,0.0,5.2,513.251511,,,SMH_PROFIT_TAKE,140013.8341321549
2025-06-30 00:00:00,SMH_SPREAD,SELL_TO_OPEN,269.0,2025-07-14,4,2.311595,278.0149230957031,0.274917,0.25,0.0,5.2,0.0,,,SMH_ENTRY,140008.6341321549
2025-07-03 00:00:00,SMH_SPREAD,CLOSE,269.0,2025-07-14,4,1.080433,282.740234375,0.286035,,0.0,5.2,482.064811,,,SMH_PROFIT_TAKE,140490.69894304758
2025-07-03 00:00:00,SMH_SPREAD,SELL_TO_OPEN,273.5,2025-07-17,4,2.433186,282.740234375,0.280873,0.25,0.0,5.2,0.0,,,SMH_ENTRY,140485.49894304757
2025-07-09 00:00:00,SMH_SPREAD,CLOSE,273.5,2025-07-17,4,1.143167,284.53466796875,0.29288,,0.0,5.2,505.607556,,,SMH_PROFIT_TAKE,140991.1064985589
2025-07-09 00:00:00,SMH_SPREAD,SELL_TO_OPEN,274.5,2025-07-23,4,2.439374,284.53466796875,0.291699,0.25,0.0,5.2,0.0,,,SMH_ENTRY,140985.90649855888
2025-07-15 00:00:00,SMH_SPREAD,CLOSE,274.5,2025-07-23,4,0.416606,289.89794921875,0.26869,,0.0,5.2,798.70708,,,SMH_PROFIT_TAKE,141784.61357898067
2025-07-15 00:00:00,SMH_SPREAD,SELL_TO_OPEN,281.0,2025-07-29,4,2.309891,289.89794921875,0.261894,0.25,0.0,5.2,0.0,,,SMH_ENTRY,141779.41357898066
2025-07-21 00:00:00,SMH_SPREAD,CLOSE,281.0,2025-07-29,4,1.076156,289.6088562011719,0.240811,,0.0,5.2,483.094073,,,SMH_PROFIT_TAKE,142262.50765211025
2025-07-21 00:00:00,SMH_SPREAD,SELL_TO_OPEN,281.5,2025-08-04,4,2.130832,289.6088562011719,0.240329,0.25,0.0,5.2,0.0,,,SMH_ENTRY,142257.30765211023
2025-07-28 00:00:00,SMH_SPREAD,CLOSE,281.5,2025-08-04,4,0.576745,290.5060729980469,0.211945,,0.0,5.2,611.234928,,,SMH_PROFIT_TAKE,142868.542580568
2025-07-28 00:00:00,SMH_SPREAD,SELL_TO_OPEN,283.0,2025-08-11,4,1.770488,290.5060729980469,0.210678,0.25,0.0,5.2,0.0,,,SMH_ENTRY,142863.342580568
2025-07-30 00:00:00,SMH_SPREAD,CLOSE,283.0,2025-08-11,4,0.656612,295.3410339355469,0.208226,,0.0,5.2,435.150625,,,SMH_PROFIT_TAKE,143298.49320532742
2025-07-30 00:00:00,SMH_SPREAD,SELL_TO_OPEN,288.0,2025-08-13,4,1.756944,295.3410339355469,0.204198,0.25,0.0,5.2,0.0,,,SMH_ENTRY,143293.2932053274
2025-07-31 00:00:00,SMH_SPREAD,CLOSE,288.0,2025-08-13,4,4.645536,287.88421630859375,0.221832,,0.0,5.2,-1165.836431,,,SMH_LOSS_LIMIT,142127.45677452057
2025-07-31 00:00:00,SMH_SPREAD,SELL_TO_OPEN,280.0,2025-08-14,4,1.965364,287.88421630859375,0.229123,0.25,0.0,5.2,0.0,,,SMH_ENTRY,142122.25677452056
2025-08-07 00:00:00,SMH_SPREAD,CLOSE,280.0,2025-08-14,4,0.824437,290.2169494628906,0.259629,,0.0,5.2,445.970886,,,SMH_PROFIT_TAKE,142568.22766082032
2025-08-07 00:00:00,SMH_SPREAD,SELL_TO_OPEN,281.5,2025-08-21,4,2.295457,290.2169494628906,0.258084,0.25,0.0,5.2,0.0,,,SMH_ENTRY,142563.0276608203
2025-08-12 00:00:00,SMH_SPREAD,CLOSE,281.5,2025-08-21,4,0.40803,299.1690979003906,0.272027,,0.0,5.2,744.570849,,,SMH_PROFIT_TAKE,143307.5985102017
2025-08-12 00:00:00,SMH_SPREAD,SELL_TO_OPEN,290.0,2025-08-26,4,2.411662,299.1690979003906,0.263366,0.25,0.0,5.2,0.0,,,SMH_ENTRY,143302.3985102017
2025-08-20 00:00:00,SMH_SPREAD,CLOSE,290.0,2025-08-26,4,4.980272,288.06365966796875,0.274213,,0.0,5.2,-1037.844252,,,SMH_LOSS_LIMIT,142264.5542585761
2025-08-20 00:00:00,SMH_SPREAD,SELL_TO_OPEN,278.5,2025-09-03,4,2.511695,288.06365966796875,0.285138,0.25,0.0,5.2,0.0,,,SMH_ENTRY,142259.3542585761
2025-08-25 00:00:00,SMH_SPREAD,CLOSE,278.5,2025-09-03,4,0.940707,293.00830078125,0.301706,,0.0,5.2,617.995285,,,SMH_PROFIT_TAKE,142877.34954356894
2025-08-25 00:00:00,SMH_SPREAD,SELL_TO_OPEN,282.5,2025-09-08,4,2.555588,293.00830078125,0.297041,0.25,0.0,5.2,0.0,,,SMH_ENTRY,142872.14954356893
2025-08-28 00:00:00,SMH_SPREAD,CLOSE,282.5,2025-09-08,4,0.849863,297.952880859375,0.272603,,0.0,5.2,671.889801,,,SMH_PROFIT_TAKE,143544.03934415604
2025-08-28 00:00:00,SMH_SPREAD,SELL_TO_OPEN,288.5,2025-09-11,4,2.371993,297.952880859375,0.266402,0.25,0.0,5.2,0.0,,,SMH_ENTRY,143538.83934415603
2025-08-29 00:00:00,SMH_SPREAD,CLOSE,288.5,2025-09-11,4,5.38347,289.3895568847656,0.280184,,0.0,5.2,-1214.990675,,,SMH_LOSS_LIMIT,142323.84866940882
2025-08-29 00:00:00,SMH_SPREAD,SELL_TO_OPEN,279.5,2025-09-12,4,2.543094,289.3895568847656,0.290602,0.25,0.0,5.2,0.0,,,SMH_ENTRY,142318.6486694088
2025-09-02 15:00:00-04:00,LEAPS,BUY_TO_OPEN,470.5605570526123,2026-09-02 00:00:00-04:00,3,125.76723847509606,565.63,0.24553100109100343,0.8500016188819225,0.0,3.0,0.0,L0254,,ENTRY_BULL_STRONG,92585.47712688
2025-09-05 00:00:00,SMH_SPREAD,CLOSE,279.5,2025-09-12,4,0.640347,292.3702697753906,0.279228,,0.0,5.2,750.69881,,,SMH_PROFIT_TAKE,105336.17593647903
2025-09-05 00:00:00,SMH_SPREAD,SELL_TO_OPEN,283.0,2025-09-19,4,2.464687,292.3702697753906,0.275418,0.25,0.0,5.2,0.0,,,SMH_ENTRY,105330.97593647904
2025-09-09 00:00:00,SMH_SPREAD,CLOSE,283.0,2025-09-19,4,1.03021,296.8861999511719,0.282671,,0.0,5.2,563.391056,,,SMH_PROFIT_TAKE,105894.36699272934
2025-09-09 00:00:00,SMH_SPREAD,SELL_TO_OPEN,287.0,2025-09-23,4,2.455065,296.8861999511719,0.278344,0.25,0.0,5.2,0.0,,,SMH_ENTRY,105889.16699272934
2025-09-11 00:00:00,SMH_SPREAD,CLOSE,287.0,2025-09-23,4,0.936149,302.9872131347656,0.27113,,0.0,5.2,597.166329,,,SMH_PROFIT_TAKE,106486.33332132272
2025-09-11 00:00:00,SMH_SPREAD,SELL_TO_OPEN,293.5,2025-09-25,4,2.409747,302.9872131347656,0.264565,0.25,0.0,5.2,0.0,,,SMH_ENTRY,106481.13332132272
2025-09-15 00:00:00,SMH_SPREAD,CLOSE,293.5,2025-09-25,4,0.925387,306.2171936035156,0.249148,,0.0,5.2,583.344079,,,SMH_PROFIT_TAKE,107064.47740064234
2025-09-15 00:00:00,SMH_SPREAD,SELL_TO_OPEN,297.0,2025-09-29,4,2.185257,306.2171936035156,0.245893,0.25,0.0,5.2,0.0,,,SMH_ENTRY,107059.27740064234
2025-09-18 00:00:00,SMH_SPREAD,CLOSE,297.0,2025-09-29,4,0.718481,315.9867858886719,0.284513,,0.0,5.2,576.3105,,,SMH_PROFIT_TAKE,107635.58790101546
2025-09-18 00:00:00,SMH_SPREAD,SELL_TO_OPEN,305.5,2025-10-02,4,2.567836,315.9867858886719,0.275946,0.25,0.0,5.2,0.0,,,SMH_ENTRY,107630.38790101546
2025-09-22 00:00:00,SMH_SPREAD,CLOSE,305.5,2025-10-02,4,0.972198,321.170654296875,0.278577,,0.0,5.2,627.8551,,,SMH_PROFIT_TAKE,108258.24300070017
2025-09-22 00:00:00,SMH_SPREAD,SELL_TO_OPEN,310.5,2025-10-06,4,2.56072,321.170654296875,0.273661,0.25,0.0,5.2,0.0,,,SMH_ENTRY,108253.04300070017
2025-09-29 00:00:00,SMH_SPREAD,CLOSE,310.5,2025-10-06,4,0.617925,321.65911865234375,0.226804,,0.0,5.2,766.717972,,,SMH_PROFIT_TAKE,109019.76097289461
2025-09-29 00:00:00,SMH_SPREAD,SELL_TO_OPEN,313.0,2025-10-13,4,2.145023,321.65911865234375,0.224774,0.25,0.0,5.2,0.0,,,SMH_ENTRY,109014.56097289461
2025-09-30 00:00:00,SMH_SPREAD,CLOSE,313.0,2025-10-13,4,1.033146,325.3476257324219,0.210358,,0.0,5.2,434.350925,,,SMH_PROFIT_TAKE,109448.9118975161
2025-09-30 00:00:00,SMH_SPREAD,SELL_TO_OPEN,317.5,2025-10-14,4,2.052978,325.3476257324219,0.207019,0.25,0.0,5.2,0.0,,,SMH_ENTRY,109443.7118975161
2025-10-01 00:00:00,SMH_SPREAD,CLOSE,317.5,2025-10-14,4,0.846755,332.6549072265625,0.221791,,0.0,5.2,472.088959,,,SMH_PROFIT_TAKE,109915.80085655635
2025-10-01 00:00:00,SMH_SPREAD,SELL_TO_OPEN,324.0,2025-10-15,4,2.133895,332.6549072265625,0.21686,0.25,0.0,5.2,0.0,,,SMH_ENTRY,109910.60085655635
2025-10-06 00:00:00,SMH_SPREAD,CLOSE,324.0,2025-10-15,4,0.369176,342.3148498535156,0.238412,,0.0,5.2,695.487517,,,SMH_PROFIT_TAKE,110606.08837396161
2025-10-06 00:00:00,SMH_SPREAD,SELL_TO_OPEN,333.0,2025-10-20,4,2.389058,342.3148498535156,0.231344,0.25,0.0,5.2,0.0,,,SMH_ENTRY,110600.88837396161
2025-10-10 00:00:00,SMH_SPREAD,CLOSE,333.0,2025-10-20,4,11.799108,324.330810546875,0.392129,,0.0,5.2,-3774.420171,,,SMH_GAP_SLIP,106826.46820285638
2025-10-10 00:00:00,SMH_SPREAD,SELL_TO_OPEN,308.5,2025-10-24,4,3.91308,324.330810546875,0.420839,0.25,0.0,5.2,0.0,,,SMH_ENTRY,106821.26820285639
2025-10-13 00:00:00,SMH_SPREAD,CLOSE,308.5,2025-10-24,4,1.740962,338.69610595703125,0.489247,,0.0,5.2,858.44718,,,SMH_PROFIT_TAKE,107679.71538298263
2025-10-13 00:00:00,SMH_SPREAD,SELL_TO_OPEN,320.5,2025-10-27,4,4.367816,338.69610595703125,0.466313,0.25,0.0,5.2,0.0,,,SMH_ENTRY,107674.51538298263
2025-10-14 15:00:00-04:00,SHORT_CALL,SELL_TO_OPEN,632.9701665115355,2025-11-14 23:00:00-05:00,3,5.337063622021418,598.05,0.23307199401855472,0.23,0.0,3.0,0.0,L0254,S0255,PMCC_OPEN_BULL_MODERATE,109272.63446958906
2025-10-17 10:00:00-04:00,SHORT_CALL,BUY_TO_CLOSE,632.9701665115355,2025-11-14 23:00:00-05:00,3,4.7991588479314515,598.57,0.2327360076904297,0.2198822232889165,0.0,3.0,158.37143222698978,L0254,S0255,PMCC_PROFIT_EARLY,107829.88681520963
2025-10-17 15:00:00-04:00,SHORT_CALL,SELL_TO_OPEN,639.0772309417723,2025-11-17 23:00:00-05:00,3,5.381624665370879,603.88,0.2327360076904297,0.23,0.0,3.0,0.0,L0254,S0256,PMCC_OPEN_BULL_MODERATE,109441.37421482088
2025-10-20 00:00:00,SMH_SPREAD,CLOSE,320.5,2025-10-27,4,1.158307,346.1429443359375,0.464153,,0.0,5.2,1273.40391,,,SMH_PROFIT_TAKE,110714.7781249396
2025-10-20 00:00:00,SMH_SPREAD,SELL_TO_OPEN,328.0,2025-11-03,4,4.289062,346.1429443359375,0.450577,0.25,0.0,5.2,0.0,,,SMH_ENTRY,110709.57812493961
2025-10-21 10:00:00-04:00,SHORT_CALL,BUY_TO_CLOSE,639.0772309417723,2025-11-17 23:00:00-05:00,3,4.609188599877854,611.58,0.2001440093994141,0.2378382122009911,0.0,3.0,228.73081964790754,L0254,S0256,PMCC_PROFIT_EARLY,109323.82154497625
2025-10-21 15:00:00-04:00,SHORT_CALL,SELL_TO_OPEN,642.0252810058591,2025-11-21 23:00:00-05:00,3,4.707417223811518,611.41,0.2001440093994141,0.23,0.0,3.0,0.0,L0254,S0257,PMCC_OPEN_BULL_MODERATE,110733.0467121197
2025-10-22 15:00:00-04:00,SHORT_CALL,BUY_TO_CLOSE,642.0252810058591,2025-11-21 23:00:00-05:00,3,3.6904392439629277,605.38,0.20832000427246097,0.18815725002235323,0.0,3.0,302.0933939545773,L0254,S0257,PMCC_PROFIT_EARLY,109622.91493893081
2025-10-22 15:00:00-04:00,SHORT_CALL,SELL_TO_OPEN,636.9253730087281,2025-11-22 23:00:00-05:00,3,4.845962056006272,605.38,0.20832000427246097,0.23,0.0,3.0,0.0,L0254,S0258,PMCC_OPEN_BULL_MODERATE,111073.7035557327
2025-10-27 00:00:00,SMH_SPREAD,CLOSE,328.0,2025-11-03,4,1.097945,358.823486328125,0.507917,,0.0,5.2,1266.046742,,,SMH_PROFIT_TAKE,112339.75029769624
2025-10-27 15:00:00-04:00,SHORT_CALL,BUY_TO_CLOSE,636.9253730087281,2025-11-22 23:00:00-05:00,3,8.8999562584805,628.08,0.1768479995727539,0.41701953919486273,0.0,3.0,-1219.1982607422685,L0254,S0258,PMCC_STRIKE_GAP,109666.7634201521
2025-10-27 00:00:00,SMH_SPREAD,SELL_TO_OPEN,338.5,2025-11-10,4,4.635563,358.823486328125,0.488167,0.25,0.0,5.2,0.0,,,SMH_ENTRY,109661.5634201521
2025-11-03 00:00:00,SMH_SPREAD,CLOSE,338.5,2025-11-10,4,1.542807,364.9643859863281,0.492129,,0.0,5.2,1226.702267,,,SMH_PROFIT_TAKE,110888.2656874666
2025-11-03 00:00:00,SMH_SPREAD,SELL_TO_OPEN,344.5,2025-11-17,4,4.622258,364.9643859863281,0.481183,0.25,0.0,5.2,0.0,,,SMH_ENTRY,110883.0656874666
2025-11-10 15:00:00-05:00,SHORT_CALL,SELL_TO_OPEN,653.916563911438,2025-12-12 00:00:00-05:00,3,4.727515894721648,623.18,0.19712000427246096,0.23,0.0,3.0,0.0,L0254,S0259,PMCC_OPEN_BULL_MODERATE,112298.32045588309
2025-11-11 10:00:00-05:00,SHORT_CALL,BUY_TO_CLOSE,653.916563911438,2025-12-12 00:00:00-05:00,3,3.3694858124520124,618.33,0.1935360076904297,0.1822170279918297,0.0,3.0,404.40902468089075,L0254,S0259,PMCC_PROFIT_EARLY,111284.4747121475
2025-11-11 15:00:00-05:00,SHORT_CALL,SELL_TO_OPEN,651.621792816162,2025-12-13 00:00:00-05:00,3,4.631926863705985,621.52,0.1935360076904297,0.23,0.0,3.0,0.0,L0254,S0260,PMCC_OPEN_BULL_MODERATE,112671.05277125929
2025-11-12 10:00:00-05:00,SHORT_CALL,BUY_TO_CLOSE,651.621792816162,2025-12-13 00:00:00-05:00,3,4.130733179870219,619.44,0.19611200256347658,0.21142895624098867,0.0,3.0,147.35810515072967,L0254,S0260,PMCC_PROFIT_EARLY,111428.83281729823
2025-11-12 15:00:00-05:00,SHORT_CALL,SELL_TO_OPEN,651.5120493164061,2025-12-14 00:00:00-05:00,3,4.688093862554922,621.04,0.19611200256347658,0.23,0.0,3.0,0.0,L0254,S0261,PMCC_OPEN_BULL_MODERATE,112832.2609760647
2025-11-13 10:00:00-05:00,SHORT_CALL,BUY_TO_CLOSE,651.5120493164061,2025-12-14 00:00:00-05:00,3,4.123240693357403,612.31,0.22400000000000003,0.19252258173091058,0.0,3.0,166.45595075925576,L0254,S0261,PMCC_PROFIT_EARLY,111592.28876805748
2025-11-13 15:00:00-05:00,SHORT_CALL,SELL_TO_OPEN,642.5079659919736,2025-12-15 00:00:00-05:00,3,5.2248426596802915,608.41,0.22400000000000003,0.23,0.0,3.0,0.0,L0254,S0262,PMCC_OPEN_BULL_MODERATE,113156.74156596157
2025-11-17 00:00:00,SMH_SPREAD,CLOSE,344.5,2025-11-17,4,5.255615,339.244384765625,0.38692,,0.0,5.2,-263.742797,,,SMH_EXPIRY,112892.99876901785
2025-11-17 15:00:00-05:00,SHORT_CALL,BUY_TO_CLOSE,642.5079659919736,2025-12-15 00:00:00-05:00,3,4.685292275297641,603.64,0.25065599060058597,0.2054109512529143,0.0,3.0,158.86511531479505,L0254,S0262,PMCC_PROFIT_EARLY,111484.41108642856
2025-11-17 15:00:00-05:00,LEAPS,BUY_TO_OPEN,501.72601159667954,2027-05-11 01:00:00-04:00,2,158.79776366893464,603.64,0.3003395887374878,0.800000924301254,0.0,2.0,0.0,L0263,,ENTRY_BULL_MODERATE,79722.85835264163
2025-11-17 15:00:00-05:00,SHORT_CALL,SELL_TO_OPEN,641.5411238708496,2025-12-19 00:00:00-05:00,3,5.779289396103195,603.64,0.25065599060058597,0.23,0.0,3.0,0.0,L0254,S0264,PMCC_OPEN_BULL_MODERATE,81453.6451714726
2025-11-17 15:00:00-05:00,SHORT_CALL,SELL_TO_OPEN,641.5411238708496,2025-12-19 00:00:00-05:00,2,5.779289396103195,603.64,0.25065599060058597,0.23,0.0,2.0,0.0,L0263,S0265,PMCC_OPEN_BULL_MODERATE,82607.50305069324
2025-11-17 00:00:00,SMH_SPREAD,SELL_TO_OPEN,322.5,2025-12-01,4,3.91194,339.244384765625,0.415566,0.25,0.0,5.2,0.0,,,SMH_ENTRY,82602.30305069324
2025-11-18 10:00:00-05:00,SHORT_CALL,BUY_TO_CLOSE,641.5411238708496,2025-12-19 00:00:00-05:00,3,4.706770327912565,593.27,0.27652800598144534,0.18656987185885504,0.0,3.0,318.755720457189,L0254,S0264,PMCC_PROFIT_EARLY,81187.27195231947
2025-11-18 10:00:00-05:00,SHORT_CALL,BUY_TO_CLOSE,641.5411238708496,2025-12-19 00:00:00-05:00,2,4.706770327912565,593.27,0.27652800598144534,0.18656987185885504,0.0,2.0,212.50381363812596,L0263,S0265,PMCC_PROFIT_EARLY,80243.91788673695
2025-11-18 15:00:00-05:00,LEAPS,BUY_TO_OPEN,487.17238313293456,2027-05-12 01:00:00-04:00,2,168.5931893094841,596.33,0.3313398071670533,0.800003133316193,0.0,2.0,0.0,L0266,,ENTRY_BULL_MODERATE,34523.280024840125
2025-11-18 15:00:00-05:00,SHORT_CALL,SELL_TO_OPEN,637.7508037261964,2025-12-20 00:00:00-05:00,3,6.275596420881328,596.33,0.27652800598144534,0.23,0.0,3.0,0.0,L0254,S0267,PMCC_OPEN_BULL_MODERATE,48402.95895110453
2025-11-18 15:00:00-05:00,SHORT_CALL,SELL_TO_OPEN,637.7508037261964,2025-12-20 00:00:00-05:00,2,6.275596420881328,596.33,0.27652800598144534,0.23,0.0,2.0,0.0,L0263,S0268,PMCC_OPEN_BULL_MODERATE,49656.078235280795
2025-11-18 15:00:00-05:00,SHORT_CALL,SELL_TO_OPEN,637.7508037261964,2025-12-20 00:00:00-05:00,2,6.275596420881328,596.33,0.27652800598144534,0.23,0.0,2.0,0.0,L0266,S0269,PMCC_OPEN_BULL_MODERATE,50909.19751945706
2025-11-20 00:00:00,SMH_SPREAD,CLOSE,322.5,2025-12-01,4,7.838075,324.091552734375,0.432569,,0.0,5.2,-1580.853994,,,SMH_LOSS_LIMIT,49328.343525099575
2025-11-20 15:00:00-05:00,SHORT_CALL,BUY_TO_CLOSE,637.7508037261964,2025-12-20 00:00:00-05:00,3,4.582650209647156,585.67,0.29590400085449226,0.177423171131524,0.0,3.0,504.8838633702517,L0254,S0267,PMCC_PROFIT_EARLY,47950.54846220543
2025-11-20 15:00:00-05:00,SHORT_CALL,BUY_TO_CLOSE,637.7508037261964,2025-12-20 00:00:00-05:00,2,4.582650209647156,585.67,0.29590400085449226,0.177423171131524,0.0,2.0,336.5892422468345,L0263,S0268,PMCC_PROFIT_EARLY,47032.018420276
2025-11-20 15:00:00-05:00,SHORT_CALL,BUY_TO_CLOSE,637.7508037261964,2025-12-20 00:00:00-05:00,2,4.582650209647156,585.67,0.29590400085449226,0.177423171131524,0.0,2.0,336.5892422468345,L0266,S0269,PMCC_PROFIT_EARLY,46113.48837834657
2025-11-20 15:00:00-05:00,SHORT_CALL,SELL_TO_OPEN,629.3191085968017,2025-12-22 00:00:00-05:00,3,6.577192172621636,585.67,0.29590400085449226,0.23,0.0,3.0,0.0,L0254,S0270,PMCC_OPEN_BULL_MODERATE,48083.64603013306
2025-11-20 15:00:00-05:00,SHORT_CALL,SELL_TO_OPEN,629.3191085968017,2025-12-22 00:00:00-05:00,2,6.577192172621636,585.67,0.29590400085449226,0.23,0.0,2.0,0.0,L0263,S0271,PMCC_OPEN_BULL_MODERATE,49397.08446465739
2025-11-20 15:00:00-05:00,SHORT_CALL,SELL_TO_OPEN,629.3191085968017,2025-12-22 00:00:00-05:00,2,6.577192172621636,585.67,0.29590400085449226,0.23,0.0,2.0,0.0,L0266,S0272,PMCC_OPEN_BULL_MODERATE,50710.52289918172
2025-11-20 00:00:00,SMH_SPREAD,SELL_TO_OPEN,306.5,2025-12-04,4,4.167615,324.091552734375,0.464368,0.25,0.0,5.2,0.0,,,SMH_ENTRY,50705.32289918172
2025-11-21 10:00:00-05:00,SHORT_CALL,BUY_TO_CLOSE,629.3191085968017,2025-12-22 00:00:00-05:00,3,4.175605419219181,583.04,0.2624160034179688,0.17904585560046504,0.0,3.0,717.4760260207368,L0254,S0270,PMCC_PROFIT_EARLY,49449.64127341597
2025-11-21 10:00:00-05:00,SHORT_CALL,BUY_TO_CLOSE,629.3191085968017,2025-12-22 00:00:00-05:00,2,4.175605419219181,583.04,0.2624160034179688,0.17904585560046504,0.0,2.0,478.317350680491,L0263,S0271,PMCC_PROFIT_EARLY,48612.52018957213
2025-11-21 10:00:00-05:00,SHORT_CALL,BUY_TO_CLOSE,629.3191085968017,2025-12-22 00:00:00-05:00,2,4.175605419219181,583.04,0.2624160034179688,0.17904585560046504,0.0,2.0,478.317350680491,L0266,S0272,PMCC_PROFIT_EARLY,47775.3991057283
2025-11-21 15:00:00-05:00,SHORT_CALL,SELL_TO_OPEN,628.9804269104002,2025-12-23 00:00:00-05:00,3,5.905238517138173,590.16,0.2624160034179688,0.23,0.0,3.0,0.0,L0254,S0273,PMCC_OPEN_BULL_MODERATE,49543.97066086975
2025-11-21 15:00:00-05:00,SHORT_CALL,SELL_TO_OPEN,628.9804269104002,2025-12-23 00:00:00-05:00,2,5.905238517138173,590.16,0.2624160034179688,0.23,0.0,2.0,0.0,L0263,S0274,PMCC_OPEN_BULL_MODERATE,50723.018364297386
2025-11-21 15:00:00-05:00,SHORT_CALL,SELL_TO_OPEN,628.9804269104002,2025-12-23 00:00:00-05:00,2,5.905238517138173,590.16,0.2624160034179688,0.23,0.0,2.0,0.0,L0266,S0275,PMCC_OPEN_BULL_MODERATE,51902.06606772502
2025-11-24 00:00:00,SMH_SPREAD,CLOSE,306.5,2025-12-04,4,1.500753,338.06805419921875,0.506531,,0.0,5.2,1056.345172,,,SMH_PROFIT_TAKE,52958.411239533154
2025-11-24 00:00:00,SMH_SPREAD,SELL_TO_OPEN,319.0,2025-12-08,4,4.390601,338.06805419921875,0.481889,0.25,0.0,5.2,0.0,,,SMH_ENTRY,52953.21123953316
2025-11-25 10:00:00-05:00,SHORT_CALL,BUY_TO_CLOSE,628.9804269104002,2025-12-23 00:00:00-05:00,3,5.093427091867255,602.56,0.20787199401855472,0.25243854432682394,0.0,3.0,240.5434275812754,L0254,S0273,PMCC_PROFIT_EARLY,51422.18311197298
2025-11-25 10:00:00-05:00,SHORT_CALL,BUY_TO_CLOSE,628.9804269104002,2025-12-23 00:00:00-05:00,2,5.093427091867255,602.56,0.20787199401855472,0.25243854432682394,0.0,2.0,160.36228505418353,L0263,S0274,PMCC_PROFIT_EARLY,50401.49769359953
2025-11-25 10:00:00-05:00,SHORT_CALL,BUY_TO_CLOSE,628.9804269104002,2025-12-23 00:00:00-05:00,2,5.093427091867255,602.56,0.20787199401855472,0.25243854432682394,0.0,2.0,160.36228505418353,L0266,S0275,PMCC_PROFIT_EARLY,49380.812275226075
2025-11-25 15:00:00-05:00,SHORT_CALL,SELL_TO_OPEN,640.5396671676633,2025-12-27 00:00:00-05:00,3,4.864083844017813,608.91,0.20787199401855472,0.23,0.0,3.0,0.0,L0254,S0276,PMCC_OPEN_BULL_MODERATE,50837.03742843142
2025-11-25 15:00:00-05:00,SHORT_CALL,SELL_TO_OPEN,640.5396671676633,2025-12-27 00:00:00-05:00,2,4.864083844017813,608.91,0.20787199401855472,0.23,0.0,2.0,0.0,L0263,S0277,PMCC_OPEN_BULL_MODERATE,51807.85419723498
2025-11-25 15:00:00-05:00,SHORT_CALL,SELL_TO_OPEN,640.5396671676633,2025-12-27 00:00:00-05:00,2,4.864083844017813,608.91,0.20787199401855472,0.23,0.0,2.0,0.0,L0266,S0278,PMCC_OPEN_BULL_MODERATE,52778.67096603854
2025-11-28 00:00:00,SMH_SPREAD,CLOSE,319.0,2025-12-08,4,1.69315,351.187255859375,0.51389,,0.0,5.2,1068.580199,,,SMH_PROFIT_TAKE,53847.25116479094
2025-11-28 00:00:00,SMH_SPREAD,SELL_TO_OPEN,331.0,2025-12-12,4,4.547396,351.187255859375,0.490734,0.25,0.0,5.2,0.0,,,SMH_ENTRY,53842.051164790944
2025-12-03 00:00:00,SMH_SPREAD,CLOSE,331.0,2025-12-12,4,1.353908,363.23974609375,0.487801,,0.0,5.2,1266.995087,,,SMH_PROFIT_TAKE,55109.0462516539
2025-12-03 00:00:00,SMH_SPREAD,SELL_TO_OPEN,343.5,2025-12-17,4,4.506745,363.23974609375,0.465579,0.25,0.0,5.2,0.0,,,SMH_ENTRY,55103.8462516539
2025-12-08 00:00:00,SMH_SPREAD,CLOSE,343.5,2025-12-17,4,2.120906,367.4067687988281,0.449325,,0.0,5.2,943.935633,,,SMH_PROFIT_TAKE,56047.781884519274
2025-12-08 10:00:00-05:00,SHORT_CALL,BUY_TO_CLOSE,640.5396671676633,2025-12-27 00:00:00-05:00,3,4.775690970671548,624.06,0.18659199829101566,0.2922849251623083,0.0,3.0,23.5178620038796,L0254,S0276,PMCC_GAMMA_MGMT,54612.07459331781
2025-12-08 10:00:00-05:00,SHORT_CALL,BUY_TO_CLOSE,640.5396671676633,2025-12-27 00:00:00-05:00,2,4.775690970671548,624.06,0.18659199829101566,0.2922849251623083,0.0,2.0,15.678574669253067,L0263,S0277,PMCC_GAMMA_MGMT,53654.936399183505
2025-12-08 10:00:00-05:00,SHORT_CALL,BUY_TO_CLOSE,640.5396671676633,2025-12-27 00:00:00-05:00,2,4.775690970671548,624.06,0.18659199829101566,0.2922849251623083,0.0,2.0,15.678574669253067,L0266,S0278,PMCC_GAMMA_MGMT,52697.7982050492
2025-12-08 15:00:00-05:00,SHORT_CALL,SELL_TO_OPEN,647.6427048568723,2026-01-09 00:00:00-05:00,3,5.814216958301216,624.18,0.18659199829101566,0.28,0.0,3.0,0.0,L0254,S0279,PMCC_OPEN_BULL_STRONG,54439.06329253956
2025-12-08 15:00:00-05:00,SHORT_CALL,SELL_TO_OPEN,647.6427048568723,2026-01-09 00:00:00-05:00,2,5.814216958301216,624.18,0.18659199829101566,0.28,0.0,2.0,0.0,L0263,S0280,PMCC_OPEN_BULL_STRONG,55599.90668419981
2025-12-08 15:00:00-05:00,SHORT_CALL,SELL_TO_OPEN,647.6427048568723,2026-01-09 00:00:00-05:00,2,5.814216958301216,624.18,0.18659199829101566,0.28,0.0,2.0,0.0,L0266,S0281,PMCC_OPEN_BULL_STRONG,56760.75007586005
2025-12-08 00:00:00,SMH_SPREAD,SELL_TO_OPEN,348.5,2025-12-22,4,4.382879,367.4067687988281,0.440969,0.25,0.0,5.2,0.0,,,SMH_ENTRY,56755.550075860054
2025-12-10 10:00:00-05:00,SHORT_CALL,BUY_TO_CLOSE,647.6427048568723,2026-01-09 00:00:00-05:00,3,4.2616713413140985,621.9,0.17662400512695314,0.23657566156324505,0.0,3.0,462.7636850961353,L0254,S0279,PMCC_PROFIT_EARLY,55474.048673465826
2025-12-10 10:00:00-05:00,SHORT_CALL,BUY_TO_CLOSE,647.6427048568723,2026-01-09 00:00:00-05:00,2,4.2616713413140985,621.9,0.17662400512695314,0.23657566156324505,0.0,2.0,308.50912339742354,L0263,S0280,PMCC_PROFIT_EARLY,54619.714405203005
2025-12-10 10:00:00-05:00,SHORT_CALL,BUY_TO_CLOSE,647.6427048568723,2026-01-09 00:00:00-05:00,2,4.2616713413140985,621.9,0.17662400512695314,0.23657566156324505,0.0,2.0,308.50912339742354,L0266,S0281,PMCC_PROFIT_EARLY,53765.380136940184
2025-12-10 15:00:00-05:00,SHORT_CALL,SELL_TO_OPEN,649.8913726272582,2026-01-11 00:00:00-05:00,3,5.541777579450951,627.54,0.17662400512695314,0.28,0.0,3.0,0.0,L0254,S0282,PMCC_OPEN_BULL_STRONG,55424.91341077547
2025-12-10 15:00:00-05:00,SHORT_CALL,SELL_TO_OPEN,649.8913726272582,2026-01-11 00:00:00-05:00,2,5.541777579450951,627.54,0.17662400512695314,0.28,0.0,2.0,0.0,L0263,S0283,PMCC_OPEN_BULL_STRONG,56531.26892666566
2025-12-10 15:00:00-05:00,SHORT_CALL,SELL_TO_OPEN,649.8913726272582,2026-01-11 00:00:00-05:00,2,5.541777579450951,627.54,0.17662400512695314,0.28,0.0,2.0,0.0,L0266,S0284,PMCC_OPEN_BULL_STRONG,57637.62444255585
2025-12-11 10:00:00-05:00,SHORT_CALL,BUY_TO_CLOSE,649.8913726272582,2026-01-11 00:00:00-05:00,3,3.255162637709745,621.14,0.16632000427246096,0.19856066463259764,0.0,3.0,682.984482522362,L0254,S0282,PMCC_PROFIT_EARLY,56658.07565124292
2025-12-11 10:00:00-05:00,SHORT_CALL,BUY_TO_CLOSE,649.8913726272582,2026-01-11 00:00:00-05:00,2,3.255162637709745,621.14,0.16632000427246096,0.19856066463259764,0.0,2.0,455.3229883482412,L0263,S0283,PMCC_PROFIT_EARLY,56005.043123700976
2025-12-11 10:00:00-05:00,SHORT_CALL,BUY_TO_CLOSE,649.8913726272582,2026-01-11 00:00:00-05:00,2,3.255162637709745,621.14,0.16632000427246096,0.19856066463259764,0.0,2.0,455.3229883482412,L0266,S0284,PMCC_PROFIT_EARLY,55352.01059615903
2025-12-11 15:00:00-05:00,SHORT_CALL,SELL_TO_OPEN,646.637637840271,2026-01-12 00:00:00-05:00,3,5.210530319066521,625.62,0.16632000427246096,0.28,0.0,3.0,0.0,L0254,S0285,PMCC_OPEN_BULL_STRONG,56912.16969187899
2025-12-11 15:00:00-05:00,SHORT_CALL,SELL_TO_OPEN,646.637637840271,2026-01-12 00:00:00-05:00,2,5.210530319066521,625.62,0.16632000427246096,0.28,0.0,2.0,0.0,L0263,S0286,PMCC_OPEN_BULL_STRONG,57952.275755692295
2025-12-11 15:00:00-05:00,SHORT_CALL,SELL_TO_OPEN,646.637637840271,2026-01-12 00:00:00-05:00,2,5.210530319066521,625.62,0.16632000427246096,0.28,0.0,2.0,0.0,L0266,S0287,PMCC_OPEN_BULL_STRONG,58992.3818195056
2025-12-12 10:00:00-05:00,SHORT_CALL,BUY_TO_CLOSE,646.637637840271,2026-01-12 00:00:00-05:00,3,3.0243541610814617,614.36,0.17628799743652343,0.18069558359990584,0.0,3.0,652.852847395518,L0254,S0285,PMCC_PROFIT_EARLY,58082.075571181165
2025-12-12 10:00:00-05:00,SHORT_CALL,BUY_TO_CLOSE,646.637637840271,2026-01-12 00:00:00-05:00,2,3.0243541610814617,614.36,0.17628799743652343,0.18069558359990584,0.0,2.0,435.2352315970119,L0263,S0286,PMCC_PROFIT_EARLY,57475.20473896487
2025-12-12 10:00:00-05:00,SHORT_CALL,BUY_TO_CLOSE,646.637637840271,2026-01-12 00:00:00-05:00,2,3.0243541610814617,614.36,0.17628799743652343,0.18069558359990584,0.0,2.0,435.2352315970119,L0266,S0287,PMCC_PROFIT_EARLY,56868.33390674858
2025-12-12 15:00:00-05:00,SHORT_CALL,SELL_TO_OPEN,635.3465576286314,2026-01-13 00:00:00-05:00,3,5.408167420310264,613.57,0.17628799743652343,0.28,0.0,3.0,0.0,L0254,S0288,PMCC_OPEN_BULL_STRONG,58487.78413284166
2025-12-12 15:00:00-05:00,SHORT_CALL,SELL_TO_OPEN,635.3465576286314,2026-01-13 00:00:00-05:00,2,5.408167420310264,613.57,0.17628799743652343,0.28,0.0,2.0,0.0,L0263,S0289,PMCC_OPEN_BULL_STRONG,59567.41761690372
2025-12-12 15:00:00-05:00,SHORT_CALL,SELL_TO_OPEN,635.3465576286314,2026-01-13 00:00:00-05:00,2,5.408167420310264,613.57,0.17628799743652343,0.28,0.0,2.0,0.0,L0266,S0290,PMCC_OPEN_BULL_STRONG,60647.05110096577
2025-12-16 10:00:00-05:00,SHORT_CALL,BUY_TO_CLOSE,635.3465576286314,2026-01-13 00:00:00-05:00,3,4.324880766229597,610.45,0.1845759948730469,0.24097134276704774,0.0,3.0,321.9859962241999,L0254,S0288,PMCC_PROFIT_EARLY,59346.58687109689
2025-12-16 10:00:00-05:00,SHORT_CALL,BUY_TO_CLOSE,635.3465576286314,2026-01-13 00:00:00-05:00,2,4.324880766229597,610.45,0.1845759948730469,0.24097134276704774,0.0,2.0,214.65733081613325,L0263,S0289,PMCC_PROFIT_EARLY,58479.61071785098
2025-12-16 10:00:00-05:00,SHORT_CALL,BUY_TO_CLOSE,635.3465576286314,2026-01-13 00:00:00-05:00,2,4.324880766229597,610.45,0.1845759948730469,0.24097134276704774,0.0,2.0,214.65733081613325,L0266,S0290,PMCC_PROFIT_EARLY,57612.63456460506
2025-12-16 15:00:00-05:00,SHORT_CALL,SELL_TO_OPEN,634.5149514007569,2026-01-17 00:00:00-05:00,3,5.639062661296151,611.8,0.1845759948730469,0.28,0.0,3.0,0.0,L0254,S0291,PMCC_OPEN_BULL_STRONG,59301.353362993905
2025-12-16 15:00:00-05:00,SHORT_CALL,SELL_TO_OPEN,634.5149514007569,2026-01-17 00:00:00-05:00,2,5.639062661296151,611.8,0.1845759948730469,0.28,0.0,2.0,0.0,L0263,S0292,PMCC_OPEN_BULL_STRONG,60427.165895253136
2025-12-16 15:00:00-05:00,SHORT_CALL,SELL_TO_OPEN,634.5149514007569,2026-01-17 00:00:00-05:00,2,5.639062661296151,611.8,0.1845759948730469,0.28,0.0,2.0,0.0,L0266,S0293,PMCC_OPEN_BULL_STRONG,61552.97842751237
2025-12-17 00:00:00,SMH_SPREAD,CLOSE,348.5,2025-12-22,4,12.162,338.18768310546875,0.426984,,0.0,5.2,-3122.048441,,,SMH_LOSS_LIMIT,58430.92998699832
2025-12-17 10:00:00-05:00,SHORT_CALL,BUY_TO_CLOSE,634.5149514007569,2026-01-17 00:00:00-05:00,3,4.350150999690129,604.51,0.1973440093994141,0.22326061918646845,0.0,3.0,383.6734984818065,L0254,S0291,PMCC_PROFIT_EARLY,57122.88468709128
2025-12-17 10:00:00-05:00,SHORT_CALL,BUY_TO_CLOSE,634.5149514007569,2026-01-17 00:00:00-05:00,2,4.350150999690129,604.51,0.1973440093994141,0.22326061918646845,0.0,2.0,255.78233232120442,L0263,S0292,PMCC_PROFIT_EARLY,56250.85448715326
2025-12-17 10:00:00-05:00,SHORT_CALL,BUY_TO_CLOSE,634.5149514007569,2026-01-17 00:00:00-05:00,2,4.350150999690129,604.51,0.1973440093994141,0.22326061918646845,0.0,2.0,255.78233232120442,L0266,S0293,PMCC_PROFIT_EARLY,55378.82428721523
2025-12-17 15:00:00-05:00,SHORT_CALL,SELL_TO_OPEN,624.155434776306,2026-01-18 00:00:00-05:00,3,5.905284324468681,600.36,0.1973440093994141,0.28,0.0,3.0,0.0,L0254,S0294,PMCC_OPEN_BULL_STRONG,57147.40958455584
2025-12-17 15:00:00-05:00,SHORT_CALL,SELL_TO_OPEN,624.155434776306,2026-01-18 00:00:00-05:00,2,5.905284324468681,600.36,0.1973440093994141,0.28,0.0,2.0,0.0,L0263,S0295,PMCC_OPEN_BULL_STRONG,58326.466449449574
2025-12-17 15:00:00-05:00,SHORT_CALL,SELL_TO_OPEN,624.155434776306,2026-01-18 00:00:00-05:00,2,5.905284324468681,600.36,0.1973440093994141,0.28,0.0,2.0,0.0,L0266,S0296,PMCC_OPEN_BULL_STRONG,59505.52331434331
2025-12-17 00:00:00,SMH_SPREAD,SELL_TO_OPEN,320.0,2025-12-31,4,4.283705,338.18768310546875,0.461428,0.25,0.0,5.2,0.0,,,SMH_ENTRY,59500.32331434331
2025-12-19 00:00:00,SMH_SPREAD,CLOSE,320.0,2025-12-31,4,1.234956,355.125,0.451762,,0.0,5.2,1209.099421,,,SMH_PROFIT_TAKE,60709.422735398955
2025-12-19 10:00:00-05:00,SHORT_CALL,BUY_TO_CLOSE,624.155434776306,2026-01-18 00:00:00-05:00,3,8.427753317699086,614.82,0.16699199829101563,0.4089014006511608,0.0,3.0,-759.7406979691214,L0254,S0294,PMCC_STRIKE_GAP,58178.096740089226
2025-12-19 10:00:00-05:00,SHORT_CALL,BUY_TO_CLOSE,624.155434776306,2026-01-18 00:00:00-05:00,2,8.427753317699086,614.82,0.16699199829101563,0.4089014006511608,0.0,2.0,-506.4937986460809,L0263,S0295,PMCC_STRIKE_GAP,56490.546076549406
2025-12-19 10:00:00-05:00,SHORT_CALL,BUY_TO_CLOSE,624.155434776306,2026-01-18 00:00:00-05:00,2,8.427753317699086,614.82,0.16699199829101563,0.4089014006511608,0.0,2.0,-506.4937986460809,L0266,S0296,PMCC_STRIKE_GAP,54802.99541300959
2025-12-19 15:00:00-05:00,SHORT_CALL,SELL_TO_OPEN,638.0305035095215,2026-01-20 00:00:00-05:00,3,5.161021935637933,617.24,0.16699199829101563,0.28,0.0,3.0,0.0,L0254,S0297,PMCC_OPEN_BULL_STRONG,56348.30199370097
2025-12-19 15:00:00-05:00,SHORT_CALL,SELL_TO_OPEN,638.0305035095215,2026-01-20 00:00:00-05:00,2,5.161021935637933,617.24,0.16699199829101563,0.28,0.0,2.0,0.0,L0263,S0298,PMCC_OPEN_BULL_STRONG,57378.506380828556
2025-12-19 15:00:00-05:00,SHORT_CALL,SELL_TO_OPEN,638.0305035095215,2026-01-20 00:00:00-05:00,2,5.161021935637933,617.24,0.16699199829101563,0.28,0.0,2.0,0.0,L0266,S0299,PMCC_OPEN_BULL_STRONG,58408.710767956145
2025-12-19 00:00:00,SMH_SPREAD,SELL_TO_OPEN,337.5,2026-01-02,4,4.137503,355.125,0.422683,0.25,0.0,5.2,0.0,,,SMH_ENTRY,58403.51076795615
2025-12-23 00:00:00,SMH_SPREAD,CLOSE,337.5,2026-01-02,4,1.474047,363.1600036621094,0.399764,,0.0,5.2,1054.982465,,,SMH_PROFIT_TAKE,59458.49323288743
2025-12-23 00:00:00,SMH_SPREAD,SELL_TO_OPEN,346.5,2026-01-06,4,3.895913,363.1600036621094,0.386327,0.25,0.0,5.2,0.0,,,SMH_ENTRY,59453.29323288743
2025-12-29 00:00:00,SMH_SPREAD,CLOSE,346.5,2026-01-06,4,1.885019,364.2099914550781,0.374042,,0.0,5.2,793.957534,,,SMH_PROFIT_TAKE,60247.25076653599
2025-12-29 10:00:00-05:00,SHORT_CALL,BUY_TO_CLOSE,638.0305035095215,2026-01-20 00:00:00-05:00,3,3.632639125258237,620.02,0.15903999786376954,0.25487727855498565,0.0,3.0,455.51484311390914,L0254,S0297,PMCC_PROFIT_EARLY,59154.45902895852
2025-12-29 10:00:00-05:00,SHORT_CALL,BUY_TO_CLOSE,638.0305035095215,2026-01-20 00:00:00-05:00,2,3.632639125258237,620.02,0.15903999786376954,0.25487727855498565,0.0,2.0,303.6765620759393,L0263,S0298,PMCC_PROFIT_EARLY,58425.93120390687
2025-12-29 10:00:00-05:00,SHORT_CALL,BUY_TO_CLOSE,638.0305035095215,2026-01-20 00:00:00-05:00,2,3.632639125258237,620.02,0.15903999786376954,0.25487727855498565,0.0,2.0,303.6765620759393,L0266,S0299,PMCC_PROFIT_EARLY,57697.40337885522
2025-12-29 15:00:00-05:00,SHORT_CALL,SELL_TO_OPEN,640.8603068695068,2026-01-30 00:00:00-05:00,3,4.95000154183856,620.89,0.15903999786376954,0.28,0.0,3.0,0.0,L0254,S0300,PMCC_OPEN_BULL_STRONG,59179.40384140678
2025-12-29 15:00:00-05:00,SHORT_CALL,SELL_TO_OPEN,640.8603068695068,2026-01-30 00:00:00-05:00,2,4.95000154183856,620.89,0.15903999786376954,0.28,0.0,2.0,0.0,L0263,S0301,PMCC_OPEN_BULL_STRONG,60167.4041497745
2025-12-29 15:00:00-05:00,SHORT_CALL,SELL_TO_OPEN,640.8603068695068,2026-01-30 00:00:00-05:00,2,4.95000154183856,620.89,0.15903999786376954,0.28,0.0,2.0,0.0,L0266,S0302,PMCC_OPEN_BULL_STRONG,61155.40445814221
2025-12-29 00:00:00,SMH_SPREAD,SELL_TO_OPEN,348.0,2026-01-12,4,3.764581,364.2099914550781,0.371889,0.25,0.0,5.2,0.0,,,SMH_ENTRY,61150.204458142216
2025-12-31 15:00:00-05:00,SHORT_CALL,BUY_TO_CLOSE,640.8603068695068,2026-01-30 00:00:00-05:00,3,3.47830801894348,614.28,0.16743999786376954,0.21251804759552967,0.0,3.0,438.50805686852414,L0254,S0300,PMCC_PROFIT_EARLY,60103.712052459174
2025-12-31 15:00:00-05:00,SHORT_CALL,BUY_TO_CLOSE,640.8603068695068,2026-01-30 00:00:00-05:00,2,3.47830801894348,614.28,0.16743999786376954,0.21251804759552967,0.0,2.0,292.33870457901605,L0263,S0301,PMCC_PROFIT_EARLY,59406.05044867048
2025-12-31 15:00:00-05:00,SHORT_CALL,BUY_TO_CLOSE,640.8603068695068,2026-01-30 00:00:00-05:00,2,3.47830801894348,614.28,0.16743999786376954,0.21251804759552967,0.0,2.0,292.33870457901605,L0266,S0302,PMCC_PROFIT_EARLY,58708.38884488179
2025-12-31 15:00:00-05:00,SHORT_CALL,SELL_TO_OPEN,635.037819946289,2026-02-01 00:00:00-05:00,3,5.149748664140333,614.28,0.16743999786376954,0.28,0.0,3.0,0.0,L0254,S0303,PMCC_OPEN_BULL_STRONG,60250.31344412389
2025-12-31 15:00:00-05:00,SHORT_CALL,SELL_TO_OPEN,635.037819946289,2026-02-01 00:00:00-05:00,2,5.149748664140333,614.28,0.16743999786376954,0.28,0.0,2.0,0.0,L0263,S0304,PMCC_OPEN_BULL_STRONG,61278.26317695195
2025-12-31 15:00:00-05:00,SHORT_CALL,SELL_TO_OPEN,635.037819946289,2026-02-01 00:00:00-05:00,2,5.149748664140333,614.28,0.16743999786376954,0.28,0.0,2.0,0.0,L0266,S0305,PMCC_OPEN_BULL_STRONG,62306.21290978001
2026-01-02 00:00:00,SMH_SPREAD,CLOSE,348.0,2026-01-12,4,1.819555,373.29998779296875,0.413139,,0.0,5.2,767.610373,,,SMH_PROFIT_TAKE,63073.82328280291
2026-01-02 10:00:00-05:00,SHORT_CALL,BUY_TO_CLOSE,635.037819946289,2026-02-01 00:00:00-05:00,3,4.0944734369353455,612.67,0.1625120025634766,0.24698183214729102,0.0,3.0,313.58256816149606,L0254,S0303,PMCC_PROFIT_EARLY,61842.4812517223
2026-01-02 10:00:00-05:00,SHORT_CALL,BUY_TO_CLOSE,635.037819946289,2026-02-01 00:00:00-05:00,2,4.0944734369353455,612.67,0.1625120025634766,0.24698183214729102,0.0,2.0,209.05504544099745,L0263,S0304,PMCC_PROFIT_EARLY,61021.58656433524
2026-01-02 10:00:00-05:00,SHORT_CALL,BUY_TO_CLOSE,635.037819946289,2026-02-01 00:00:00-05:00,2,4.0944734369353455,612.67,0.1625120025634766,0.24698183214729102,0.0,2.0,209.05504544099745,L0266,S0305,PMCC_PROFIT_EARLY,60200.69187694817
2026-01-02 15:00:00-05:00,SHORT_CALL,SELL_TO_OPEN,633.236559425354,2026-02-03 00:00:00-05:00,3,4.992356365444692,613.11,0.1625120025634766,0.28,0.0,3.0,0.0,L0254,S0306,PMCC_OPEN_BULL_STRONG,61695.39878658158
2026-01-02 15:00:00-05:00,SHORT_CALL,SELL_TO_OPEN,633.236559425354,2026-02-03 00:00:00-05:00,2,4.992356365444692,613.11,0.1625120025634766,0.28,0.0,2.0,0.0,L0263,S0307,PMCC_OPEN_BULL_STRONG,62691.87005967052
2026-01-02 15:00:00-05:00,SHORT_CALL,SELL_TO_OPEN,633.236559425354,2026-02-03 00:00:00-05:00,2,4.992356365444692,613.11,0.1625120025634766,0.28,0.0,2.0,0.0,L0266,S0308,PMCC_OPEN_BULL_STRONG,63688.34133275945
2026-01-02 00:00:00,SMH_SPREAD,SELL_TO_OPEN,355.5,2026-01-16,4,4.08948,373.29998779296875,0.401838,0.25,0.0,5.2,0.0,,,SMH_ENTRY,63683.14133275946
2026-01-06 00:00:00,SMH_SPREAD,CLOSE,355.5,2026-01-16,4,1.415992,387.6199951171875,0.437812,,0.0,5.2,1058.995138,,,SMH_PROFIT_TAKE,64742.136470515055
2026-01-06 00:00:00,SMH_SPREAD,SELL_TO_OPEN,368.5,2026-01-20,4,4.33542,387.6199951171875,0.418222,0.25,0.0,5.2,0.0,,,SMH_ENTRY,64736.93647051506
2026-01-07 10:00:00-05:00,SHORT_CALL,BUY_TO_CLOSE,633.236559425354,2026-02-03 00:00:00-05:00,3,9.071235179172106,625.78,0.1722560012817383,0.4309688909399417,0.0,3.0,-1226.663644118224,L0254,S0306,PMCC_STRIKE_GAP,62012.56591676343
2026-01-07 10:00:00-05:00,SHORT_CALL,BUY_TO_CLOSE,633.236559425354,2026-02-03 00:00:00-05:00,2,9.071235179172106,625.78,0.1722560012817383,0.4309688909399417,0.0,2.0,-817.7757627454828,L0263,S0307,PMCC_STRIKE_GAP,60196.31888092901
2026-01-07 10:00:00-05:00,SHORT_CALL,BUY_TO_CLOSE,633.236559425354,2026-02-03 00:00:00-05:00,2,9.071235179172106,625.78,0.1722560012817383,0.4309688909399417,0.0,2.0,-817.7757627454828,L0266,S0308,PMCC_STRIKE_GAP,58380.071845094586
2026-01-07 15:00:00-05:00,SHORT_CALL,SELL_TO_OPEN,645.6828964233398,2026-02-08 00:00:00-05:00,3,5.37780426061471,624.03,0.1722560012817383,0.28,0.0,3.0,0.0,L0254,S0309,PMCC_OPEN_BULL_STRONG,59990.413123279
2026-01-07 15:00:00-05:00,SHORT_CALL,SELL_TO_OPEN,645.6828964233398,2026-02-08 00:00:00-05:00,2,5.37780426061471,624.03,0.1722560012817383,0.28,0.0,2.0,0.0,L0263,S0310,PMCC_OPEN_BULL_STRONG,61063.97397540195
2026-01-07 15:00:00-05:00,SHORT_CALL,SELL_TO_OPEN,645.6828964233398,2026-02-08 00:00:00-05:00,2,5.37780426061471,624.03,0.1722560012817383,0.28,0.0,2.0,0.0,L0266,S0311,PMCC_OPEN_BULL_STRONG,62137.53482752489
2026-01-13 00:00:00,SMH_SPREAD,CLOSE,368.5,2026-01-20,4,1.086148,391.5299987792969,0.370237,,0.0,5.2,1289.308841,,,SMH_PROFIT_TAKE,63426.84366833032
2026-01-13 00:00:00,SMH_SPREAD,SELL_TO_OPEN,375.0,2026-01-27,4,3.98707,391.5299987792969,0.361764,0.25,0.0,5.2,0.0,,,SMH_ENTRY,63421.643668330325
2026-01-14 10:00:00-05:00,SHORT_CALL,BUY_TO_CLOSE,645.6828964233398,2026-02-08 00:00:00-05:00,3,3.1044430406252275,616.26,0.18760000000000002,0.19058798866005938,0.0,3.0,679.0083659968446,L0254,S0309,PMCC_PROFIT_EARLY,62487.31075614276
2026-01-14 10:00:00-05:00,SHORT_CALL,BUY_TO_CLOSE,645.6828964233398,2026-02-08 00:00:00-05:00,2,3.1044430406252275,616.26,0.18760000000000002,0.19058798866005938,0.0,2.0,452.67224399789643,L0263,S0310,PMCC_PROFIT_EARLY,61864.422148017715
2026-01-14 10:00:00-05:00,SHORT_CALL,BUY_TO_CLOSE,645.6828964233398,2026-02-08 00:00:00-05:00,2,3.1044430406252275,616.26,0.18760000000000002,0.19058798866005938,0.0,2.0,452.67224399789643,L0266,S0311,PMCC_PROFIT_EARLY,61241.53353989267
2026-01-14 15:00:00-05:00,SHORT_CALL,SELL_TO_OPEN,643.0308290290832,2026-02-15 00:00:00-05:00,3,5.802688504156322,619.65,0.18760000000000002,0.28,0.0,3.0,0.0,L0254,S0312,PMCC_OPEN_BULL_STRONG,62979.340091139566
2026-01-14 15:00:00-05:00,SHORT_CALL,SELL_TO_OPEN,643.0308290290832,2026-02-15 00:00:00-05:00,2,5.802688504156322,619.65,0.18760000000000002,0.28,0.0,2.0,0.0,L0263,S0313,PMCC_OPEN_BULL_STRONG,64137.87779197083
2026-01-14 15:00:00-05:00,SHORT_CALL,SELL_TO_OPEN,643.0308290290832,2026-02-15 00:00:00-05:00,2,5.802688504156322,619.65,0.18760000000000002,0.28,0.0,2.0,0.0,L0266,S0314,PMCC_OPEN_BULL_STRONG,65296.415492802094
2026-01-16 00:00:00,SMH_SPREAD,CLOSE,375.0,2026-01-27,4,1.039838,400.3900146484375,0.308218,,0.0,5.2,1168.492511,,,SMH_PROFIT_TAKE,66464.90800369372
2026-01-16 00:00:00,SMH_SPREAD,SELL_TO_OPEN,386.0,2026-01-30,4,3.389492,400.3900146484375,0.298775,0.25,0.0,5.2,0.0,,,SMH_ENTRY,66459.70800369373
2026-01-20 15:00:00-05:00,SHORT_CALL,BUY_TO_CLOSE,643.0308290290832,2026-02-15 00:00:00-05:00,3,3.8396261161567224,608.04,0.2250080017089844,0.19508571084606946,0.0,3.0,585.9187163998799,L0254,S0312,PMCC_PROFIT_EARLY,65304.82016884671
2026-01-20 15:00:00-05:00,SHORT_CALL,BUY_TO_CLOSE,643.0308290290832,2026-02-15 00:00:00-05:00,2,3.8396261161567224,608.04,0.2250080017089844,0.19508571084606946,0.0,2.0,390.6124775999199,L0263,S0313,PMCC_PROFIT_EARLY,64534.894945615364
2026-01-20 15:00:00-05:00,SHORT_CALL,BUY_TO_CLOSE,643.0308290290832,2026-02-15 00:00:00-05:00,2,3.8396261161567224,608.04,0.2250080017089844,0.19508571084606946,0.0,2.0,390.6124775999199,L0266,S0314,PMCC_PROFIT_EARLY,63764.96972238402
2026-01-20 15:00:00-05:00,SHORT_CALL,SELL_TO_OPEN,635.5064553222655,2026-02-21 00:00:00-05:00,3,6.791172567934979,608.04,0.2250080017089844,0.28,0.0,3.0,0.0,L0254,S0315,PMCC_OPEN_BULL_STRONG,65799.32149276452
2026-01-20 15:00:00-05:00,SHORT_CALL,SELL_TO_OPEN,635.5064553222655,2026-02-21 00:00:00-05:00,2,6.791172567934979,608.04,0.2250080017089844,0.28,0.0,2.0,0.0,L0263,S0316,PMCC_OPEN_BULL_STRONG,67155.55600635151
2026-01-20 15:00:00-05:00,SHORT_CALL,SELL_TO_OPEN,635.5064553222655,2026-02-21 00:00:00-05:00,2,6.791172567934979,608.04,0.2250080017089844,0.28,0.0,2.0,0.0,L0266,S0317,PMCC_OPEN_BULL_STRONG,68511.79051993851
2026-01-23 10:00:00-05:00,SHORT_CALL,BUY_TO_CLOSE,635.5064553222655,2026-02-21 00:00:00-05:00,3,8.851094397961788,624.95,0.1802080017089844,0.401936175135142,0.0,3.0,-620.9765490080426,L0254,S0315,PMCC_STRIKE_GAP,65853.46220054998
2026-01-23 10:00:00-05:00,SHORT_CALL,BUY_TO_CLOSE,635.5064553222655,2026-02-21 00:00:00-05:00,2,8.851094397961788,624.95,0.1802080017089844,0.401936175135142,0.0,2.0,-413.98436600536184,L0263,S0316,PMCC_STRIKE_GAP,64081.24332095763
2026-01-23 10:00:00-05:00,SHORT_CALL,BUY_TO_CLOSE,635.5064553222655,2026-02-21 00:00:00-05:00,2,8.851094397961788,624.95,0.1802080017089844,0.401936175135142,0.0,2.0,-413.98436600536184,L0266,S0317,PMCC_STRIKE_GAP,62309.02444136527
2026-01-23 15:00:00-05:00,SHORT_CALL,SELL_TO_OPEN,645.3904129562378,2026-02-24 00:00:00-05:00,3,5.6084386782231945,622.78,0.1802080017089844,0.28,0.0,3.0,0.0,L0254,S0318,PMCC_OPEN_BULL_STRONG,63988.55604483223
2026-01-23 15:00:00-05:00,SHORT_CALL,SELL_TO_OPEN,645.3904129562378,2026-02-24 00:00:00-05:00,2,5.6084386782231945,622.78,0.1802080017089844,0.28,0.0,2.0,0.0,L0263,S0319,PMCC_OPEN_BULL_STRONG,65108.24378047687
2026-01-23 15:00:00-05:00,SHORT_CALL,SELL_TO_OPEN,645.3904129562378,2026-02-24 00:00:00-05:00,2,5.6084386782231945,622.78,0.1802080017089844,0.28,0.0,2.0,0.0,L0266,S0320,PMCC_OPEN_BULL_STRONG,66227.9315161215
2026-01-26 00:00:00,SMH_SPREAD,CLOSE,386.0,2026-01-30,4,1.316677,398.82000732421875,0.33935,,0.0,5.2,818.726108,,,SMH_PROFIT_TAKE,67046.65762382689
2026-01-26 00:00:00,SMH_SPREAD,SELL_TO_OPEN,382.5,2026-02-09,4,3.81146,398.82000732421875,0.343611,0.25,0.0,5.2,0.0,,,SMH_ENTRY,67041.4576238269
2026-01-28 00:00:00,SMH_SPREAD,CLOSE,382.5,2026-02-09,4,1.282721,416.6300048828125,0.378529,,0.0,5.2,1001.095683,,,SMH_PROFIT_TAKE,68042.55330672167
2026-01-28 00:00:00,SMH_SPREAD,SELL_TO_OPEN,399.0,2026-02-11,4,4.090889,416.6300048828125,0.358503,0.25,0.0,5.2,0.0,,,SMH_ENTRY,68037.35330672168
2026-01-29 10:00:00-05:00,SHORT_CALL,BUY_TO_CLOSE,645.3904129562378,2026-02-24 00:00:00-05:00,3,4.045665184753375,619.26,0.18905599060058595,0.22864058981340635,0.0,3.0,465.8320480409459,L0254,S0318,PMCC_PROFIT_EARLY,66820.65375129567
2026-01-29 10:00:00-05:00,SHORT_CALL,BUY_TO_CLOSE,645.3904129562378,2026-02-24 00:00:00-05:00,2,4.045665184753375,619.26,0.18905599060058595,0.22864058981340635,0.0,2.0,310.5546986939639,L0263,S0319,PMCC_PROFIT_EARLY,66009.520714345
2026-01-29 10:00:00-05:00,SHORT_CALL,BUY_TO_CLOSE,645.3904129562378,2026-02-24 00:00:00-05:00,2,4.045665184753375,619.26,0.18905599060058595,0.22864058981340635,0.0,2.0,310.5546986939639,L0266,S0320,PMCC_PROFIT_EARLY,65198.38767739432
2026-01-29 15:00:00-05:00,SHORT_CALL,SELL_TO_OPEN,653.2999954833984,2026-03-02 00:00:00-05:00,3,5.937673535058536,629.36,0.18905599060058595,0.28,0.0,3.0,0.0,L0254,S0321,PMCC_OPEN_BULL_STRONG,66976.68973791187
2026-01-29 15:00:00-05:00,SHORT_CALL,SELL_TO_OPEN,653.2999954833984,2026-03-02 00:00:00-05:00,2,5.937673535058536,629.36,0.18905599060058595,0.28,0.0,2.0,0.0,L0263,S0322,PMCC_OPEN_BULL_STRONG,68162.22444492359
2026-01-29 15:00:00-05:00,SHORT_CALL,SELL_TO_OPEN,653.2999954833984,2026-03-02 00:00:00-05:00,2,5.937673535058536,629.36,0.18905599060058595,0.28,0.0,2.0,0.0,L0266,S0323,PMCC_OPEN_BULL_STRONG,69347.7591519353
2026-01-30 15:00:00-05:00,SHORT_CALL,BUY_TO_CLOSE,653.2999954833984,2026-03-02 00:00:00-05:00,3,4.243058472276942,621.81,0.19532800598144534,0.2159065861484985,0.0,3.0,505.3845188344783,L0254,S0321,PMCC_PROFIT_EARLY,68071.84161025222
2026-01-30 15:00:00-05:00,SHORT_CALL,BUY_TO_CLOSE,653.2999954833984,2026-03-02 00:00:00-05:00,2,4.243058472276942,621.81,0.19532800598144534,0.2159065861484985,0.0,2.0,336.9230125563188,L0263,S0322,PMCC_PROFIT_EARLY,67221.22991579682
2026-01-30 15:00:00-05:00,SHORT_CALL,BUY_TO_CLOSE,653.2999954833984,2026-03-02 00:00:00-05:00,2,4.243058472276942,621.81,0.19532800598144534,0.2159065861484985,0.0,2.0,336.9230125563188,L0266,S0323,PMCC_PROFIT_EARLY,66370.61822134143
2026-01-30 15:00:00-05:00,SHORT_CALL,SELL_TO_OPEN,646.2246956176757,2026-03-03 00:00:00-05:00,3,6.055625981511156,621.81,0.19532800598144534,0.28,0.0,3.0,0.0,L0254,S0324,PMCC_OPEN_BULL_STRONG,68184.30601579478
2026-01-30 15:00:00-05:00,SHORT_CALL,SELL_TO_OPEN,646.2246956176757,2026-03-03 00:00:00-05:00,2,6.055625981511156,621.81,0.19532800598144534,0.28,0.0,2.0,0.0,L0263,S0325,PMCC_OPEN_BULL_STRONG,69393.43121209701
2026-01-30 15:00:00-05:00,SHORT_CALL,SELL_TO_OPEN,646.2246956176757,2026-03-03 00:00:00-05:00,2,6.055625981511156,621.81,0.19532800598144534,0.28,0.0,2.0,0.0,L0266,S0326,PMCC_OPEN_BULL_STRONG,70602.55640839925
2026-02-03 00:00:00,SMH_SPREAD,CLOSE,399.0,2026-02-11,4,8.402975,397.67999267578125,0.370559,,0.0,5.2,-1735.234327,,,SMH_LOSS_LIMIT,68867.32208168774
2026-02-03 15:00:00-05:00,SHORT_CALL,BUY_TO_CLOSE,646.2246956176757,2026-03-03 00:00:00-05:00,3,4.265753684878121,616.46,0.2016,0.221466840682652,0.0,3.0,533.9616889899105,L0254,S0324,PMCC_PROFIT_EARLY,67584.59597622431
2026-02-03 15:00:00-05:00,SHORT_CALL,BUY_TO_CLOSE,646.2246956176757,2026-03-03 00:00:00-05:00,2,4.265753684878121,616.46,0.2016,0.221466840682652,0.0,2.0,355.9744593266071,L0263,S0325,PMCC_PROFIT_EARLY,66729.44523924869
2026-02-03 15:00:00-05:00,SHORT_CALL,BUY_TO_CLOSE,646.2246956176757,2026-03-03 00:00:00-05:00,2,4.265753684878121,616.46,0.2016,0.221466840682652,0.0,2.0,355.9744593266071,L0266,S0326,PMCC_PROFIT_EARLY,65874.29450227306
2026-02-03 15:00:00-05:00,SHORT_CALL,SELL_TO_OPEN,641.4380776290893,2026-03-07 00:00:00-05:00,3,6.190625793942303,616.46,0.2016,0.28,0.0,3.0,0.0,L0254,S0327,PMCC_OPEN_BULL_STRONG,67728.48224045575
2026-02-03 15:00:00-05:00,SHORT_CALL,SELL_TO_OPEN,641.4380776290893,2026-03-07 00:00:00-05:00,2,6.190625793942303,616.46,0.2016,0.28,0.0,2.0,0.0,L0263,S0328,PMCC_OPEN_BULL_STRONG,68964.60739924421
2026-02-03 15:00:00-05:00,SHORT_CALL,SELL_TO_OPEN,641.4380776290893,2026-03-07 00:00:00-05:00,2,6.190625793942303,616.46,0.2016,0.28,0.0,2.0,0.0,L0266,S0329,PMCC_OPEN_BULL_STRONG,70200.73255803267
2026-02-03 00:00:00,SMH_SPREAD,SELL_TO_OPEN,379.0,2026-02-17,4,4.238252,397.67999267578125,0.396668,0.25,0.0,5.2,0.0,,,SMH_ENTRY,70195.53255803268
2026-02-04 10:00:00-05:00,SHORT_CALL,BUY_TO_CLOSE,641.4380776290893,2026-03-07 00:00:00-05:00,3,4.627038155658141,609.39,0.20876799316406255,0.22308384813406862,0.0,3.0,466.0762914852485,L0254,S0327,PMCC_PROFIT_EARLY,68804.42111133524
2026-02-04 10:00:00-05:00,SHORT_CALL,BUY_TO_CLOSE,641.4380776290893,2026-03-07 00:00:00-05:00,2,4.627038155658141,609.39,0.20876799316406255,0.22308384813406862,0.0,2.0,310.7175276568323,L0263,S0328,PMCC_PROFIT_EARLY,67877.0134802036
2026-02-04 10:00:00-05:00,SHORT_CALL,BUY_TO_CLOSE,641.4380776290893,2026-03-07 00:00:00-05:00,2,4.627038155658141,609.39,0.20876799316406255,0.22308384813406862,0.0,2.0,310.7175276568323,L0266,S0329,PMCC_PROFIT_EARLY,66949.60584907197
2026-02-04 15:00:00-05:00,SHORT_CALL,SELL_TO_OPEN,631.0228924331666,2026-03-08 00:00:00-05:00,3,6.291294676840522,605.62,0.20876799316406255,0.28,0.0,3.0,0.0,L0254,S0330,PMCC_OPEN_BULL_STRONG,68833.99425212413
2026-02-04 15:00:00-05:00,SHORT_CALL,SELL_TO_OPEN,631.0228924331666,2026-03-08 00:00:00-05:00,2,6.291294676840522,605.62,0.20876799316406255,0.28,0.0,2.0,0.0,L0263,S0331,PMCC_OPEN_BULL_STRONG,70090.25318749224
2026-02-04 15:00:00-05:00,SHORT_CALL,SELL_TO_OPEN,631.0228924331666,2026-03-08 00:00:00-05:00,2,6.291294676840522,605.62,0.20876799316406255,0.28,0.0,2.0,0.0,L0266,S0332,PMCC_OPEN_BULL_STRONG,71346.51212286035
2026-02-11 00:00:00,SMH_SPREAD,CLOSE,379.0,2026-02-17,4,0.988859,414.7799987792969,0.516667,,0.0,5.2,1289.35723,,,SMH_PROFIT_TAKE,72635.86935284393
2026-02-11 00:00:00,SMH_SPREAD,SELL_TO_OPEN,391.0,2026-02-25,4,5.108256,414.7799987792969,0.496814,0.25,0.0,5.2,0.0,,,SMH_ENTRY,72630.66935284394
2026-02-12 15:00:00-05:00,SHORT_CALL,BUY_TO_CLOSE,631.0228924331666,2026-03-08 00:00:00-05:00,3,4.513098366570546,600.56,0.23318399658203126,0.22421432629099508,0.0,3.0,530.458893080993,L0254,S0330,PMCC_PROFIT_EARLY,71273.73984287278
2026-02-12 15:00:00-05:00,SHORT_CALL,BUY_TO_CLOSE,631.0228924331666,2026-03-08 00:00:00-05:00,2,4.513098366570546,600.56,0.23318399658203126,0.22421432629099508,0.0,2.0,353.63926205399525,L0263,S0331,PMCC_PROFIT_EARLY,70369.12016955866
2026-02-12 15:00:00-05:00,SHORT_CALL,BUY_TO_CLOSE,631.0228924331666,2026-03-08 00:00:00-05:00,2,4.513098366570546,600.56,0.23318399658203126,0.22421432629099508,0.0,2.0,353.63926205399525,L0266,S0332,PMCC_PROFIT_EARLY,69464.50049624455
2026-02-18 15:00:00-05:00,SHORT_CALL,SELL_TO_OPEN,638.8912250518799,2026-03-22 01:00:00-04:00,3,5.105867823078739,605.7,0.21974400939941408,0.23,0.0,3.0,0.0,L0254,S0333,PMCC_OPEN_BULL_MODERATE,70993.26084316817
2026-02-18 15:00:00-05:00,SHORT_CALL,SELL_TO_OPEN,638.8912250518799,2026-03-22 01:00:00-04:00,2,5.105867823078739,605.7,0.21974400939941408,0.23,0.0,2.0,0.0,L0263,S0334,PMCC_OPEN_BULL_MODERATE,72012.43440778392
2026-02-18 15:00:00-05:00,SHORT_CALL,SELL_TO_OPEN,638.8912250518799,2026-03-22 01:00:00-04:00,2,5.105867823078739,605.7,0.21974400939941408,0.23,0.0,2.0,0.0,L0266,S0335,PMCC_OPEN_BULL_MODERATE,73031.60797239967
2026-02-20 00:00:00,SMH_SPREAD,CLOSE,391.0,2026-02-25,4,1.47273,415.0299987792969,0.467129,,0.0,5.2,1443.81037,,,SMH_PROFIT_TAKE,74475.41834272482
2026-02-20 00:00:00,SMH_SPREAD,SELL_TO_OPEN,392.5,2026-03-06,4,4.867372,415.0299987792969,0.464799,0.25,0.0,5.2,0.0,,,SMH_ENTRY,74470.21834272482
2026-02-23 10:00:00-05:00,SHORT_CALL,BUY_TO_CLOSE,638.8912250518799,2026-03-22 01:00:00-04:00,3,3.848303408432841,600.85,0.23531200256347662,0.1878811028906548,0.0,3.0,374.2693243937697,L0254,S0333,PMCC_PROFIT_EARLY,73312.72732019497
2026-02-23 10:00:00-05:00,SHORT_CALL,BUY_TO_CLOSE,638.8912250518799,2026-03-22 01:00:00-04:00,2,3.848303408432841,600.85,0.23531200256347662,0.1878811028906548,0.0,2.0,249.51288292917968,L0263,S0334,PMCC_PROFIT_EARLY,72541.0666385084
2026-02-23 10:00:00-05:00,SHORT_CALL,BUY_TO_CLOSE,638.8912250518799,2026-03-22 01:00:00-04:00,2,3.848303408432841,600.85,0.23531200256347662,0.1878811028906548,0.0,2.0,249.51288292917968,L0266,S0335,PMCC_PROFIT_EARLY,71769.40595682184
2026-02-23 15:00:00-05:00,SHORT_CALL,SELL_TO_OPEN,636.7499132080078,2026-03-27 01:00:00-04:00,3,5.417507483406297,601.44,0.23531200256347662,0.23,0.0,3.0,0.0,L0254,S0336,PMCC_OPEN_BULL_MODERATE,73391.65820184372
2026-02-23 15:00:00-05:00,SHORT_CALL,SELL_TO_OPEN,636.7499132080078,2026-03-27 01:00:00-04:00,2,5.417507483406297,601.44,0.23531200256347662,0.23,0.0,2.0,0.0,L0263,S0337,PMCC_OPEN_BULL_MODERATE,74473.15969852498
2026-02-23 15:00:00-05:00,SHORT_CALL,SELL_TO_OPEN,636.7499132080078,2026-03-27 01:00:00-04:00,2,5.417507483406297,601.44,0.23531200256347662,0.23,0.0,2.0,0.0,L0266,S0338,PMCC_OPEN_BULL_MODERATE,75554.66119520624
2026-02-25 00:00:00,SMH_SPREAD,CLOSE,392.5,2026-03-06,4,1.930213,426.1600036621094,0.479882,,0.0,5.2,1164.463608,,,SMH_PROFIT_TAKE,76719.12480283887
2026-02-25 00:00:00,SMH_SPREAD,SELL_TO_OPEN,403.0,2026-03-11,4,4.92068,426.1600036621094,0.464025,0.25,0.0,5.2,0.0,,,SMH_ENTRY,76713.92480283887
2026-02-26 10:00:00-05:00,SHORT_CALL,BUY_TO_CLOSE,636.7499132080078,2026-03-27 01:00:00-04:00,3,4.734247584589127,607.3,0.20865599060058598,0.2335310901249415,0.0,3.0,201.97796964515078,L0254,S0336,PMCC_PROFIT_EARLY,75290.65052746213
2026-02-26 10:00:00-05:00,SHORT_CALL,BUY_TO_CLOSE,636.7499132080078,2026-03-27 01:00:00-04:00,2,4.734247584589127,607.3,0.20865599060058598,0.2335310901249415,0.0,2.0,134.65197976343393,L0263,S0337,PMCC_PROFIT_EARLY,74341.80101054431
2026-02-26 10:00:00-05:00,SHORT_CALL,BUY_TO_CLOSE,636.7499132080078,2026-03-27 01:00:00-04:00,2,4.734247584589127,607.3,0.20865599060058598,0.2335310901249415,0.0,2.0,134.65197976343393,L0266,S0338,PMCC_PROFIT_EARLY,73392.95149362649
2026-02-26 15:00:00-05:00,SHORT_CALL,SELL_TO_OPEN,640.9461961746215,2026-03-30 01:00:00-04:00,3,4.884657023572316,609.26,0.20865599060058598,0.23,0.0,3.0,0.0,L0254,S0339,PMCC_OPEN_BULL_MODERATE,74855.34860069818
2026-02-26 15:00:00-05:00,SHORT_CALL,SELL_TO_OPEN,640.9461961746215,2026-03-30 01:00:00-04:00,2,4.884657023572316,609.26,0.20865599060058598,0.23,0.0,2.0,0.0,L0263,S0340,PMCC_OPEN_BULL_MODERATE,75830.28000541264
2026-02-26 15:00:00-05:00,SHORT_CALL,SELL_TO_OPEN,640.9461961746215,2026-03-30 01:00:00-04:00,2,4.884657023572316,609.26,0.20865599060058598,0.23,0.0,2.0,0.0,L0266,S0341,PMCC_OPEN_BULL_MODERATE,76805.2114101271
2026-03-03 00:00:00,SMH_SPREAD,CLOSE,403.0,2026-03-11,4,13.849149,391.05999755859375,0.451945,,0.0,5.2,-3581.787565,,,SMH_LOSS_LIMIT,73223.42384517717
2026-03-03 10:00:00-05:00,SHORT_CALL,BUY_TO_CLOSE,640.9461961746215,2026-03-30 01:00:00-04:00,3,3.5576300785890567,594.17,0.26398399658203126,0.16292132756613675,0.0,3.0,395.1080834949778,L0254,S0339,PMCC_PROFIT_EARLY,72153.13482160046
2026-03-03 10:00:00-05:00,SHORT_CALL,BUY_TO_CLOSE,640.9461961746215,2026-03-30 01:00:00-04:00,2,3.5576300785890567,594.17,0.26398399658203126,0.16292132756613675,0.0,2.0,263.40538899665194,L0263,S0340,PMCC_PROFIT_EARLY,71439.60880588264
2026-03-03 10:00:00-05:00,SHORT_CALL,BUY_TO_CLOSE,640.9461961746215,2026-03-30 01:00:00-04:00,2,3.5576300785890567,594.17,0.26398399658203126,0.16292132756613675,0.0,2.0,263.40538899665194,L0266,S0341,PMCC_PROFIT_EARLY,70726.08279016483
2026-03-03 15:00:00-05:00,SHORT_CALL,SELL_TO_OPEN,641.4091301994322,2026-04-04 01:00:00-04:00,3,6.055061514191806,601.67,0.26398399658203126,0.23,0.0,3.0,0.0,L0254,S0342,PMCC_OPEN_BULL_MODERATE,72539.60124442237
2026-03-03 15:00:00-05:00,SHORT_CALL,SELL_TO_OPEN,641.4091301994322,2026-04-04 01:00:00-04:00,2,6.055061514191806,601.67,0.26398399658203126,0.23,0.0,2.0,0.0,L0263,S0343,PMCC_OPEN_BULL_MODERATE,73748.61354726074
2026-03-03 15:00:00-05:00,SHORT_CALL,SELL_TO_OPEN,641.4091301994322,2026-04-04 01:00:00-04:00,2,6.055061514191806,601.67,0.26398399658203126,0.23,0.0,2.0,0.0,L0266,S0344,PMCC_OPEN_BULL_MODERATE,74957.62585009911
2026-03-03 00:00:00,SMH_SPREAD,SELL_TO_OPEN,369.0,2026-03-17,4,4.924162,391.05999755859375,0.490187,0.25,0.0,5.2,0.0,,,SMH_ENTRY,74952.42585009911
2026-03-09 00:00:00,SMH_SPREAD,CLOSE,369.0,2026-03-17,4,1.9465,394.3699951171875,0.447396,,0.0,5.2,1180.664659,,,SMH_PROFIT_TAKE,76133.09050943617
2026-03-09 10:00:00-04:00,SHORT_CALL,BUY_TO_CLOSE,641.4091301994322,2026-04-04 01:00:00-04:00,3,4.672124234106008,597.05,0.2856,0.19255833624180296,0.0,3.0,411.88118402573946,L0254,S0342,PMCC_PROFIT_EARLY,74728.45323920436
2026-03-09 10:00:00-04:00,SHORT_CALL,BUY_TO_CLOSE,641.4091301994322,2026-04-04 01:00:00-04:00,2,4.672124234106008,597.05,0.2856,0.19255833624180296,0.0,2.0,274.58745601715964,L0263,S0343,PMCC_PROFIT_EARLY,73792.02839238316
2026-03-09 10:00:00-04:00,SHORT_CALL,BUY_TO_CLOSE,641.4091301994322,2026-04-04 01:00:00-04:00,2,4.672124234106008,597.05,0.2856,0.19255833624180296,0.0,2.0,274.58745601715964,L0266,S0344,PMCC_PROFIT_EARLY,72855.60354556196
2026-03-09 15:00:00-04:00,SHORT_CALL,SELL_TO_OPEN,651.3646466369628,2026-04-10 00:00:00-04:00,3,6.597467963568533,607.81,0.2856,0.23,0.0,3.0,0.0,L0254,S0345,PMCC_OPEN_BULL_MODERATE,74831.84393463252
2026-03-09 15:00:00-04:00,SHORT_CALL,SELL_TO_OPEN,651.3646466369628,2026-04-10 00:00:00-04:00,2,6.597467963568533,607.81,0.2856,0.23,0.0,2.0,0.0,L0263,S0346,PMCC_OPEN_BULL_MODERATE,76149.33752734623
2026-03-09 15:00:00-04:00,SHORT_CALL,SELL_TO_OPEN,651.3646466369628,2026-04-10 00:00:00-04:00,2,6.597467963568533,607.81,0.2856,0.23,0.0,2.0,0.0,L0266,S0347,PMCC_OPEN_BULL_MODERATE,77466.83112005994
2026-03-09 00:00:00,SMH_SPREAD,SELL_TO_OPEN,374.0,2026-03-23,4,4.543285,394.3699951171875,0.439637,0.25,0.0,5.2,0.0,,,SMH_ENTRY,77461.63112005994
2026-03-11 10:00:00-04:00,SHORT_CALL,BUY_TO_CLOSE,651.3646466369628,2026-04-10 00:00:00-04:00,3,5.760777934250484,609.69,0.27137599487304687,0.21978650430165197,0.0,3.0,248.00700879541478,L0254,S0345,PMCC_PROFIT_EARLY,75730.3977397848
2026-03-11 10:00:00-04:00,SHORT_CALL,BUY_TO_CLOSE,651.3646466369628,2026-04-10 00:00:00-04:00,2,5.760777934250484,609.69,0.27137599487304687,0.21978650430165197,0.0,2.0,165.33800586360985,L0263,S0346,PMCC_PROFIT_EARLY,74576.2421529347
2026-03-11 10:00:00-04:00,SHORT_CALL,BUY_TO_CLOSE,651.3646466369628,2026-04-10 00:00:00-04:00,2,5.760777934250484,609.69,0.27137599487304687,0.21978650430165197,0.0,2.0,165.33800586360985,L0266,S0347,PMCC_PROFIT_EARLY,73422.0865660846
2026-03-11 15:00:00-04:00,SHORT_CALL,SELL_TO_OPEN,649.0322436561584,2026-04-12 00:00:00-04:00,3,6.2809843843674,607.73,0.27137599487304687,0.23,0.0,3.0,0.0,L0254,S0348,PMCC_OPEN_BULL_MODERATE,75303.38188139482
2026-03-11 15:00:00-04:00,SHORT_CALL,SELL_TO_OPEN,649.0322436561584,2026-04-12 00:00:00-04:00,2,6.2809843843674,607.73,0.27137599487304687,0.23,0.0,2.0,0.0,L0263,S0349,PMCC_OPEN_BULL_MODERATE,76557.5787582683
2026-03-11 15:00:00-04:00,SHORT_CALL,SELL_TO_OPEN,649.0322436561584,2026-04-12 00:00:00-04:00,2,6.2809843843674,607.73,0.27137599487304687,0.23,0.0,2.0,0.0,L0266,S0350,PMCC_OPEN_BULL_MODERATE,77811.77563514178
2026-03-12 15:00:00-04:00,SHORT_CALL,BUY_TO_CLOSE,649.0322436561584,2026-04-12 00:00:00-04:00,3,5.583040860632778,597.33,0.3056480102539063,0.19682121914189488,0.0,3.0,206.38305712038664,L0254,S0348,PMCC_PROFIT_EARLY,76133.86337695195
2026-03-12 15:00:00-04:00,SHORT_CALL,BUY_TO_CLOSE,649.0322436561584,2026-04-12 00:00:00-04:00,2,5.583040860632778,597.33,0.3056480102539063,0.19682121914189488,0.0,2.0,137.58870474692458,L0263,S0349,PMCC_PROFIT_EARLY,75015.2552048254
2026-03-12 15:00:00-04:00,SHORT_CALL,BUY_TO_CLOSE,649.0322436561584,2026-04-12 00:00:00-04:00,2,5.583040860632778,597.33,0.3056480102539063,0.19682121914189488,0.0,2.0,137.58870474692458,L0266,S0350,PMCC_PROFIT_EARLY,73896.64703269885
2026-03-12 15:00:00-04:00,SHORT_CALL,SELL_TO_OPEN,643.2868398971557,2026-04-13 00:00:00-04:00,3,6.919621267540009,597.33,0.3056480102539063,0.23,0.0,3.0,0.0,L0254,S0351,PMCC_OPEN_BULL_MODERATE,75969.53341296085
2026-03-12 15:00:00-04:00,SHORT_CALL,SELL_TO_OPEN,643.2868398971557,2026-04-13 00:00:00-04:00,2,6.919621267540009,597.33,0.3056480102539063,0.23,0.0,2.0,0.0,L0263,S0352,PMCC_OPEN_BULL_MODERATE,77351.45766646885
2026-03-12 15:00:00-04:00,SHORT_CALL,SELL_TO_OPEN,643.2868398971557,2026-04-13 00:00:00-04:00,2,6.919621267540009,597.33,0.3056480102539063,0.23,0.0,2.0,0.0,L0266,S0353,PMCC_OPEN_BULL_MODERATE,78733.38191997685
2026-03-13 15:00:00-04:00,SHORT_CALL,BUY_TO_CLOSE,643.2868398971557,2026-04-13 00:00:00-04:00,3,5.809845950743963,593.69,0.30452800598144536,0.20462962498352738,0.0,3.0,329.9325950388138,L0254,S0351,PMCC_PROFIT_EARLY,76987.42813475366
2026-03-13 15:00:00-04:00,SHORT_CALL,BUY_TO_CLOSE,643.2868398971557,2026-04-13 00:00:00-04:00,2,5.809845950743963,593.69,0.30452800598144536,0.20462962498352738,0.0,2.0,219.95506335920913,L0263,S0352,PMCC_PROFIT_EARLY,75823.45894460486
2026-03-13 15:00:00-04:00,SHORT_CALL,BUY_TO_CLOSE,643.2868398971557,2026-04-13 00:00:00-04:00,2,5.809845950743963,593.69,0.30452800598144536,0.20462962498352738,0.0,2.0,219.95506335920913,L0266,S0353,PMCC_PROFIT_EARLY,74659.48975445607
2026-03-13 15:00:00-04:00,SHORT_CALL,SELL_TO_OPEN,639.1899120521546,2026-04-14 00:00:00-04:00,3,6.853325144117832,593.69,0.30452800598144536,0.23,0.0,3.0,0.0,L0254,S0354,PMCC_OPEN_BULL_MODERATE,76712.48729769142
2026-03-13 15:00:00-04:00,SHORT_CALL,SELL_TO_OPEN,639.1899120521546,2026-04-14 00:00:00-04:00,2,6.853325144117832,593.69,0.30452800598144536,0.23,0.0,2.0,0.0,L0263,S0355,PMCC_OPEN_BULL_MODERATE,78081.15232651499
2026-03-13 15:00:00-04:00,SHORT_CALL,SELL_TO_OPEN,639.1899120521546,2026-04-14 00:00:00-04:00,2,6.853325144117832,593.69,0.30452800598144536,0.23,0.0,2.0,0.0,L0266,S0356,PMCC_OPEN_BULL_MODERATE,79449.81735533856
2026-03-16 10:00:00-04:00,SHORT_CALL,BUY_TO_CLOSE,639.1899120521546,2026-04-14 00:00:00-04:00,3,5.589668075124536,600.94,0.26331200256347664,0.22491620204893747,0.0,3.0,376.0971206979889,L0254,S0354,PMCC_PROFIT_EARLY,77769.91693280119
2026-03-16 10:00:00-04:00,SHORT_CALL,BUY_TO_CLOSE,639.1899120521546,2026-04-14 00:00:00-04:00,2,5.589668075124536,600.94,0.26331200256347664,0.22491620204893747,0.0,2.0,250.73141379865933,L0263,S0355,PMCC_PROFIT_EARLY,76649.98331777629
2026-03-16 10:00:00-04:00,SHORT_CALL,BUY_TO_CLOSE,639.1899120521546,2026-04-14 00:00:00-04:00,2,5.589668075124536,600.94,0.26331200256347664,0.22491620204893747,0.0,2.0,250.73141379865933,L0266,S0356,PMCC_PROFIT_EARLY,75530.04970275139
2026-03-16 15:00:00-04:00,SHORT_CALL,SELL_TO_OPEN,639.8610638122557,2026-04-17 00:00:00-04:00,3,6.0265337759794875,600.31,0.26331200256347664,0.23,0.0,3.0,0.0,L0254,S0357,PMCC_OPEN_BULL_MODERATE,77335.00983554524
2026-03-16 15:00:00-04:00,SHORT_CALL,SELL_TO_OPEN,639.8610638122557,2026-04-17 00:00:00-04:00,2,6.0265337759794875,600.31,0.26331200256347664,0.23,0.0,2.0,0.0,L0263,S0358,PMCC_OPEN_BULL_MODERATE,78538.31659074113
2026-03-16 15:00:00-04:00,SHORT_CALL,SELL_TO_OPEN,639.8610638122557,2026-04-17 00:00:00-04:00,2,6.0265337759794875,600.31,0.26331200256347664,0.23,0.0,2.0,0.0,L0266,S0359,PMCC_OPEN_BULL_MODERATE,79741.62334593703
2026-03-17 00:00:00,SMH_SPREAD,CLOSE,374.0,2026-03-23,4,1.675892,396.8800048828125,0.450725,,0.0,5.2,1136.557309,,,SMH_PROFIT_TAKE,80878.18065470351
2026-03-17 00:00:00,SMH_SPREAD,SELL_TO_OPEN,376.0,2026-03-31,4,4.609773,396.8800048828125,0.447589,0.25,0.0,5.2,0.0,,,SMH_ENTRY,80872.98065470351
2026-03-18 15:00:00-04:00,SHORT_CALL,BUY_TO_CLOSE,639.8610638122557,2026-04-17 00:00:00-04:00,3,5.2590449397555545,594.77,0.2810080017089844,0.2032794230433363,0.0,3.0,227.24665086717982,L0254,S0357,PMCC_PROFIT_EARLY,79292.26717277685
2026-03-18 15:00:00-04:00,SHORT_CALL,BUY_TO_CLOSE,639.8610638122557,2026-04-17 00:00:00-04:00,2,5.2590449397555545,594.77,0.2810080017089844,0.2032794230433363,0.0,2.0,151.4977672447867,L0263,S0358,PMCC_PROFIT_EARLY,78238.45818482574
2026-03-18 15:00:00-04:00,SHORT_CALL,BUY_TO_CLOSE,639.8610638122557,2026-04-17 00:00:00-04:00,2,5.2590449397555545,594.77,0.2810080017089844,0.2032794230433363,0.0,2.0,151.4977672447867,L0266,S0359,PMCC_PROFIT_EARLY,77184.64919687463
2026-03-18 15:00:00-04:00,SHORT_CALL,SELL_TO_OPEN,636.686419380188,2026-04-19 00:00:00-04:00,3,6.356369337531959,594.77,0.2810080017089844,0.23,0.0,3.0,0.0,L0254,S0360,PMCC_OPEN_BULL_MODERATE,79088.55999813421
2026-03-18 15:00:00-04:00,SHORT_CALL,SELL_TO_OPEN,636.686419380188,2026-04-19 00:00:00-04:00,2,6.356369337531959,594.77,0.2810080017089844,0.23,0.0,2.0,0.0,L0263,S0361,PMCC_OPEN_BULL_MODERATE,80357.8338656406
2026-03-18 15:00:00-04:00,SHORT_CALL,SELL_TO_OPEN,636.686419380188,2026-04-19 00:00:00-04:00,2,6.356369337531959,594.77,0.2810080017089844,0.23,0.0,2.0,0.0,L0266,S0362,PMCC_OPEN_BULL_MODERATE,81627.10773314699
2026-03-19 10:00:00-04:00,SHORT_CALL,BUY_TO_CLOSE,636.686419380188,2026-04-19 00:00:00-04:00,3,4.756086191154964,591.04,0.2694719940185547,0.19243174947978475,0.0,3.0,477.0849439130984,L0254,S0360,PMCC_PROFIT_EARLY,80197.2818758005
2026-03-19 10:00:00-04:00,SHORT_CALL,BUY_TO_CLOSE,636.686419380188,2026-04-19 00:00:00-04:00,2,4.756086191154964,591.04,0.2694719940185547,0.19243174947978475,0.0,2.0,318.056629275399,L0263,S0361,PMCC_PROFIT_EARLY,79244.0646375695
2026-03-19 10:00:00-04:00,SHORT_CALL,BUY_TO_CLOSE,636.686419380188,2026-04-19 00:00:00-04:00,2,4.756086191154964,591.04,0.2694719940185547,0.19243174947978475,0.0,2.0,318.056629275399,L0266,S0362,PMCC_PROFIT_EARLY,78290.84739933851
2026-03-19 15:00:00-04:00,SHORT_CALL,SELL_TO_OPEN,633.0043383331299,2026-04-20 00:00:00-04:00,3,6.087384110835217,592.99,0.2694719940185547,0.23,0.0,3.0,0.0,L0254,S0363,PMCC_OPEN_BULL_MODERATE,80114.06263258908
2026-03-19 15:00:00-04:00,SHORT_CALL,SELL_TO_OPEN,633.0043383331299,2026-04-20 00:00:00-04:00,2,6.087384110835217,592.99,0.2694719940185547,0.23,0.0,2.0,0.0,L0263,S0364,PMCC_OPEN_BULL_MODERATE,81329.53945475612
2026-03-19 15:00:00-04:00,SHORT_CALL,SELL_TO_OPEN,633.0043383331299,2026-04-20 00:00:00-04:00,2,6.087384110835217,592.99,0.2694719940185547,0.23,0.0,2.0,0.0,L0266,S0365,PMCC_OPEN_BULL_MODERATE,82545.01627692315
2026-03-20 15:00:00-04:00,SHORT_CALL,BUY_TO_CLOSE,633.0043383331299,2026-04-20 00:00:00-04:00,3,5.0825248518703035,582.07,0.29993600769042966,0.18920565188866073,0.0,3.0,298.4577776894739,L0254,S0363,PMCC_PROFIT_EARLY,81017.25882136206
2026-03-20 15:00:00-04:00,SHORT_CALL,BUY_TO_CLOSE,633.0043383331299,2026-04-20 00:00:00-04:00,2,5.0825248518703035,582.07,0.29993600769042966,0.18920565188866073,0.0,2.0,198.97185179298265,L0263,S0364,PMCC_PROFIT_EARLY,79998.753850988
2026-03-20 15:00:00-04:00,SHORT_CALL,BUY_TO_CLOSE,633.0043383331299,2026-04-20 00:00:00-04:00,2,5.0825248518703035,582.07,0.29993600769042966,0.18920565188866073,0.0,2.0,198.97185179298265,L0266,S0365,PMCC_PROFIT_EARLY,78980.24888061393
2026-03-20 15:00:00-04:00,SHORT_CALL,SELL_TO_OPEN,625.9832629013063,2026-04-21 00:00:00-04:00,3,6.621924547863117,582.07,0.29993600769042966,0.23,0.0,3.0,0.0,L0254,S0366,PMCC_OPEN_BULL_MODERATE,80963.82624497286
2026-03-20 15:00:00-04:00,SHORT_CALL,SELL_TO_OPEN,625.9832629013063,2026-04-21 00:00:00-04:00,2,6.621924547863117,582.07,0.29993600769042966,0.23,0.0,2.0,0.0,L0263,S0367,PMCC_OPEN_BULL_MODERATE,82286.21115454548
2026-03-20 15:00:00-04:00,SHORT_CALL,SELL_TO_OPEN,625.9832629013063,2026-04-21 00:00:00-04:00,2,6.621924547863117,582.07,0.29993600769042966,0.23,0.0,2.0,0.0,L0266,S0368,PMCC_OPEN_BULL_MODERATE,83608.5960641181
2026-03-25 00:00:00,SMH_SPREAD,CLOSE,376.0,2026-03-31,4,1.74078,399.0199890136719,0.456286,,0.0,5.2,1137.196998,,,SMH_PROFIT_TAKE,84745.7930621385
2026-03-25 15:00:00-04:00,SHORT_CALL,BUY_TO_CLOSE,625.9832629013063,2026-04-21 00:00:00-04:00,3,5.791055040903245,587.73,0.2836959991455078,0.22845857068417746,0.0,3.0,246.26085208796144,L0254,S0366,PMCC_PROFIT_EARLY,83005.47654986753
2026-03-25 15:00:00-04:00,SHORT_CALL,BUY_TO_CLOSE,625.9832629013063,2026-04-21 00:00:00-04:00,2,5.791055040903245,587.73,0.2836959991455078,0.22845857068417746,0.0,2.0,164.17390139197414,L0263,S0367,PMCC_PROFIT_EARLY,81845.26554168688
2026-03-25 15:00:00-04:00,SHORT_CALL,BUY_TO_CLOSE,625.9832629013063,2026-04-21 00:00:00-04:00,2,5.791055040903245,587.73,0.2836959991455078,0.22845857068417746,0.0,2.0,164.17390139197414,L0266,S0368,PMCC_PROFIT_EARLY,80685.05453350623
2026-03-25 15:00:00-04:00,SHORT_CALL,SELL_TO_OPEN,645.50126902771,2026-04-26 00:00:00-04:00,3,3.6966105297110374,587.73,0.2836959991455078,0.15,0.0,3.0,0.0,L0254,S0369,PMCC_OPEN_BEAR_SMA_FORCED,81791.03769241954
2026-03-25 15:00:00-04:00,SHORT_CALL,SELL_TO_OPEN,645.50126902771,2026-04-26 00:00:00-04:00,2,3.6966105297110374,587.73,0.2836959991455078,0.15,0.0,2.0,0.0,L0263,S0370,PMCC_OPEN_BEAR_SMA_FORCED,82528.35979836175
2026-03-25 15:00:00-04:00,SHORT_CALL,SELL_TO_OPEN,645.50126902771,2026-04-26 00:00:00-04:00,2,3.6966105297110374,587.73,0.2836959991455078,0.15,0.0,2.0,0.0,L0266,S0371,PMCC_OPEN_BEAR_SMA_FORCED,83265.68190430396
2026-03-25 00:00:00,SMH_SPREAD,SELL_TO_OPEN,378.0,2026-04-08,4,4.709153,399.0199890136719,0.453129,0.25,0.0,5.2,0.0,,,SMH_ENTRY,83260.48190430396
2026-03-26 15:00:00-04:00,SHORT_CALL,BUY_TO_CLOSE,645.50126902771,2026-04-26 00:00:00-04:00,3,2.569662135778046,573.69,0.30732800598144533,0.10791693873087493,0.0,3.0,335.0845181798975,L0254,S0369,PMCC_PROFIT_EARLY,82486.58326357054
2026-03-26 15:00:00-04:00,SHORT_CALL,BUY_TO_CLOSE,645.50126902771,2026-04-26 00:00:00-04:00,2,2.569662135778046,573.69,0.30732800598144533,0.10791693873087493,0.0,2.0,223.38967878659832,L0263,S0370,PMCC_PROFIT_EARLY,81970.65083641493
2026-03-26 15:00:00-04:00,SHORT_CALL,BUY_TO_CLOSE,645.50126902771,2026-04-26 00:00:00-04:00,2,2.569662135778046,573.69,0.30732800598144533,0.10791693873087493,0.0,2.0,223.38967878659832,L0266,S0371,PMCC_PROFIT_EARLY,81454.71840925932
2026-03-26 15:00:00-04:00,SHORT_CALL,SELL_TO_OPEN,635.0594933166503,2026-04-27 00:00:00-04:00,3,3.8965596335579136,573.69,0.30732800598144533,0.15,0.0,3.0,0.0,L0254,S0372,PMCC_OPEN_BEAR_SMA_FORCED,82620.6862993267
2026-03-26 15:00:00-04:00,SHORT_CALL,SELL_TO_OPEN,635.0594933166503,2026-04-27 00:00:00-04:00,2,3.8965596335579136,573.69,0.30732800598144533,0.15,0.0,2.0,0.0,L0263,S0373,PMCC_OPEN_BEAR_SMA_FORCED,83397.99822603828
2026-03-26 15:00:00-04:00,SHORT_CALL,SELL_TO_OPEN,635.0594933166503,2026-04-27 00:00:00-04:00,2,3.8965596335579136,573.69,0.30732800598144533,0.15,0.0,2.0,0.0,L0266,S0374,PMCC_OPEN_BEAR_SMA_FORCED,84175.31015274987
2026-03-27 00:00:00,SMH_SPREAD,CLOSE,378.0,2026-04-08,4,10.947482,374.25,0.443341,,0.0,5.2,-2505.731452,,,SMH_LOSS_LIMIT,81669.57870109747
2026-03-27 00:00:00,SMH_SPREAD,SELL_TO_OPEN,353.5,2026-04-10,4,4.728427,374.25,0.480212,0.25,0.0,5.2,0.0,,,SMH_ENTRY,81664.37870109748
2026-03-30 10:00:00-04:00,SHORT_CALL,BUY_TO_CLOSE,635.0594933166503,2026-04-27 00:00:00-04:00,3,3.0659198096935967,564.14,0.34283200683593745,0.120891115585745,0.0,3.0,246.19194715929507,L0254,S0372,PMCC_PROFIT_EARLY,80741.6027581894
2026-03-30 10:00:00-04:00,SHORT_CALL,BUY_TO_CLOSE,635.0594933166503,2026-04-27 00:00:00-04:00,2,3.0659198096935967,564.14,0.34283200683593745,0.120891115585745,0.0,2.0,164.12796477286338,L0263,S0373,PMCC_PROFIT_EARLY,80126.41879625068
2026-03-30 10:00:00-04:00,SHORT_CALL,BUY_TO_CLOSE,635.0594933166503,2026-04-27 00:00:00-04:00,2,3.0659198096935967,564.14,0.34283200683593745,0.120891115585745,0.0,2.0,164.12796477286338,L0266,S0374,PMCC_PROFIT_EARLY,79511.23483431197
2026-03-30 15:00:00-04:00,SHORT_CALL,SELL_TO_OPEN,625.4009116439818,2026-05-01 00:00:00-04:00,3,4.211124018716319,558.29,0.34283200683593745,0.15,0.0,3.0,0.0,L0254,S0375,PMCC_OPEN_BEAR_SMA_FORCED,80771.57203992686
2026-03-30 15:00:00-04:00,SHORT_CALL,SELL_TO_OPEN,625.4009116439818,2026-05-01 00:00:00-04:00,2,4.211124018716319,558.29,0.34283200683593745,0.15,0.0,2.0,0.0,L0263,S0376,PMCC_OPEN_BEAR_SMA_FORCED,81611.79684367012
2026-03-30 15:00:00-04:00,SHORT_CALL,SELL_TO_OPEN,625.4009116439818,2026-05-01 00:00:00-04:00,2,4.211124018716319,558.29,0.34283200683593745,0.15,0.0,2.0,0.0,L0266,S0377,PMCC_OPEN_BEAR_SMA_FORCED,82452.02164741338
2026-03-31 10:00:00-04:00,SHORT_CALL,BUY_TO_CLOSE,625.4009116439818,2026-05-01 00:00:00-04:00,3,2.7657630155706414,564.97,0.28280000000000005,0.12410603975520274,0.0,3.0,430.6083009437034,L0254,S0375,PMCC_PROFIT_EARLY,81619.29274274218
2026-03-31 10:00:00-04:00,SHORT_CALL,BUY_TO_CLOSE,625.4009116439818,2026-05-01 00:00:00-04:00,2,2.7657630155706414,564.97,0.28280000000000005,0.12410603975520274,0.0,2.0,287.0722006291355,L0263,S0376,PMCC_PROFIT_EARLY,81064.14013962806
2026-03-31 10:00:00-04:00,SHORT_CALL,BUY_TO_CLOSE,625.4009116439818,2026-05-01 00:00:00-04:00,2,2.7657630155706414,564.97,0.28280000000000005,0.12410603975520274,0.0,2.0,287.0722006291355,L0266,S0377,PMCC_PROFIT_EARLY,80508.98753651393
2026-03-31 15:00:00-04:00,SHORT_CALL,SELL_TO_OPEN,633.671733078003,2026-05-02 00:00:00-04:00,3,3.618839294512142,577.14,0.28280000000000005,0.15,0.0,3.0,0.0,L0254,S0378,PMCC_OPEN_BEAR_SMA_FORCED,81591.63932486757
2026-03-31 15:00:00-04:00,SHORT_CALL,SELL_TO_OPEN,633.671733078003,2026-05-02 00:00:00-04:00,2,3.618839294512142,577.14,0.28280000000000005,0.15,0.0,2.0,0.0,L0263,S0379,PMCC_OPEN_BEAR_SMA_FORCED,82313.40718377
2026-03-31 15:00:00-04:00,SHORT_CALL,SELL_TO_OPEN,633.671733078003,2026-05-02 00:00:00-04:00,2,3.618839294512142,577.14,0.28280000000000005,0.15,0.0,2.0,0.0,L0266,S0380,PMCC_OPEN_BEAR_SMA_FORCED,83035.17504267243
2026-04-01 00:00:00,SMH_SPREAD,CLOSE,353.5,2026-04-10,4,2.163399,391.9700012207031,0.604262,,0.0,5.2,1015.611138,,,SMH_PROFIT_TAKE,84050.78618088423
2026-04-01 00:00:00,SMH_SPREAD,SELL_TO_OPEN,366.0,2026-04-15,4,5.365444,391.9700012207031,0.574783,0.25,0.0,5.2,0.0,,,SMH_ENTRY,84045.58618088423
2026-04-06 00:00:00,SMH_SPREAD,CLOSE,366.0,2026-04-15,4,2.673342,395.9800109863281,0.537195,,0.0,5.2,1066.441097,,,SMH_PROFIT_TAKE,85112.0272776593
2026-04-06 00:00:00,SMH_SPREAD,SELL_TO_OPEN,372.0,2026-04-20,4,5.157692,395.9800109863281,0.52623,0.25,0.0,5.2,0.0,,,SMH_ENTRY,85106.82727765931
2026-04-07 10:00:00-04:00,SHORT_CALL,BUY_TO_CLOSE,633.671733078003,2026-05-02 00:00:00-04:00,3,2.909638438595522,580.02,0.28873600769042973,0.13562248269474264,0.0,3.0,209.76025677498603,L0254,S0378,PMCC_PROFIT_EARLY,84230.93574608065
2026-04-07 10:00:00-04:00,SHORT_CALL,BUY_TO_CLOSE,633.671733078003,2026-05-02 00:00:00-04:00,2,2.909638438595522,580.02,0.28873600769042973,0.13562248269474264,0.0,2.0,139.84017118332406,L0263,S0379,PMCC_PROFIT_EARLY,83647.00805836155
2026-04-07 10:00:00-04:00,SHORT_CALL,BUY_TO_CLOSE,633.671733078003,2026-05-02 00:00:00-04:00,2,2.909638438595522,580.02,0.28873600769042973,0.13562248269474264,0.0,2.0,139.84017118332406,L0266,S0380,PMCC_PROFIT_EARLY,83063.08037064245
2026-04-07 15:00:00-04:00,SHORT_CALL,SELL_TO_OPEN,647.6375985946655,2026-05-09 00:00:00-04:00,3,3.765707213381617,588.69,0.28873600769042973,0.15,0.0,3.0,0.0,L0254,S0381,PMCC_OPEN_BEAR_SMA_FORCED,84189.79253465694
2026-04-07 15:00:00-04:00,SHORT_CALL,SELL_TO_OPEN,647.6375985946655,2026-05-09 00:00:00-04:00,2,3.765707213381617,588.69,0.28873600769042973,0.15,0.0,2.0,0.0,L0263,S0382,PMCC_OPEN_BEAR_SMA_FORCED,84940.93397733326
2026-04-07 15:00:00-04:00,SHORT_CALL,SELL_TO_OPEN,647.6375985946655,2026-05-09 00:00:00-04:00,2,3.765707213381617,588.69,0.28873600769042973,0.15,0.0,2.0,0.0,L0266,S0383,PMCC_OPEN_BEAR_SMA_FORCED,85692.07542000958
2026-04-08 00:00:00,SMH_SPREAD,CLOSE,372.0,2026-04-20,4,2.429022,422.9200134277344,0.634748,,0.0,5.2,1081.067991,,,SMH_PROFIT_TAKE,86773.14341122947
2026-04-08 00:00:00,SMH_SPREAD,SELL_TO_OPEN,394.5,2026-04-22,4,5.620276,422.9200134277344,0.58479,0.25,0.0,5.2,0.0,,,SMH_ENTRY,86767.94341122947
2026-04-09 10:00:00-04:00,SHORT_CALL,BUY_TO_CLOSE,647.6375985946655,2026-05-09 00:00:00-04:00,3,3.0076225575421205,604.98,0.21828799743652344,0.1561649900496518,0.0,3.0,224.4253967518489,L0254,S0381,PMCC_PROFIT_EARLY,85862.65664396684
2026-04-09 10:00:00-04:00,SHORT_CALL,BUY_TO_CLOSE,647.6375985946655,2026-05-09 00:00:00-04:00,2,3.0076225575421205,604.98,0.21828799743652344,0.1561649900496518,0.0,2.0,149.61693116789934,L0263,S0382,PMCC_PROFIT_EARLY,85259.13213245841
2026-04-09 10:00:00-04:00,SHORT_CALL,BUY_TO_CLOSE,647.6375985946655,2026-05-09 00:00:00-04:00,2,3.0076225575421205,604.98,0.21828799743652344,0.1561649900496518,0.0,2.0,149.61693116789934,L0266,S0383,PMCC_PROFIT_EARLY,84655.60762094999
2026-04-09 15:00:00-04:00,SHORT_CALL,SELL_TO_OPEN,655.7306332397461,2026-05-11 00:00:00-04:00,3,2.9768615014400126,610.04,0.21828799743652344,0.15,0.0,3.0,0.0,L0254,S0384,PMCC_OPEN_BEAR_SMA_FORCED,85545.66607138199
2026-04-09 15:00:00-04:00,SHORT_CALL,SELL_TO_OPEN,655.7306332397461,2026-05-11 00:00:00-04:00,2,2.9768615014400126,610.04,0.21828799743652344,0.15,0.0,2.0,0.0,L0263,S0385,PMCC_OPEN_BEAR_SMA_FORCED,86139.03837166999
2026-04-09 15:00:00-04:00,SHORT_CALL,SELL_TO_OPEN,655.7306332397461,2026-05-11 00:00:00-04:00,2,2.9768615014400126,610.04,0.21828799743652344,0.15,0.0,2.0,0.0,L0266,S0386,PMCC_OPEN_BEAR_SMA_FORCED,86732.41067195799
2026-04-13 00:00:00,SMH_SPREAD,CLOSE,394.5,2026-04-22,4,1.57067,443.3399963378906,0.581125,,0.0,5.2,1609.442653,,,SMH_PROFIT_TAKE,88341.85332472879
2026-04-13 10:00:00-04:00,SHORT_CALL,BUY_TO_CLOSE,655.7306332397461,2026-05-11 00:00:00-04:00,3,2.588186228416461,612.71,0.21414400939941408,0.1427950519436983,0.0,3.0,113.60258190706554,L0254,S0384,PMCC_PROFIT_EARLY,87562.39745620385
2026-04-13 10:00:00-04:00,SHORT_CALL,BUY_TO_CLOSE,655.7306332397461,2026-05-11 00:00:00-04:00,2,2.588186228416461,612.71,0.21414400939941408,0.1427950519436983,0.0,2.0,75.73505460471029,L0263,S0385,PMCC_PROFIT_EARLY,87042.76021052056
2026-04-13 10:00:00-04:00,SHORT_CALL,BUY_TO_CLOSE,655.7306332397461,2026-05-11 00:00:00-04:00,2,2.588186228416461,612.71,0.21414400939941408,0.1427950519436983,0.0,2.0,75.73505460471029,L0266,S0386,PMCC_PROFIT_EARLY,86523.12296483727
2026-04-13 15:00:00-04:00,SHORT_CALL,SELL_TO_OPEN,650.2802027130126,2026-05-15 00:00:00-04:00,3,5.075500851271556,617.32,0.21414400939941408,0.23,0.0,3.0,0.0,L0254,S0387,PMCC_OPEN_BULL_MODERATE,88042.77322021873
2026-04-13 15:00:00-04:00,SHORT_CALL,SELL_TO_OPEN,650.2802027130126,2026-05-15 00:00:00-04:00,2,5.075500851271556,617.32,0.21414400939941408,0.23,0.0,2.0,0.0,L0263,S0388,PMCC_OPEN_BULL_MODERATE,89055.87339047305
2026-04-13 15:00:00-04:00,SHORT_CALL,SELL_TO_OPEN,650.2802027130126,2026-05-15 00:00:00-04:00,2,5.075500851271556,617.32,0.21414400939941408,0.23,0.0,2.0,0.0,L0266,S0389,PMCC_OPEN_BULL_MODERATE,90068.97356072736
2026-04-13 00:00:00,SMH_SPREAD,SELL_TO_OPEN,415.5,2026-04-27,4,5.547939,443.3399963378906,0.545691,0.25,0.0,5.2,0.0,,,SMH_ENTRY,90063.77356072736
2026-04-16 10:00:00-04:00,SHORT_CALL,BUY_TO_CLOSE,650.2802027130126,2026-05-15 00:00:00-04:00,3,10.056303207058079,638.36,0.20092800598144533,0.4021821015497222,0.0,3.0,-1497.2407067359566,L0254,S0387,PMCC_STRIKE_GAP,87043.88259860994
2026-04-16 10:00:00-04:00,SHORT_CALL,BUY_TO_CLOSE,650.2802027130126,2026-05-15 00:00:00-04:00,2,10.056303207058079,638.36,0.20092800598144533,0.4021821015497222,0.0,2.0,-998.1604711573045,L0263,S0388,PMCC_STRIKE_GAP,85030.62195719832
2026-04-16 10:00:00-04:00,SHORT_CALL,BUY_TO_CLOSE,650.2802027130126,2026-05-15 00:00:00-04:00,2,10.056303207058079,638.36,0.20092800598144533,0.4021821015497222,0.0,2.0,-998.1604711573045,L0266,S0389,PMCC_STRIKE_GAP,83017.36131578671
2026-04-16 15:00:00-04:00,SHORT_CALL,SELL_TO_OPEN,672.4989031677246,2026-05-18 00:00:00-04:00,3,4.949445954017136,640.41,0.20092800598144533,0.23,0.0,3.0,0.0,L0254,S0390,PMCC_OPEN_BULL_MODERATE,84499.19510199185
2026-04-16 15:00:00-04:00,SHORT_CALL,SELL_TO_OPEN,672.4989031677246,2026-05-18 00:00:00-04:00,2,4.949445954017136,640.41,0.20092800598144533,0.23,0.0,2.0,0.0,L0263,S0391,PMCC_OPEN_BULL_MODERATE,85487.08429279528
2026-04-16 15:00:00-04:00,SHORT_CALL,SELL_TO_OPEN,672.4989031677246,2026-05-18 00:00:00-04:00,2,4.949445954017136,640.41,0.20092800598144533,0.23,0.0,2.0,0.0,L0266,S0392,PMCC_OPEN_BULL_MODERATE,86474.9734835987
2026-04-17 00:00:00,SMH_SPREAD,CLOSE,415.5,2026-04-27,4,2.106817,464.1600036621094,0.576928,,0.0,5.2,1366.049159,,,SMH_PROFIT_TAKE,87841.02264275632
2026-04-17 00:00:00,SMH_SPREAD,SELL_TO_OPEN,435.0,2026-05-01,4,5.655772,464.1600036621094,0.545512,0.25,0.0,5.2,0.0,,,SMH_ENTRY,87835.82264275632
2026-04-22 00:00:00,SMH_SPREAD,CLOSE,435.0,2026-05-01,4,2.348539,476.8299865722656,0.543966,,0.0,5.2,1312.493103,,,SMH_PROFIT_TAKE,89148.31574531583
2026-04-22 00:00:00,SMH_SPREAD,SELL_TO_OPEN,448.0,2026-05-06,4,5.611658,476.8299865722656,0.524307,0.25,0.0,5.2,0.0,,,SMH_ENTRY,89143.11574531584
2026-04-24 00:00:00,SMH_SPREAD,CLOSE,448.0,2026-05-06,4,1.614129,506.44000244140625,0.515745,,0.0,5.2,1588.611751,,,SMH_PROFIT_TAKE,90731.72749638133
2026-04-24 15:00:00-04:00,SHORT_CALL,BUY_TO_CLOSE,672.4989031677246,2026-05-18 00:00:00-04:00,3,11.084879218404808,663.93,0.20955198974609376,0.4333633445367203,0.0,3.0,-1843.6299793163016,L0254,S0390,PMCC_STRIKE_GAP,87403.26373085988
2026-04-24 15:00:00-04:00,SHORT_CALL,BUY_TO_CLOSE,672.4989031677246,2026-05-18 00:00:00-04:00,2,11.084879218404808,663.93,0.20955198974609376,0.4333633445367203,0.0,2.0,-1229.0866528775343,L0263,S0391,PMCC_STRIKE_GAP,85184.28788717891
2026-04-24 15:00:00-04:00,SHORT_CALL,BUY_TO_CLOSE,672.4989031677246,2026-05-18 00:00:00-04:00,2,11.084879218404808,663.93,0.20955198974609376,0.4333633445367203,0.0,2.0,-1229.0866528775343,L0266,S0392,PMCC_STRIKE_GAP,82965.31204349795
2026-04-24 15:00:00-04:00,SHORT_CALL,SELL_TO_OPEN,698.6126836395263,2026-05-26 00:00:00-04:00,3,5.3447703059866,663.93,0.20955198974609376,0.23,0.0,3.0,0.0,L0254,S0393,PMCC_OPEN_BULL_MODERATE,84565.74313529393
2026-04-24 15:00:00-04:00,SHORT_CALL,SELL_TO_OPEN,698.6126836395263,2026-05-26 00:00:00-04:00,2,5.3447703059866,663.93,0.20955198974609376,0.23,0.0,2.0,0.0,L0263,S0394,PMCC_OPEN_BULL_MODERATE,85632.69719649125
2026-04-24 15:00:00-04:00,SHORT_CALL,SELL_TO_OPEN,698.6126836395263,2026-05-26 00:00:00-04:00,2,5.3447703059866,663.93,0.20955198974609376,0.23,0.0,2.0,0.0,L0266,S0395,PMCC_OPEN_BULL_MODERATE,86699.65125768857
2026-04-24 00:00:00,SMH_SPREAD,SELL_TO_OPEN,478.5,2026-05-08,4,5.482178,506.44000244140625,0.476029,0.25,0.0,5.2,0.0,,,SMH_ENTRY,86694.45125768858
2026-04-27 10:00:00-04:00,SHORT_CALL,BUY_TO_CLOSE,698.6126836395263,2026-05-26 00:00:00-04:00,3,3.9804482458252863,662.38,0.20182400512695314,0.19556196346260163,0.0,3.0,406.2966180483943,L0254,S0393,PMCC_PROFIT_EARLY,85497.31678394099
2026-04-27 10:00:00-04:00,SHORT_CALL,BUY_TO_CLOSE,698.6126836395263,2026-05-26 00:00:00-04:00,2,3.9804482458252863,662.38,0.20182400512695314,0.19556196346260163,0.0,2.0,270.86441203226275,L0263,S0394,PMCC_PROFIT_EARLY,84699.22713477592
2026-04-27 10:00:00-04:00,SHORT_CALL,BUY_TO_CLOSE,698.6126836395263,2026-05-26 00:00:00-04:00,2,3.9804482458252863,662.38,0.20182400512695314,0.19556196346260163,0.0,2.0,270.86441203226275,L0266,S0395,PMCC_PROFIT_EARLY,83901.13748561086
2026-04-27 15:00:00-04:00,SHORT_CALL,SELL_TO_OPEN,697.6987493896485,2026-05-29 00:00:00-04:00,3,5.156535443377777,664.28,0.20182400512695314,0.23,0.0,3.0,0.0,L0254,S0396,PMCC_OPEN_BULL_MODERATE,85445.0981186242
2026-04-27 15:00:00-04:00,SHORT_CALL,SELL_TO_OPEN,697.6987493896485,2026-05-29 00:00:00-04:00,2,5.156535443377777,664.28,0.20182400512695314,0.23,0.0,2.0,0.0,L0263,S0397,PMCC_OPEN_BULL_MODERATE,86474.40520729976
2026-04-27 15:00:00-04:00,SHORT_CALL,SELL_TO_OPEN,697.6987493896485,2026-05-29 00:00:00-04:00,2,5.156535443377777,664.28,0.20182400512695314,0.23,0.0,2.0,0.0,L0266,S0398,PMCC_OPEN_BULL_MODERATE,87503.71229597532
2026-04-28 10:00:00-04:00,SHORT_CALL,BUY_TO_CLOSE,697.6987493896485,2026-05-29 00:00:00-04:00,3,3.1963155389771742,655.77,0.19969599914550784,0.16269076318908782,0.0,3.0,585.0659713201808,L0254,S0396,PMCC_PROFIT_EARLY,86541.81763428217
2026-04-28 10:00:00-04:00,SHORT_CALL,BUY_TO_CLOSE,697.6987493896485,2026-05-29 00:00:00-04:00,2,3.1963155389771742,655.77,0.19969599914550784,0.16269076318908782,0.0,2.0,390.04398088012056,L0263,S0397,PMCC_PROFIT_EARLY,85900.55452648674
2026-04-28 10:00:00-04:00,SHORT_CALL,BUY_TO_CLOSE,697.6987493896485,2026-05-29 00:00:00-04:00,2,3.1963155389771742,655.77,0.19969599914550784,0.16269076318908782,0.0,2.0,390.04398088012056,L0266,S0398,PMCC_PROFIT_EARLY,85259.29141869131
2026-04-28 15:00:00-04:00,SHORT_CALL,SELL_TO_OPEN,690.3062719917295,2026-05-30 00:00:00-04:00,3,5.0516504399296025,657.57,0.19969599914550784,0.23,0.0,3.0,0.0,L0254,S0399,PMCC_OPEN_BULL_MODERATE,86771.7865506702
2026-04-28 15:00:00-04:00,SHORT_CALL,SELL_TO_OPEN,690.3062719917295,2026-05-30 00:00:00-04:00,2,5.0516504399296025,657.57,0.19969599914550784,0.23,0.0,2.0,0.0,L0263,S0400,PMCC_OPEN_BULL_MODERATE,87780.11663865611
2026-04-28 15:00:00-04:00,SHORT_CALL,SELL_TO_OPEN,690.3062719917295,2026-05-30 00:00:00-04:00,2,5.0516504399296025,657.57,0.19969599914550784,0.23,0.0,2.0,0.0,L0266,S0401,PMCC_OPEN_BULL_MODERATE,88788.44672664203
2026-04-30 00:00:00,SMH_SPREAD,CLOSE,478.5,2026-05-08,4,2.255316,506.7200012207031,0.395931,,0.0,5.2,1280.344969,,,SMH_PROFIT_TAKE,90068.79169555374
2026-04-30 00:00:00,SMH_SPREAD,SELL_TO_OPEN,483.5,2026-05-14,4,4.892582,506.7200012207031,0.390522,0.25,0.0,5.2,0.0,,,SMH_ENTRY,90063.59169555374
2026-05-05 00:00:00,SMH_SPREAD,CLOSE,483.5,2026-05-14,4,1.749149,522.6900024414062,0.423975,,0.0,5.2,1246.973433,,,SMH_PROFIT_TAKE,91310.5651282711
2026-05-05 10:00:00-04:00,SHORT_CALL,BUY_TO_CLOSE,690.3062719917295,2026-05-30 00:00:00-04:00,3,10.244582029502851,680.53,0.19465599060058594,0.4183521137317401,0.0,3.0,-1560.8794768719745,L0254,S0399,PMCC_STRIKE_GAP,88234.19051942026
2026-05-05 10:00:00-04:00,SHORT_CALL,BUY_TO_CLOSE,690.3062719917295,2026-05-30 00:00:00-04:00,2,10.244582029502851,680.53,0.19465599060058594,0.4183521137317401,0.0,2.0,-1040.5863179146497,L0263,S0400,PMCC_STRIKE_GAP,86183.27411351968
2026-05-05 10:00:00-04:00,SHORT_CALL,BUY_TO_CLOSE,690.3062719917295,2026-05-30 00:00:00-04:00,2,10.244582029502851,680.53,0.19465599060058594,0.4183521137317401,0.0,2.0,-1040.5863179146497,L0266,S0401,PMCC_STRIKE_GAP,84132.35770761911
2026-05-05 00:00:00,SMH_SPREAD,SELL_TO_OPEN,497.5,2026-05-19,4,5.072252,522.6900024414062,0.408663,0.25,0.0,5.2,0.0,,,SMH_ENTRY,84127.15770761912
2026-05-06 00:00:00,SMH_SPREAD,CLOSE,497.5,2026-05-19,4,1.692162,549.760009765625,0.420424,,0.0,5.2,1341.635752,,,SMH_PROFIT_TAKE,85468.79345972248
2026-05-06 00:00:00,SMH_SPREAD,SELL_TO_OPEN,524.5,2026-05-20,4,5.142508,549.760009765625,0.393318,0.25,0.0,5.2,0.0,,,SMH_ENTRY,85463.59345972248
2026-05-11 00:00:00,SMH_SPREAD,CLOSE,524.5,2026-05-20,4,1.772584,576.3099975585938,0.483236,,0.0,5.2,1337.569421,,,SMH_PROFIT_TAKE,86801.16288030634
2026-05-11 00:00:00,SMH_SPREAD,SELL_TO_OPEN,545.5,2026-05-25,4,5.686399,576.3099975585938,0.459962,0.25,0.0,5.2,0.0,,,SMH_ENTRY,86795.96288030634
2026-05-22 00:00:00,SMH_SPREAD,CLOSE,545.5,2026-05-25,4,1.638655,576.3200073242188,0.536169,,0.0,5.2,1608.697839,,,SMH_PROFIT_TAKE,88404.66071898479
2026-05-22 00:00:00,SMH_SPREAD,SELL_TO_OPEN,540.5,2026-06-05,4,6.162289,576.3200073242188,0.542629,0.25,0.0,5.2,0.0,,,SMH_ENTRY,88399.46071898479
2026-05-26 00:00:00,SMH_SPREAD,CLOSE,540.5,2026-06-05,4,3.040748,602.1400146484375,0.618951,,0.0,5.2,1238.216379,,,SMH_PROFIT_TAKE,89637.67709758002
2026-05-26 00:00:00,SMH_SPREAD,SELL_TO_OPEN,562.0,2026-06-09,4,6.455824,602.1400146484375,0.58536,0.25,0.0,5.2,0.0,,,SMH_ENTRY,89632.47709758002
2026-06-02 00:00:00,SMH_SPREAD,CLOSE,562.0,2026-06-09,4,1.531519,632.2100219726562,0.616948,,0.0,5.2,1959.322289,,,SMH_PROFIT_TAKE,91591.79938679986
2026-06-02 00:00:00,SMH_SPREAD,SELL_TO_OPEN,590.5,2026-06-16,4,6.472266,632.2100219726562,0.575226,0.25,0.0,5.2,0.0,,,SMH_ENTRY,91586.59938679986
2026-06-05 00:00:00,SMH_SPREAD,CLOSE,590.5,2026-06-16,4,16.574794,569.6900024414062,0.644347,,0.0,5.2,-4051.410838,,,SMH_GAP_SLIP,87535.18854888834
2026-06-05 10:00:00-04:00,LEAPS,SELL_TO_CLOSE,470.5605570526123,2026-09-02 00:00:00-04:00,3,259.2624664599587,725.66,0.2886642030715943,0.9992432761868607,0.0,3.0,40045.568395458795,L0254,,"ADAPTIVE_GAMMA_ROLL(dte=89,d=1.00)",165310.92848687596
2026-06-05 00:00:00,SMH_SPREAD,SELL_TO_OPEN,523.0,2026-06-19,4,7.010332,569.6900024414062,0.739403,0.25,0.0,5.2,0.0,,,SMH_ENTRY,165305.72848687595
2026-06-09 15:00:00-04:00,SHORT_CALL,SELL_TO_OPEN,747.1873441772461,2026-07-11 00:00:00-04:00,2,6.041311899052147,707.88,0.22254400939941407,0.23,0.0,2.0,0.0,L0263,S0402,PMCC_OPEN_BULL_MODERATE,166511.99086668636
2026-06-09 15:00:00-04:00,SHORT_CALL,SELL_TO_OPEN,747.1873441772461,2026-07-11 00:00:00-04:00,2,6.041311899052147,707.88,0.22254400939941407,0.23,0.0,2.0,0.0,L0266,S0403,PMCC_OPEN_BULL_MODERATE,167718.25324649678
2026-06-10 15:00:00-04:00,SHORT_CALL,BUY_TO_CLOSE,747.1873441772461,2026-07-11 00:00:00-04:00,2,4.501609737690345,693.73,0.2488639923095703,0.1724058072942633,0.0,2.0,305.94043227236045,L0263,S0402,PMCC_PROFIT_EARLY,166815.93129895872
2026-06-10 15:00:00-04:00,SHORT_CALL,BUY_TO_CLOSE,747.1873441772461,2026-07-11 00:00:00-04:00,2,4.501609737690345,693.73,0.2488639923095703,0.1724058072942633,0.0,2.0,305.94043227236045,L0266,S0403,PMCC_PROFIT_EARLY,165913.60935142066
2026-06-10 15:00:00-04:00,SHORT_CALL,SELL_TO_OPEN,736.8830313301087,2026-07-12 00:00:00-04:00,2,6.595634467881069,693.73,0.2488639923095703,0.23,0.0,2.0,0.0,L0263,S0404,PMCC_OPEN_BULL_MODERATE,167230.73624499686
2026-06-10 15:00:00-04:00,SHORT_CALL,SELL_TO_OPEN,736.8830313301087,2026-07-12 00:00:00-04:00,2,6.595634467881069,693.73,0.2488639923095703,0.23,0.0,2.0,0.0,L0266,S0405,PMCC_OPEN_BULL_MODERATE,168547.86313857307
2026-06-11 00:00:00,SMH_SPREAD,CLOSE,523.0,2026-06-19,4,2.877499,609.4500122070312,0.895089,,0.0,5.2,1642.733155,,,SMH_PROFIT_TAKE,170190.59629358
2026-06-11 10:00:00-04:00,SHORT_CALL,BUY_TO_CLOSE,736.8830313301087,2026-07-12 00:00:00-04:00,2,5.135055591834657,696.75,0.21772800598144532,0.21116972286151492,0.0,2.0,290.11577520928245,L0263,S0404,PMCC_PROFIT_EARLY,169161.58517521305
2026-06-11 10:00:00-04:00,SHORT_CALL,BUY_TO_CLOSE,736.8830313301087,2026-07-12 00:00:00-04:00,2,5.135055591834657,696.75,0.21772800598144532,0.21116972286151492,0.0,2.0,290.11577520928245,L0266,S0405,PMCC_PROFIT_EARLY,168132.57405684612
2026-06-11 15:00:00-04:00,SHORT_CALL,SELL_TO_OPEN,755.350838531494,2026-07-13 00:00:00-04:00,2,5.98558136898248,716.44,0.21772800598144532,0.23,0.0,2.0,0.0,L0263,S0406,PMCC_OPEN_BULL_MODERATE,169327.69033064262
2026-06-11 15:00:00-04:00,SHORT_CALL,SELL_TO_OPEN,755.350838531494,2026-07-13 00:00:00-04:00,2,5.98558136898248,716.44,0.21772800598144532,0.23,0.0,2.0,0.0,L0266,S0407,PMCC_OPEN_BULL_MODERATE,170522.80660443913
2026-06-11 00:00:00,SMH_SPREAD,SELL_TO_OPEN,554.5,2026-06-25,4,7.465553,609.4500122070312,0.828753,0.25,0.0,5.2,0.0,,,SMH_ENTRY,170517.60660443912
2026-06-15 00:00:00,SMH_SPREAD,CLOSE,554.5,2026-06-25,4,3.667225,647.0999755859375,0.889354,,0.0,5.2,1508.931166,,,SMH_PROFIT_TAKE,172026.53777000526
2026-06-15 15:00:00-04:00,SHORT_CALL,BUY_TO_CLOSE,755.350838531494,2026-07-13 00:00:00-04:00,2,10.764519207128899,743.84,0.1814400085449219,0.41090298866383557,0.0,2.0,-957.7875676292838,L0263,S0406,PMCC_STRIKE_GAP,169871.63392857948
2026-06-15 15:00:00-04:00,SHORT_CALL,BUY_TO_CLOSE,755.350838531494,2026-07-13 00:00:00-04:00,2,10.764519207128899,743.84,0.1814400085449219,0.41090298866383557,0.0,2.0,-957.7875676292838,L0266,S0407,PMCC_STRIKE_GAP,167716.7300871537
2026-06-15 00:00:00,SMH_SPREAD,SELL_TO_OPEN,589.0,2026-06-29,4,7.51304,647.0999755859375,0.821487,0.25,0.0,5.2,0.0,,,SMH_ENTRY,167711.5300871537
2026-06-29 00:00:00,SMH_SPREAD,CLOSE,589.0,2026-06-29,4,0.0,631.97998046875,0.961607,,0.0,5.2,2994.816082,,,SMH_EXPIRY,170706.34616908402
2026-06-29 00:00:00,SMH_SPREAD,SELL_TO_OPEN,564.0,2026-07-13,4,8.124577,631.97998046875,1.02261,0.25,0.0,5.2,0.0,,,SMH_ENTRY,170701.146169084
2026-07-10 00:00:00,SMH_SPREAD,CLOSE,564.0,2026-07-13,4,3.149936,611.030029296875,0.900005,,0.0,5.2,1979.456449,,,SMH_PROFIT_TAKE,172680.6026182668
2026-07-10 00:00:00,SMH_SPREAD,SELL_TO_OPEN,550.0,2026-07-24,4,7.793526,611.030029296875,0.932606,0.25,0.0,5.2,0.0,,,SMH_ENTRY,172675.4026182668
2026-07-17 15:00:00-04:00,SHORT_CALL,SELL_TO_OPEN,731.8110479354857,2026-08-18 00:00:00-04:00,2,5.614743538717221,695.3,0.21022400512695313,0.23,0.0,2.0,0.0,L0263,S0408,PMCC_OPEN_BULL_MODERATE,173796.35132601022
2026-07-17 15:00:00-04:00,SHORT_CALL,SELL_TO_OPEN,731.8110479354857,2026-08-18 00:00:00-04:00,2,5.614743538717221,695.3,0.21022400512695313,0.23,0.0,2.0,0.0,L0266,S0409,PMCC_OPEN_BULL_MODERATE,174917.30003375365
2026-07-20 15:00:00-04:00,SHORT_CALL,BUY_TO_CLOSE,731.8110479354857,2026-08-18 00:00:00-04:00,2,5.021022844501715,695.99,0.20887999572753913,0.2197724249822548,0.0,2.0,116.74413884310115,L0263,S0408,PMCC_PROFIT_EARLY,173911.0954648533
2026-07-20 15:00:00-04:00,SHORT_CALL,BUY_TO_CLOSE,731.8110479354857,2026-08-18 00:00:00-04:00,2,5.021022844501715,695.99,0.20887999572753913,0.2197724249822548,0.0,2.0,116.74413884310115,L0266,S0409,PMCC_PROFIT_EARLY,172904.89089595297
2026-07-20 15:00:00-04:00,SHORT_CALL,SELL_TO_OPEN,732.3007209625243,2026-08-21 00:00:00-04:00,2,5.585835811360283,695.99,0.20887999572753913,0.23,0.0,2.0,0.0,L0263,S0410,PMCC_OPEN_BULL_MODERATE,174020.05805822503
2026-07-20 15:00:00-04:00,SHORT_CALL,SELL_TO_OPEN,732.3007209625243,2026-08-21 00:00:00-04:00,2,5.585835811360283,695.99,0.20887999572753913,0.23,0.0,2.0,0.0,L0266,S0411,PMCC_OPEN_BULL_MODERATE,175135.2252204971
2026-07-21 00:00:00,SMH_SPREAD,CLOSE,550.0,2026-07-24,4,3.479515,584.0800170898438,0.77121,,0.0,5.2,1715.204464,,,SMH_PROFIT_TAKE,176850.42968440423
2026-07-21 00:00:00,SMH_SPREAD,SELL_TO_OPEN,532.5,2026-08-04,4,7.327356,584.0800170898438,0.808849,0.25,0.0,5.2,0.0,,,SMH_ENTRY,176845.2296844042
2026-07-23 10:00:00-04:00,SHORT_CALL,BUY_TO_CLOSE,732.3007209625243,2026-08-21 00:00:00-04:00,2,4.106782785767507,691.75,0.2094400085449219,0.1882676082932382,0.0,2.0,293.81060511855526,L0263,S0410,PMCC_PROFIT_EARLY,176021.8731272507
2026-07-23 10:00:00-04:00,SHORT_CALL,BUY_TO_CLOSE,732.3007209625243,2026-08-21 00:00:00-04:00,2,4.106782785767507,691.75,0.2094400085449219,0.1882676082932382,0.0,2.0,293.81060511855526,L0266,S0411,PMCC_PROFIT_EARLY,175198.51657009718
2026-07-23 15:00:00-04:00,SHORT_CALL,SELL_TO_OPEN,728.2488357620239,2026-08-24 00:00:00-04:00,2,5.568292376515586,691.99,0.2094400085449219,0.23,0.0,2.0,0.0,L0263,S0412,PMCC_OPEN_BULL_MODERATE,176310.1750454003
2026-07-23 15:00:00-04:00,SHORT_CALL,SELL_TO_OPEN,728.2488357620239,2026-08-24 00:00:00-04:00,2,5.568292376515586,691.99,0.2094400085449219,0.23,0.0,2.0,0.0,L0266,S0413,PMCC_OPEN_BULL_MODERATE,177421.83352070343
2026-07-24 10:00:00-04:00,SHORT_CALL,BUY_TO_CLOSE,728.2488357620239,2026-08-24 00:00:00-04:00,2,4.4844461667802875,688.28,0.20809599914550778,0.1984525293633299,0.0,2.0,214.76924194705975,L0263,S0412,PMCC_PROFIT_EARLY,176522.94428734737
2026-07-24 10:00:00-04:00,SHORT_CALL,BUY_TO_CLOSE,728.2488357620239,2026-08-24 00:00:00-04:00,2,4.4844461667802875,688.28,0.20809599914550778,0.1984525293633299,0.0,2.0,214.76924194705975,L0266,S0413,PMCC_PROFIT_EARLY,175624.05505399132
2026-07-24 15:00:00-04:00,SHORT_CALL,SELL_TO_OPEN,719.8372373199461,2026-08-25 00:00:00-04:00,2,5.4709188395574415,684.21,0.20809599914550778,0.23,0.0,2.0,0.0,L0263,S0414,PMCC_OPEN_BULL_MODERATE,176716.2388219028
2026-07-24 15:00:00-04:00,SHORT_CALL,SELL_TO_OPEN,719.8372373199461,2026-08-25 00:00:00-04:00,2,5.4709188395574415,684.21,0.20809599914550778,0.23,0.0,2.0,0.0,L0266,S0415,PMCC_OPEN_BULL_MODERATE,177808.4225898143
2026-07-27 10:00:00-04:00,SHORT_CALL,BUY_TO_CLOSE,719.8372373199461,2026-08-25 00:00:00-04:00,2,4.307317275215752,681.47,0.2091040008544922,0.19804218462935563,0.0,2.0,230.72031286833794,L0263,S0414,PMCC_PROFIT_EARLY,176944.95913477114
2026-07-27 10:00:00-04:00,SHORT_CALL,BUY_TO_CLOSE,719.8372373199461,2026-08-25 00:00:00-04:00,2,4.307317275215752,681.47,0.2091040008544922,0.19804218462935563,0.0,2.0,230.72031286833794,L0266,S0415,PMCC_PROFIT_EARLY,176081.495679728
2026-07-27 15:00:00-04:00,SHORT_CALL,SELL_TO_OPEN,717.7412836761473,2026-08-28 00:00:00-04:00,2,5.47945779207771,682.06,0.2091040008544922,0.23,0.0,2.0,0.0,L0263,S0416,PMCC_OPEN_BULL_MODERATE,177175.38723814354
2026-07-27 15:00:00-04:00,SHORT_CALL,SELL_TO_OPEN,717.7412836761473,2026-08-28 00:00:00-04:00,2,5.47945779207771,682.06,0.2091040008544922,0.23,0.0,2.0,0.0,L0266,S0417,PMCC_OPEN_BULL_MODERATE,178269.27879655908
2026-07-28 10:00:00-04:00,SHORT_CALL,BUY_TO_CLOSE,717.7412836761473,2026-08-28 00:00:00-04:00,2,3.199852720647854,672.69,0.20395198974609377,0.1569232733571227,0.0,2.0,453.9210142859712,L0263,S0416,PMCC_PROFIT_EARLY,177627.3082524295
2026-07-28 10:00:00-04:00,SHORT_CALL,BUY_TO_CLOSE,717.7412836761473,2026-08-28 00:00:00-04:00,2,3.199852720647854,672.69,0.20395198974609377,0.1569232733571227,0.0,2.0,453.9210142859712,L0266,S0417,PMCC_PROFIT_EARLY,176985.33770829992
2026-07-28 15:00:00-04:00,LEAPS,BUY_TO_OPEN,581.2018526458739,2028-01-18 23:00:00-05:00,4,151.78196872931284,675.51,0.24437818771362305,0.8000070194260249,0.0,4.0,0.0,L0418,,ENTRY_BULL_MODERATE,104268.55021657479
2026-07-28 15:00:00-04:00,SHORT_CALL,SELL_TO_OPEN,709.9585774383545,2026-08-29 00:00:00-04:00,2,5.297007975736477,675.51,0.20395198974609377,0.23,0.0,2.0,0.0,L0263,S0419,PMCC_OPEN_BULL_MODERATE,117325.95181172209
2026-07-28 15:00:00-04:00,SHORT_CALL,SELL_TO_OPEN,709.9585774383545,2026-08-29 00:00:00-04:00,2,5.297007975736477,675.51,0.20395198974609377,0.23,0.0,2.0,0.0,L0266,S0420,PMCC_OPEN_BULL_MODERATE,118383.35340686938
2026-07-28 15:00:00-04:00,SHORT_CALL,SELL_TO_OPEN,709.9585774383545,2026-08-29 00:00:00-04:00,4,5.297007975736477,675.51,0.20395198974609377,0.23,0.0,4.0,0.0,L0418,S0421,PMCC_OPEN_BULL_MODERATE,120498.15659716398
2026-07-29 00:00:00,SMH_SPREAD,CLOSE,532.5,2026-08-04,4,19.265127,504.2200012207031,0.582905,,0.0,5.2,-4785.508441,,,SMH_GAP_SLIP,115712.64815634259
2026-07-29 15:00:00-04:00,SHORT_CALL,BUY_TO_CLOSE,709.9585774383545,2026-08-29 00:00:00-04:00,2,3.831069236684783,661.53,0.23139199829101564,0.1665440399242547,0.0,2.0,291.1877478103388,L0263,S0419,PMCC_PROFIT_EARLY,114944.43430900564
2026-07-29 15:00:00-04:00,SHORT_CALL,BUY_TO_CLOSE,709.9585774383545,2026-08-29 00:00:00-04:00,2,3.831069236684783,661.53,0.23139199829101564,0.1665440399242547,0.0,2.0,291.1877478103388,L0266,S0420,PMCC_PROFIT_EARLY,114176.22046166868
2026-07-29 15:00:00-04:00,SHORT_CALL,BUY_TO_CLOSE,709.9585774383545,2026-08-29 00:00:00-04:00,4,3.831069236684783,661.53,0.23139199829101564,0.1665440399242547,0.0,4.0,582.3754956206776,L0418,S0421,PMCC_PROFIT_EARLY,112639.79276699477
2026-07-29 15:00:00-04:00,SHORT_CALL,SELL_TO_OPEN,699.7542624778747,2026-08-30 00:00:00-04:00,2,5.862749877372522,661.53,0.23139199829101564,0.23,0.0,2.0,0.0,L0263,S0422,PMCC_OPEN_BULL_MODERATE,113810.34274246928
2026-07-29 15:00:00-04:00,SHORT_CALL,SELL_TO_OPEN,699.7542624778747,2026-08-30 00:00:00-04:00,2,5.862749877372522,661.53,0.23139199829101564,0.23,0.0,2.0,0.0,L0266,S0423,PMCC_OPEN_BULL_MODERATE,114980.89271794379
2026-07-29 15:00:00-04:00,SHORT_CALL,SELL_TO_OPEN,699.7542624778747,2026-08-30 00:00:00-04:00,4,5.862749877372522,661.53,0.23139199829101564,0.23,0.0,4.0,0.0,L0418,S0424,PMCC_OPEN_BULL_MODERATE,117321.9926688928
2026-07-29 00:00:00,SMH_SPREAD,SELL_TO_OPEN,466.5,2026-08-12,4,6.41217,504.2200012207031,0.661396,0.25,0.0,5.2,0.0,,,SMH_ENTRY,117316.7926688928
2026-07-31 15:00:00-04:00,SHORT_CALL,BUY_TO_CLOSE,699.7542624778747,2026-08-30 00:00:00-04:00,2,9.855030188947865,687.92,0.17908799743652346,0.40222340392478345,0.0,2.0,-800.4560623150685,L0263,S0422,PMCC_STRIKE_GAP,115343.78663110323
2026-07-31 15:00:00-04:00,SHORT_CALL,BUY_TO_CLOSE,699.7542624778747,2026-08-30 00:00:00-04:00,2,9.855030188947865,687.92,0.17908799743652346,0.40222340392478345,0.0,2.0,-800.4560623150685,L0266,S0423,PMCC_STRIKE_GAP,113370.78059331366
2026-07-31 15:00:00-04:00,SHORT_CALL,BUY_TO_CLOSE,699.7542624778747,2026-08-30 00:00:00-04:00,4,9.855030188947865,687.92,0.17908799743652346,0.40222340392478345,0.0,4.0,-1600.912124630137,L0418,S0424,PMCC_STRIKE_GAP,109424.76851773451
2026-08-03 00:00:00,SMH_SPREAD,CLOSE,466.5,2026-08-12,4,2.126399,545.4600219726562,0.782562,,0.0,5.2,1703.908227,,,SMH_PROFIT_TAKE,111128.6767446606
2026-08-03 00:00:00,SMH_SPREAD,SELL_TO_OPEN,502.5,2026-08-17,4,6.825277,545.4600219726562,0.708811,0.25,0.0,5.2,0.0,,,SMH_ENTRY,111123.4767446606
2026-08-07 00:00:00,SMH_SPREAD,CLOSE,502.5,2026-08-17,4,3.053185,582.7000122070312,0.804645,,0.0,5.2,1498.436658,,,SMH_PROFIT_TAKE,112621.9134025237
2026-08-07 00:00:00,SMH_SPREAD,SELL_TO_OPEN,535.0,2026-08-21,4,7.062401,582.7000122070312,0.739902,0.25,0.0,5.2,0.0,,,SMH_ENTRY,112616.7134025237
2026-08-14 00:00:00,SMH_SPREAD,CLOSE,535.0,2026-08-21,4,3.19533,587.8200073242188,0.680051,,0.0,5.2,1536.428469,,,SMH_PROFIT_TAKE,114153.14187146624
2026-08-14 00:00:00,SMH_SPREAD,SELL_TO_OPEN,544.0,2026-08-28,4,6.764081,587.8200073242188,0.663919,0.25,0.0,5.2,0.0,,,SMH_ENTRY,114147.94187146625
